timestamp,temperature,ph,salinity,oxygen,turbidity,is_anomaly,anomaly_type
2026-08-27T22:23:19.202838,3.11,8.09,34.66,5.97,0.39,0,None
2026-08-27T22:33:19.202838,3.2,8.02,34.54,5.06,0.27,0,None
2026-08-27T22:43:19.202838,2.29,7.89,34.53,4.5,0.78,0,None
2026-08-27T22:53:19.202838,3.46,7.89,34.5,4.31,0.53,0,None
2026-08-27T23:03:19.202838,2.34,7.92,34.57,5.56,0.49,0,None
2026-08-27T23:13:19.202838,2.73,7.8,34.81,5.66,0.51,0,None
2026-08-27T23:23:19.202838,2.37,7.88,34.53,4.69,0.82,0,None
2026-08-27T23:33:19.202838,2.72,7.94,34.2,5.57,0.49,0,None
2026-08-27T23:43:19.202838,2.69,6.7,34.86,2.03,8.66,1,Chemical Leak
2026-08-27T23:53:19.202838,3.05,8.05,34.46,4.45,0.27,0,None
2026-08-28T00:03:19.202838,3.76,7.99,34.31,4.15,0.89,0,None
2026-08-28T00:13:19.202838,2.41,8.0,34.33,4.8,0.28,0,None
2026-08-28T00:23:19.202838,3.35,7.98,34.45,5.66,1.0,0,None
2026-08-28T00:33:19.202838,3.5,7.91,34.48,4.17,0.9,0,None
2026-08-28T00:43:19.202838,3.35,8.02,34.09,4.99,0.38,0,None
2026-08-28T00:53:19.202838,2.08,7.81,34.81,4.3,0.9,0,None
2026-08-28T01:03:19.202838,2.06,7.91,34.92,4.41,0.43,0,None
2026-08-28T01:13:19.202838,2.73,8.09,34.55,4.97,0.24,0,None
2026-08-28T01:23:19.202838,2.67,7.81,34.89,4.56,0.96,0,None
2026-08-28T01:33:19.202838,3.84,7.93,34.15,5.89,0.3,0,None
2026-08-28T01:43:19.202838,2.78,8.04,34.55,4.64,0.2,0,None
2026-08-28T01:53:19.202838,3.93,8.08,34.5,4.63,0.99,0,None
2026-08-28T02:03:19.202838,3.18,7.96,34.82,5.93,0.27,0,None
2026-08-28T02:13:19.202838,3.6,7.84,34.8,5.61,0.23,0,None
2026-08-28T02:23:19.202838,3.35,7.97,34.02,5.06,0.28,0,None
2026-08-28T02:33:19.202838,3.72,7.96,34.44,4.35,0.85,0,None
2026-08-28T02:43:19.202838,3.46,7.86,34.89,5.38,0.8,0,None
2026-08-28T02:53:19.202838,3.07,7.98,34.89,5.59,0.71,0,None
2026-08-28T03:03:19.202838,2.84,8.06,34.39,4.26,0.27,0,None
2026-08-28T03:13:19.202838,3.95,8.1,34.71,4.15,0.11,0,None
2026-08-28T03:23:19.202838,2.29,8.01,34.91,5.02,0.59,0,None
2026-08-28T03:33:19.202838,2.35,8.09,34.77,5.23,0.41,0,None
2026-08-28T03:43:19.202838,3.72,8.07,34.71,4.67,0.2,0,None
2026-08-28T03:53:19.202838,3.88,7.93,34.23,4.97,0.22,0,None
2026-08-28T04:03:19.202838,2.12,7.95,34.56,5.92,0.93,0,None
2026-08-28T04:13:19.202838,3.86,7.87,34.05,5.07,0.81,0,None
2026-08-28T04:23:19.202838,3.23,7.93,34.56,5.96,0.98,0,None
2026-08-28T04:33:19.202838,2.72,8.0,34.03,4.82,0.22,0,None
2026-08-28T04:43:19.202838,3.0,6.35,34.35,1.97,6.74,1,Chemical Leak
2026-08-28T04:53:19.202838,2.28,7.91,34.51,5.16,0.19,0,None
2026-08-28T05:03:19.202838,2.73,8.0,34.94,4.32,0.29,0,None
2026-08-28T05:13:19.202838,2.88,7.84,34.21,5.55,0.76,0,None
2026-08-28T05:23:19.202838,2.16,7.9,34.33,4.85,0.59,0,None
2026-08-28T05:33:19.202838,3.59,7.99,34.23,5.66,0.23,0,None
2026-08-28T05:43:19.202838,2.96,7.81,34.33,5.52,0.82,0,None
2026-08-28T05:53:19.202838,2.37,8.08,34.72,4.93,0.57,0,None
2026-08-28T06:03:19.202838,3.67,7.98,34.87,4.11,0.38,0,None
2026-08-28T06:13:19.202838,3.02,7.89,34.2,4.33,0.4,0,None
2026-08-28T06:23:19.202838,2.99,7.84,34.96,4.19,0.89,0,None
2026-08-28T06:33:19.202838,2.5,7.84,34.41,4.22,0.46,0,None
2026-08-28T06:43:19.202838,2.63,7.96,34.94,4.59,0.92,0,None
2026-08-28T06:53:19.202838,3.54,8.03,34.95,5.76,0.44,0,None
2026-08-28T07:03:19.202838,3.3,7.81,34.62,5.02,0.34,0,None
2026-08-28T07:13:19.202838,3.81,7.81,34.01,5.88,0.46,0,None
2026-08-28T07:23:19.202838,3.15,7.96,34.26,5.75,0.81,0,None
2026-08-28T07:33:19.202838,3.75,7.81,34.84,5.09,0.25,0,None
2026-08-28T07:43:19.202838,2.54,7.97,34.37,5.1,0.72,0,None
2026-08-28T07:53:19.202838,3.37,7.88,34.99,4.11,0.67,0,None
2026-08-28T08:03:19.202838,2.19,7.86,34.44,5.01,0.9,0,None
2026-08-28T08:13:19.202838,3.62,8.0,34.31,5.58,0.4,0,None
2026-08-28T08:23:19.202838,2.61,8.05,34.28,5.73,0.23,0,None
2026-08-28T08:33:19.202838,3.43,7.8,34.51,5.02,0.66,0,None
2026-08-28T08:43:19.202838,2.77,8.07,34.16,4.92,0.69,0,None
2026-08-28T08:53:19.202838,2.9,8.05,34.99,4.55,0.72,0,None
2026-08-28T09:03:19.202838,2.24,8.0,34.77,4.67,0.52,0,None
2026-08-28T09:13:19.202838,3.72,8.05,34.47,4.52,0.69,0,None
2026-08-28T09:23:19.202838,2.57,7.89,34.36,4.09,0.18,0,None
2026-08-28T09:33:19.202838,3.49,7.94,34.7,5.38,0.37,0,None
2026-08-28T09:43:19.202838,2.59,7.93,34.71,4.55,0.4,0,None
2026-08-28T09:53:19.202838,3.39,7.9,34.43,4.18,0.3,0,None
2026-08-28T10:03:19.202838,2.47,7.83,34.18,4.64,0.68,0,None
2026-08-28T10:13:19.202838,3.12,7.94,34.37,5.19,0.29,0,None
2026-08-28T10:23:19.202838,3.11,7.83,34.86,5.56,0.11,0,None
2026-08-28T10:33:19.202838,4.0,7.94,34.72,4.96,0.1,0,None
2026-08-28T10:43:19.202838,3.57,7.81,34.45,4.65,0.98,0,None
2026-08-28T10:53:19.202838,3.34,7.84,34.27,4.4,0.86,0,None
2026-08-28T11:03:19.202838,3.95,8.03,34.29,5.71,0.77,0,None
2026-08-28T11:13:19.202838,3.69,8.07,34.17,4.08,0.51,0,None
2026-08-28T11:23:19.202838,2.97,7.05,34.59,1.95,10.39,1,Chemical Leak
2026-08-28T11:33:19.202838,2.14,8.0,34.77,4.59,0.13,0,None
2026-08-28T11:43:19.202838,3.35,7.87,34.44,4.95,0.4,0,None
2026-08-28T11:53:19.202838,2.44,7.92,34.31,5.43,0.71,0,None
2026-08-28T12:03:19.202838,2.99,7.94,34.92,5.57,0.87,0,None
2026-08-28T12:13:19.202838,2.13,7.85,34.33,5.04,0.22,0,None
2026-08-28T12:23:19.202838,3.92,7.87,34.7,4.2,0.95,0,None
2026-08-28T12:33:19.202838,2.62,7.86,34.17,4.0,0.56,0,None
2026-08-28T12:43:19.202838,3.62,7.97,34.59,5.5,0.17,0,None
2026-08-28T12:53:19.202838,13.73,7.85,34.87,4.66,0.95,1,Thermal Plume
2026-08-28T13:03:19.202838,3.78,7.93,34.52,4.7,0.11,0,None
2026-08-28T13:13:19.202838,2.69,8.03,34.89,4.9,0.98,0,None
2026-08-28T13:23:19.202838,3.61,7.88,34.09,5.64,0.47,0,None
2026-08-28T13:33:19.202838,2.59,7.91,34.06,4.2,0.16,0,None
2026-08-28T13:43:19.202838,3.96,8.03,34.18,5.06,0.57,0,None
2026-08-28T13:53:19.202838,3.29,7.96,34.59,5.0,0.7,0,None
2026-08-28T14:03:19.202838,3.87,8.06,34.3,4.75,0.57,0,None
2026-08-28T14:13:19.202838,3.4,7.9,34.31,5.09,0.15,0,None
2026-08-28T14:23:19.202838,2.71,7.99,34.11,5.15,0.63,0,None
2026-08-28T14:33:19.202838,2.25,8.01,34.81,5.36,0.25,0,None
2026-08-28T14:43:19.202838,2.9,7.81,34.32,5.6,0.37,0,None
2026-08-28T14:53:19.202838,2.23,8.1,34.9,5.91,0.82,0,None
2026-08-28T15:03:19.202838,3.54,8.01,34.16,5.6,0.51,0,None
2026-08-28T15:13:19.202838,3.82,8.1,34.22,5.79,0.79,0,None
2026-08-28T15:23:19.202838,2.12,8.08,34.19,4.77,0.85,0,None
2026-08-28T15:33:19.202838,3.87,7.81,34.38,4.65,0.4,0,None
2026-08-28T15:43:19.202838,3.22,7.88,34.47,4.11,0.4,0,None
2026-08-28T15:53:19.202838,2.09,8.06,34.71,5.76,0.95,0,None
2026-08-28T16:03:19.202838,2.15,7.98,34.9,4.7,0.28,0,None
2026-08-28T16:13:19.202838,3.81,7.83,34.98,5.64,0.58,0,None
2026-08-28T16:23:19.202838,2.38,7.94,34.07,4.23,0.35,0,None
2026-08-28T16:33:19.202838,2.15,8.05,34.6,5.35,0.45,0,None
2026-08-28T16:43:19.202838,3.42,7.93,34.11,5.8,0.97,0,None
2026-08-28T16:53:19.202838,3.16,7.88,34.18,4.48,0.27,0,None
2026-08-28T17:03:19.202838,3.08,8.09,34.96,4.45,0.26,0,None
2026-08-28T17:13:19.202838,2.8,8.07,34.09,4.78,0.63,0,None
2026-08-28T17:23:19.202838,3.43,7.85,34.32,5.36,0.56,0,None
2026-08-28T17:33:19.202838,2.95,7.88,34.57,4.41,0.15,0,None
2026-08-28T17:43:19.202838,3.57,7.97,34.07,4.96,0.12,0,None
2026-08-28T17:53:19.202838,2.06,7.81,34.37,5.11,0.88,0,None
2026-08-28T18:03:19.202838,3.79,7.96,34.57,4.65,0.66,0,None
2026-08-28T18:13:19.202838,3.91,7.96,34.74,5.35,0.49,0,None
2026-08-28T18:23:19.202838,2.98,7.85,34.65,5.18,0.73,0,None
2026-08-28T18:33:19.202838,2.61,8.06,34.18,5.12,0.54,0,None
2026-08-28T18:43:19.202838,3.12,7.96,34.75,5.06,0.16,0,None
2026-08-28T18:53:19.202838,3.22,7.88,34.67,4.62,0.68,0,None
2026-08-28T19:03:19.202838,2.99,7.88,34.33,4.93,0.49,0,None
2026-08-28T19:13:19.202838,2.32,8.09,34.06,5.43,0.12,0,None
2026-08-28T19:23:19.202838,2.92,7.94,34.86,4.48,0.78,0,None
2026-08-28T19:33:19.202838,2.1,8.03,34.84,4.28,0.38,0,None
2026-08-28T19:43:19.202838,2.13,7.85,34.65,5.12,0.19,0,None
2026-08-28T19:53:19.202838,2.27,8.01,34.8,5.39,0.11,0,None
2026-08-28T20:03:19.202838,3.81,7.87,34.58,4.3,0.2,0,None
2026-08-28T20:13:19.202838,2.66,8.05,34.51,4.94,0.57,0,None
2026-08-28T20:23:19.202838,3.69,8.01,34.56,4.04,0.84,0,None
2026-08-28T20:33:19.202838,3.11,7.82,34.93,5.36,0.58,0,None
2026-08-28T20:43:19.202838,8.82,7.88,34.4,5.21,0.92,1,Thermal Plume
2026-08-28T20:53:19.202838,3.89,7.99,34.19,4.43,0.53,0,None
2026-08-28T21:03:19.202838,2.6,8.03,34.31,5.14,0.95,0,None
2026-08-28T21:13:19.202838,2.96,8.05,34.23,4.35,0.93,0,None
2026-08-28T21:23:19.202838,2.16,7.92,34.64,4.97,0.8,0,None
2026-08-28T21:33:19.202838,2.94,8.06,34.78,4.1,0.19,0,None
2026-08-28T21:43:19.202838,3.87,8.04,34.16,5.04,0.35,0,None
2026-08-28T21:53:19.202838,3.4,7.82,34.8,4.6,0.66,0,None
2026-08-28T22:03:19.202838,2.18,8.08,34.57,5.44,0.93,0,None
2026-08-28T22:13:19.202838,3.12,7.84,34.27,5.11,0.42,0,None
2026-08-28T22:23:19.202838,3.8,7.89,34.64,4.88,0.46,0,None
2026-08-28T22:33:19.202838,3.77,7.96,34.03,4.05,0.98,0,None
2026-08-28T22:43:19.202838,2.18,8.08,34.63,5.87,0.43,0,None
2026-08-28T22:53:19.202838,2.26,8.01,34.62,5.22,0.81,0,None
2026-08-28T23:03:19.202838,2.67,7.81,34.53,4.63,0.72,0,None
2026-08-28T23:13:19.202838,3.5,7.87,34.2,4.15,0.12,0,None
2026-08-28T23:23:19.202838,3.57,8.09,34.63,4.96,0.46,0,None
2026-08-28T23:33:19.202838,2.17,7.94,34.01,5.35,0.28,0,None
2026-08-28T23:43:19.202838,2.09,8.06,34.85,4.14,0.68,0,None
2026-08-28T23:53:19.202838,3.79,8.04,34.13,4.27,0.85,0,None
2026-08-29T00:03:19.202838,2.6,8.09,34.98,4.65,0.29,0,None
2026-08-29T00:13:19.202838,2.6,8.03,34.03,4.75,0.32,0,None
2026-08-29T00:23:19.202838,2.27,7.85,34.87,5.4,0.9,0,None
2026-08-29T00:33:19.202838,3.6,7.86,34.69,4.49,0.22,0,None
2026-08-29T00:43:19.202838,3.61,7.83,34.82,4.67,0.9,0,None
2026-08-29T00:53:19.202838,3.37,8.03,34.2,5.01,0.15,0,None
2026-08-29T01:03:19.202838,3.93,8.0,34.16,5.58,0.18,0,None
2026-08-29T01:13:19.202838,2.58,8.01,34.34,5.63,0.73,0,None
2026-08-29T01:23:19.202838,2.8,8.07,34.77,4.64,0.16,0,None
2026-08-29T01:33:19.202838,2.47,7.81,34.38,4.65,0.26,0,None
2026-08-29T01:43:19.202838,3.71,7.89,34.01,5.82,0.72,0,None
2026-08-29T01:53:19.202838,2.19,7.98,34.59,5.67,0.89,0,None
2026-08-29T02:03:19.202838,2.39,7.86,34.31,4.21,0.46,0,None
2026-08-29T02:13:19.202838,3.57,8.04,34.13,5.22,0.44,0,None
2026-08-29T02:23:19.202838,3.25,7.85,34.29,5.32,0.52,0,None
2026-08-29T02:33:19.202838,2.62,7.95,34.66,4.82,0.32,0,None
2026-08-29T02:43:19.202838,2.26,7.89,34.94,5.86,0.27,0,None
2026-08-29T02:53:19.202838,3.08,7.81,34.04,4.63,0.81,0,None
2026-08-29T03:03:19.202838,2.38,7.85,34.73,4.8,0.36,0,None
2026-08-29T03:13:19.202838,2.21,7.98,34.99,5.4,0.38,0,None
2026-08-29T03:23:19.202838,3.47,7.97,34.61,5.87,0.7,0,None
2026-08-29T03:33:19.202838,3.29,8.08,34.53,5.98,0.2,0,None
2026-08-29T03:43:19.202838,2.37,7.83,34.69,4.45,0.77,0,None
2026-08-29T03:53:19.202838,2.04,7.84,34.13,5.77,0.33,0,None
2026-08-29T04:03:19.202838,3.48,7.8,34.45,4.96,0.69,0,None
2026-08-29T04:13:19.202838,2.76,7.86,34.15,5.03,0.45,0,None
2026-08-29T04:23:19.202838,14.39,8.05,34.39,4.8,0.84,1,Thermal Plume
2026-08-29T04:33:19.202838,2.97,7.83,34.24,4.57,0.72,0,None
2026-08-29T04:43:19.202838,3.37,7.82,34.04,4.5,0.66,0,None
2026-08-29T04:53:19.202838,2.2,7.87,34.14,4.1,0.7,0,None
2026-08-29T05:03:19.202838,3.21,7.98,34.95,4.44,0.15,0,None
2026-08-29T05:13:19.202838,2.85,7.93,34.42,5.97,0.56,0,None
2026-08-29T05:23:19.202838,3.07,7.92,34.65,4.58,0.22,0,None
2026-08-29T05:33:19.202838,3.12,7.98,34.52,5.1,0.46,0,None
2026-08-29T05:43:19.202838,3.55,7.93,34.4,5.59,0.78,0,None
2026-08-29T05:53:19.202838,3.0,7.95,34.24,4.93,0.65,0,None
2026-08-29T06:03:19.202838,2.56,7.94,34.19,5.03,0.75,0,None
2026-08-29T06:13:19.202838,3.72,8.05,34.27,5.48,0.91,0,None
2026-08-29T06:23:19.202838,3.94,8.05,34.54,4.5,0.14,0,None
2026-08-29T06:33:19.202838,2.26,7.98,34.53,5.51,0.22,0,None
2026-08-29T06:43:19.202838,3.75,7.91,34.27,4.21,0.25,0,None
2026-08-29T06:53:19.202838,3.33,8.07,34.24,5.1,0.92,0,None
2026-08-29T07:03:19.202838,3.35,7.84,34.09,5.65,0.28,0,None
2026-08-29T07:13:19.202838,2.52,7.86,34.62,4.7,0.81,0,None
2026-08-29T07:23:19.202838,3.57,7.83,34.11,5.77,0.27,0,None
2026-08-29T07:33:19.202838,2.09,7.88,34.65,5.79,0.26,0,None
2026-08-29T07:43:19.202838,3.04,7.83,34.49,4.36,0.7,0,None
2026-08-29T07:53:19.202838,3.57,7.9,34.82,5.92,0.83,0,None
2026-08-29T08:03:19.202838,2.92,8.04,34.49,5.18,0.14,0,None
2026-08-29T08:13:19.202838,3.33,8.1,34.53,4.1,0.31,0,None
2026-08-29T08:23:19.202838,3.14,7.9,34.01,5.08,0.76,0,None
2026-08-29T08:33:19.202838,2.27,8.03,34.11,4.31,0.27,0,None
2026-08-29T08:43:19.202838,2.01,7.91,34.67,5.39,0.65,0,None
2026-08-29T08:53:19.202838,3.45,7.9,34.9,4.74,0.19,0,None
2026-08-29T09:03:19.202838,2.11,7.86,34.47,5.12,0.11,0,None
2026-08-29T09:13:19.202838,3.72,7.85,34.72,5.58,0.16,0,None
2026-08-29T09:23:19.202838,2.5,7.88,34.34,5.15,0.53,0,None
2026-08-29T09:33:19.202838,3.23,8.04,34.88,5.64,0.65,0,None
2026-08-29T09:43:19.202838,2.67,7.89,34.74,5.25,0.97,0,None
2026-08-29T09:53:19.202838,2.91,6.03,34.36,1.35,8.69,1,Chemical Leak
2026-08-29T10:03:19.202838,2.59,8.0,34.52,5.04,0.28,0,None
2026-08-29T10:13:19.202838,2.2,7.82,34.07,4.18,0.66,0,None
2026-08-29T10:23:19.202838,2.11,8.02,34.81,5.51,0.36,0,None
2026-08-29T10:33:19.202838,2.65,7.91,34.47,4.95,0.3,0,None
2026-08-29T10:43:19.202838,3.12,7.94,34.38,5.68,0.26,0,None
2026-08-29T10:53:19.202838,2.95,8.03,34.23,5.08,0.85,0,None
2026-08-29T11:03:19.202838,2.76,7.9,34.71,5.99,0.8,0,None
2026-08-29T11:13:19.202838,3.45,7.97,34.61,4.8,0.86,0,None
2026-08-29T11:23:19.202838,2.11,7.84,34.15,4.15,0.14,0,None
2026-08-29T11:33:19.202838,2.2,7.82,34.56,4.46,0.6,0,None
2026-08-29T11:43:19.202838,3.44,7.83,34.05,4.18,0.47,0,None
2026-08-29T11:53:19.202838,3.63,7.89,34.76,4.69,0.7,0,None
2026-08-29T12:03:19.202838,2.74,7.89,34.95,5.15,0.91,0,None
2026-08-29T12:13:19.202838,3.99,7.84,34.96,4.53,0.32,0,None
2026-08-29T12:23:19.202838,3.9,8.01,34.41,5.77,0.65,0,None
2026-08-29T12:33:19.202838,2.67,7.87,34.24,5.06,0.1,0,None
2026-08-29T12:43:19.202838,3.88,7.98,34.05,5.95,0.8,0,None
2026-08-29T12:53:19.202838,2.33,7.86,34.86,4.16,0.49,0,None
2026-08-29T13:03:19.202838,3.11,8.09,34.61,4.59,0.56,0,None
2026-08-29T13:13:19.202838,3.66,7.91,34.79,4.41,0.14,0,None
2026-08-29T13:23:19.202838,2.46,8.02,34.3,4.93,0.24,0,None
2026-08-29T13:33:19.202838,2.31,7.88,34.3,5.73,0.4,0,None
2026-08-29T13:43:19.202838,2.46,8.03,34.44,4.34,0.8,0,None
2026-08-29T13:53:19.202838,2.48,7.97,34.63,4.89,0.6,0,None
2026-08-29T14:03:19.202838,3.65,7.8,34.14,5.56,0.81,0,None
2026-08-29T14:13:19.202838,2.02,7.81,34.66,5.13,0.2,0,None
2026-08-29T14:23:19.202838,2.03,8.07,34.92,5.29,0.81,0,None
2026-08-29T14:33:19.202838,3.18,8.06,34.79,5.42,0.29,0,None
2026-08-29T14:43:19.202838,3.91,7.89,34.51,4.04,0.79,0,None
2026-08-29T14:53:19.202838,3.37,7.88,34.86,5.04,0.33,0,None
2026-08-29T15:03:19.202838,2.69,7.96,34.06,4.2,0.91,0,None
2026-08-29T15:13:19.202838,2.0,7.99,34.63,4.52,0.14,0,None
2026-08-29T15:23:19.202838,2.09,7.86,34.43,5.69,0.97,0,None
2026-08-29T15:33:19.202838,3.04,7.83,34.56,5.13,0.52,0,None
2026-08-29T15:43:19.202838,3.13,8.05,34.04,4.09,0.65,0,None
2026-08-29T15:53:19.202838,3.21,7.97,34.15,4.92,0.62,0,None
2026-08-29T16:03:19.202838,2.64,7.93,34.37,5.84,0.68,0,None
2026-08-29T16:13:19.202838,3.33,7.9,34.32,5.91,0.12,0,None
2026-08-29T16:23:19.202838,3.78,8.05,34.25,5.13,0.53,0,None
2026-08-29T16:33:19.202838,3.06,8.05,34.29,4.38,0.39,0,None
2026-08-29T16:43:19.202838,3.01,8.01,34.52,6.0,0.52,0,None
2026-08-29T16:53:19.202838,3.59,7.99,34.46,5.4,0.79,0,None
2026-08-29T17:03:19.202838,2.49,8.08,34.8,4.01,0.68,0,None
2026-08-29T17:13:19.202838,9.71,8.06,34.89,4.36,0.93,1,Thermal Plume
2026-08-29T17:23:19.202838,3.3,7.99,34.19,5.9,0.41,0,None
2026-08-29T17:33:19.202838,2.15,7.81,34.27,4.66,0.27,0,None
2026-08-29T17:43:19.202838,2.42,7.95,34.37,4.11,0.24,0,None
2026-08-29T17:53:19.202838,2.11,7.94,34.44,5.24,0.64,0,None
2026-08-29T18:03:19.202838,3.22,7.91,34.67,4.63,0.35,0,None
2026-08-29T18:13:19.202838,3.63,7.84,34.55,4.07,0.35,0,None
2026-08-29T18:23:19.202838,2.54,8.03,34.68,5.74,0.5,0,None
2026-08-29T18:33:19.202838,3.36,8.01,34.22,4.87,0.48,0,None
2026-08-29T18:43:19.202838,3.6,8.04,34.26,5.55,0.4,0,None
2026-08-29T18:53:19.202838,3.28,8.08,34.37,4.63,0.73,0,None
2026-08-29T19:03:19.202838,3.11,8.04,34.79,4.94,0.15,0,None
2026-08-29T19:13:19.202838,3.13,7.9,34.95,4.61,0.25,0,None
2026-08-29T19:23:19.202838,3.08,7.89,34.59,4.17,0.86,0,None
2026-08-29T19:33:19.202838,3.5,7.89,34.21,4.59,0.27,0,None
2026-08-29T19:43:19.202838,3.5,7.81,34.03,4.77,0.29,0,None
2026-08-29T19:53:19.202838,2.19,8.04,34.18,4.43,0.33,0,None
2026-08-29T20:03:19.202838,3.21,8.1,34.13,5.77,0.66,0,None
2026-08-29T20:13:19.202838,2.14,7.8,34.17,4.61,0.95,0,None
2026-08-29T20:23:19.202838,2.78,7.9,34.06,5.45,0.43,0,None
2026-08-29T20:33:19.202838,3.23,7.83,34.07,5.39,0.97,0,None
2026-08-29T20:43:19.202838,2.52,7.8,34.98,4.9,0.95,0,None
2026-08-29T20:53:19.202838,2.05,8.07,34.34,4.63,0.39,0,None
2026-08-29T21:03:19.202838,3.82,7.95,34.76,5.13,0.23,0,None
2026-08-29T21:13:19.202838,3.65,8.02,34.79,5.68,0.23,0,None
2026-08-29T21:23:19.202838,2.57,7.84,34.73,5.81,0.62,0,None
2026-08-29T21:33:19.202838,2.53,7.92,34.3,5.9,0.51,0,None
2026-08-29T21:43:19.202838,2.81,7.95,34.61,5.69,0.15,0,None
2026-08-29T21:53:19.202838,2.92,8.09,34.19,5.56,0.33,0,None
2026-08-29T22:03:19.202838,2.68,8.05,34.06,4.34,0.38,0,None
2026-08-29T22:13:19.202838,2.78,7.94,34.38,4.11,0.9,0,None
2026-08-29T22:23:19.202838,2.58,8.08,34.13,5.26,0.95,0,None
2026-08-29T22:33:19.202838,11.46,7.97,34.3,5.64,1.0,1,Thermal Plume
2026-08-29T22:43:19.202838,2.01,8.09,34.73,4.36,0.22,0,None
2026-08-29T22:53:19.202838,3.82,8.03,34.93,4.81,0.9,0,None
2026-08-29T23:03:19.202838,3.78,8.04,34.58,5.44,0.42,0,None
2026-08-29T23:13:19.202838,3.88,7.96,34.33,4.99,0.74,0,None
2026-08-29T23:23:19.202838,3.26,8.04,34.97,4.22,0.84,0,None
2026-08-29T23:33:19.202838,2.85,7.9,34.37,4.47,0.7,0,None
2026-08-29T23:43:19.202838,2.76,8.1,34.21,5.07,0.88,0,None
2026-08-29T23:53:19.202838,2.27,7.9,34.59,4.44,0.87,0,None
2026-08-30T00:03:19.202838,11.75,7.9,34.63,4.29,0.67,1,Thermal Plume
2026-08-30T00:13:19.202838,2.97,7.86,34.7,4.66,0.51,0,None
2026-08-30T00:23:19.202838,3.54,7.84,34.89,4.21,0.92,0,None
2026-08-30T00:33:19.202838,3.1,7.89,34.12,4.24,0.82,0,None
2026-08-30T00:43:19.202838,2.63,8.04,34.3,5.49,0.65,0,None
2026-08-30T00:53:19.202838,2.99,7.87,34.93,4.23,0.77,0,None
2026-08-30T01:03:19.202838,2.81,7.95,34.51,4.75,0.31,0,None
2026-08-30T01:13:19.202838,2.95,8.06,34.06,4.33,0.68,0,None
2026-08-30T01:23:19.202838,2.82,7.93,34.6,5.91,0.66,0,None
2026-08-30T01:33:19.202838,2.45,7.86,34.25,4.85,0.56,0,None
2026-08-30T01:43:19.202838,3.3,7.97,34.53,5.58,0.82,0,None
2026-08-30T01:53:19.202838,2.08,7.9,34.83,5.92,0.13,0,None
2026-08-30T02:03:19.202838,3.07,6.23,34.54,2.18,8.2,1,Chemical Leak
2026-08-30T02:13:19.202838,2.85,7.88,34.44,5.23,0.78,0,None
2026-08-30T02:23:19.202838,2.37,7.92,34.15,5.8,0.73,0,None
2026-08-30T02:33:19.202838,3.09,7.95,34.68,4.46,0.18,0,None
2026-08-30T02:43:19.202838,2.32,7.82,34.66,4.57,0.35,0,None
2026-08-30T02:53:19.202838,3.22,7.85,34.15,4.66,0.72,0,None
2026-08-30T03:03:19.202838,2.32,8.02,34.75,5.01,0.37,0,None
2026-08-30T03:13:19.202838,2.88,7.92,34.47,5.18,0.44,0,None
2026-08-30T03:23:19.202838,2.13,8.01,34.9,4.54,0.67,0,None
2026-08-30T03:33:19.202838,3.65,8.01,34.6,4.88,0.67,0,None
2026-08-30T03:43:19.202838,3.22,8.02,34.39,4.84,0.31,0,None
2026-08-30T03:53:19.202838,2.26,6.35,34.16,2.6,6.53,1,Chemical Leak
2026-08-30T04:03:19.202838,3.79,7.87,34.66,4.4,0.42,0,None
2026-08-30T04:13:19.202838,2.91,7.94,34.39,4.13,0.88,0,None
2026-08-30T04:23:19.202838,3.27,7.87,34.65,4.07,0.91,0,None
2026-08-30T04:33:19.202838,3.12,7.89,34.29,5.73,0.72,0,None
2026-08-30T04:43:19.202838,3.77,7.84,34.82,5.39,0.87,0,None
2026-08-30T04:53:19.202838,2.34,8.0,34.62,5.11,0.63,0,None
2026-08-30T05:03:19.202838,2.55,7.85,34.51,5.69,0.74,0,None
2026-08-30T05:13:19.202838,2.27,8.04,34.36,4.28,0.11,0,None
2026-08-30T05:23:19.202838,3.54,7.96,34.08,5.99,0.35,0,None
2026-08-30T05:33:19.202838,3.68,7.95,34.67,5.62,0.27,0,None
2026-08-30T05:43:19.202838,3.83,7.86,34.81,5.77,0.72,0,None
2026-08-30T05:53:19.202838,2.24,6.24,34.12,2.93,9.99,1,Chemical Leak
2026-08-30T06:03:19.202838,3.89,7.99,34.8,4.61,0.38,0,None
2026-08-30T06:13:19.202838,10.33,7.95,34.9,4.85,0.48,1,Thermal Plume
2026-08-30T06:23:19.202838,2.9,7.98,34.47,4.28,0.82,0,None
2026-08-30T06:33:19.202838,2.11,7.93,34.42,4.19,0.71,0,None
2026-08-30T06:43:19.202838,3.36,7.94,34.82,5.52,0.17,0,None
2026-08-30T06:53:19.202838,3.97,7.89,34.07,5.99,0.31,0,None
2026-08-30T07:03:19.202838,3.15,7.99,34.08,4.66,0.67,0,None
2026-08-30T07:13:19.202838,2.6,7.86,34.58,4.63,0.25,0,None
2026-08-30T07:23:19.202838,2.34,8.04,34.89,5.16,0.98,0,None
2026-08-30T07:33:19.202838,3.9,7.8,34.02,5.39,0.8,0,None
2026-08-30T07:43:19.202838,2.37,7.91,34.37,5.19,0.39,0,None
2026-08-30T07:53:19.202838,3.8,7.81,34.93,5.33,0.36,0,None
2026-08-30T08:03:19.202838,2.47,7.8,34.17,4.94,0.83,0,None
2026-08-30T08:13:19.202838,2.71,8.06,34.99,4.79,0.44,0,None
2026-08-30T08:23:19.202838,3.06,7.86,34.98,5.44,0.58,0,None
2026-08-30T08:33:19.202838,13.2,7.98,34.37,4.75,0.67,1,Thermal Plume
2026-08-30T08:43:19.202838,3.35,7.92,34.14,5.33,0.42,0,None
2026-08-30T08:53:19.202838,3.72,7.85,34.77,4.88,0.78,0,None
2026-08-30T09:03:19.202838,2.18,7.86,34.55,4.08,0.52,0,None
2026-08-30T09:13:19.202838,3.89,7.86,34.73,4.84,0.3,0,None
2026-08-30T09:23:19.202838,2.81,8.01,34.09,5.71,0.76,0,None
2026-08-30T09:33:19.202838,2.14,7.91,34.24,4.0,0.66,0,None
2026-08-30T09:43:19.202838,2.06,7.84,34.72,4.17,0.96,0,None
2026-08-30T09:53:19.202838,2.88,8.08,34.21,4.46,0.6,0,None
2026-08-30T10:03:19.202838,2.33,7.98,34.63,5.94,0.71,0,None
2026-08-30T10:13:19.202838,2.08,7.89,34.29,5.85,0.87,0,None
2026-08-30T10:23:19.202838,2.71,7.88,34.7,5.39,0.21,0,None
2026-08-30T10:33:19.202838,2.39,7.86,34.34,4.25,0.35,0,None
2026-08-30T10:43:19.202838,3.18,7.9,34.89,4.51,0.74,0,None
2026-08-30T10:53:19.202838,3.27,7.83,34.37,4.2,0.91,0,None
2026-08-30T11:03:19.202838,3.39,8.04,34.87,5.38,0.94,0,None
2026-08-30T11:13:19.202838,3.92,7.88,34.91,4.63,0.37,0,None
2026-08-30T11:23:19.202838,2.99,8.08,34.73,4.07,0.24,0,None
2026-08-30T11:33:19.202838,3.52,6.83,34.49,1.96,14.05,1,Chemical Leak
2026-08-30T11:43:19.202838,2.28,7.9,34.47,5.58,0.64,0,None
2026-08-30T11:53:19.202838,2.25,8.05,34.61,4.83,0.24,0,None
2026-08-30T12:03:19.202838,3.8,7.89,34.3,5.73,0.13,0,None
2026-08-30T12:13:19.202838,3.12,8.05,34.96,5.08,0.93,0,None
2026-08-30T12:23:19.202838,3.25,7.98,34.4,4.93,0.95,0,None
2026-08-30T12:33:19.202838,2.2,8.08,34.63,5.39,0.18,0,None
2026-08-30T12:43:19.202838,2.53,8.03,34.66,4.72,0.17,0,None
2026-08-30T12:53:19.202838,2.27,7.92,34.73,4.53,0.16,0,None
2026-08-30T13:03:19.202838,2.37,8.06,34.28,4.78,0.82,0,None
2026-08-30T13:13:19.202838,2.08,8.02,34.78,5.76,0.36,0,None
2026-08-30T13:23:19.202838,2.1,7.99,34.44,4.6,0.92,0,None
2026-08-30T13:33:19.202838,3.92,7.82,34.01,4.24,0.97,0,None
2026-08-30T13:43:19.202838,2.79,8.01,34.77,5.43,0.93,0,None
2026-08-30T13:53:19.202838,2.8,8.09,34.67,5.58,0.66,0,None
2026-08-30T14:03:19.202838,2.7,7.85,34.31,4.17,0.35,0,None
2026-08-30T14:13:19.202838,2.55,8.08,34.22,4.6,0.92,0,None
2026-08-30T14:23:19.202838,2.68,8.09,34.11,4.4,0.34,0,None
2026-08-30T14:33:19.202838,3.73,7.89,34.49,5.78,0.28,0,None
2026-08-30T14:43:19.202838,2.26,7.96,34.32,4.85,0.22,0,None
2026-08-30T14:53:19.202838,3.84,7.81,34.04,5.96,0.76,0,None
2026-08-30T15:03:19.202838,3.68,7.84,34.25,4.16,0.94,0,None
2026-08-30T15:13:19.202838,3.31,8.03,34.28,5.16,0.55,0,None
2026-08-30T15:23:19.202838,10.99,7.95,34.76,4.18,1.0,1,Thermal Plume
2026-08-30T15:33:19.202838,13.83,8.07,34.42,5.08,0.2,1,Thermal Plume
2026-08-30T15:43:19.202838,2.31,7.95,34.85,4.13,0.21,0,None
2026-08-30T15:53:19.202838,3.78,7.91,34.33,4.54,0.65,0,None
2026-08-30T16:03:19.202838,2.45,7.96,34.31,4.38,0.21,0,None
2026-08-30T16:13:19.202838,2.55,7.82,34.51,4.18,0.34,0,None
2026-08-30T16:23:19.202838,3.08,8.01,34.36,5.26,0.59,0,None
2026-08-30T16:33:19.202838,3.58,7.9,34.1,4.67,0.39,0,None
2026-08-30T16:43:19.202838,2.03,7.8,34.1,5.02,0.75,0,None
2026-08-30T16:53:19.202838,3.12,8.05,34.55,4.65,0.17,0,None
2026-08-30T17:03:19.202838,3.89,6.97,34.75,2.85,7.69,1,Chemical Leak
2026-08-30T17:13:19.202838,2.88,7.98,34.82,5.62,0.32,0,None
2026-08-30T17:23:19.202838,3.96,7.87,34.9,4.38,0.33,0,None
2026-08-30T17:33:19.202838,3.18,7.14,34.74,1.75,11.42,1,Chemical Leak
2026-08-30T17:43:19.202838,3.87,8.05,34.18,4.88,0.84,0,None
2026-08-30T17:53:19.202838,3.16,7.92,34.35,4.88,0.62,0,None
2026-08-30T18:03:19.202838,3.8,7.88,34.25,5.39,0.41,0,None
2026-08-30T18:13:19.202838,2.66,7.88,34.49,5.88,0.62,0,None
2026-08-30T18:23:19.202838,2.52,7.98,34.67,5.06,0.87,0,None
2026-08-30T18:33:19.202838,2.68,7.87,34.98,4.35,0.6,0,None
2026-08-30T18:43:19.202838,3.48,7.88,34.57,4.15,0.78,0,None
2026-08-30T18:53:19.202838,4.0,7.92,34.88,5.95,0.52,0,None
2026-08-30T19:03:19.202838,2.82,7.87,34.26,5.15,0.32,0,None
2026-08-30T19:13:19.202838,3.06,7.92,34.58,5.98,0.55,0,None
2026-08-30T19:23:19.202838,2.57,7.9,34.62,4.28,0.62,0,None
2026-08-30T19:33:19.202838,2.69,7.93,34.42,5.35,0.57,0,None
2026-08-30T19:43:19.202838,2.98,7.83,34.43,5.34,0.93,0,None
2026-08-30T19:53:19.202838,3.66,7.91,34.88,4.44,0.81,0,None
2026-08-30T20:03:19.202838,3.2,7.94,34.89,4.36,0.8,0,None
2026-08-30T20:13:19.202838,3.87,8.01,34.21,5.16,0.29,0,None
2026-08-30T20:23:19.202838,2.35,7.85,34.5,4.54,0.29,0,None
2026-08-30T20:33:19.202838,3.51,7.96,34.53,5.84,0.44,0,None
2026-08-30T20:43:19.202838,2.84,7.8,34.59,5.86,0.32,0,None
2026-08-30T20:53:19.202838,2.95,8.03,34.25,4.41,0.98,0,None
2026-08-30T21:03:19.202838,3.61,7.99,34.9,5.19,0.54,0,None
2026-08-30T21:13:19.202838,2.72,7.86,34.33,4.18,0.41,0,None
2026-08-30T21:23:19.202838,3.5,8.07,34.2,5.46,0.87,0,None
2026-08-30T21:33:19.202838,3.62,8.06,34.46,5.95,0.3,0,None
2026-08-30T21:43:19.202838,2.17,7.97,34.48,4.93,0.83,0,None
2026-08-30T21:53:19.202838,3.44,8.01,34.7,4.63,0.26,0,None
2026-08-30T22:03:19.202838,3.62,7.82,34.55,5.15,0.1,0,None
2026-08-30T22:13:19.202838,3.46,7.98,34.44,5.04,0.16,0,None
2026-08-30T22:23:19.202838,2.15,7.85,34.14,5.92,0.55,0,None
2026-08-30T22:33:19.202838,2.31,7.85,34.88,5.81,0.53,0,None
2026-08-30T22:43:19.202838,3.16,7.92,34.95,5.38,0.6,0,None
2026-08-30T22:53:19.202838,2.85,7.84,34.09,5.79,0.39,0,None
2026-08-30T23:03:19.202838,2.94,7.81,34.3,4.35,0.84,0,None
2026-08-30T23:13:19.202838,3.26,8.05,34.45,4.13,0.48,0,None
2026-08-30T23:23:19.202838,2.02,8.03,34.86,5.71,0.69,0,None
2026-08-30T23:33:19.202838,2.44,8.01,34.37,5.31,0.14,0,None
2026-08-30T23:43:19.202838,3.88,8.02,34.32,5.47,0.39,0,None
2026-08-30T23:53:19.202838,3.92,8.08,34.89,4.88,0.29,0,None
2026-08-31T00:03:19.202838,2.48,8.02,34.18,5.33,0.56,0,None
2026-08-31T00:13:19.202838,2.74,7.85,34.4,5.76,0.92,0,None
2026-08-31T00:23:19.202838,3.64,8.01,34.8,4.33,0.86,0,None
2026-08-31T00:33:19.202838,2.33,7.84,34.24,5.28,0.65,0,None
2026-08-31T00:43:19.202838,2.08,7.91,34.18,5.19,0.86,0,None
2026-08-31T00:53:19.202838,3.76,7.91,34.71,5.07,0.57,0,None
2026-08-31T01:03:19.202838,3.04,8.04,34.26,5.01,0.53,0,None
2026-08-31T01:13:19.202838,2.31,8.09,34.75,5.83,0.54,0,None
2026-08-31T01:23:19.202838,2.15,7.8,34.01,5.52,0.22,0,None
2026-08-31T01:33:19.202838,2.46,7.86,34.99,4.65,0.98,0,None
2026-08-31T01:43:19.202838,3.16,8.0,34.5,5.0,0.96,0,None
2026-08-31T01:53:19.202838,2.28,8.01,34.22,4.51,0.51,0,None
2026-08-31T02:03:19.202838,3.88,7.86,34.69,4.02,0.26,0,None
2026-08-31T02:13:19.202838,2.68,7.89,34.51,4.67,0.31,0,None
2026-08-31T02:23:19.202838,3.15,8.04,34.48,5.63,0.96,0,None
2026-08-31T02:33:19.202838,3.86,7.88,34.97,4.92,0.41,0,None
2026-08-31T02:43:19.202838,3.17,7.92,34.2,5.41,0.22,0,None
2026-08-31T02:53:19.202838,3.01,8.05,34.37,4.53,0.87,0,None
2026-08-31T03:03:19.202838,2.83,8.02,34.11,5.91,0.32,0,None
2026-08-31T03:13:19.202838,2.64,7.81,34.44,4.2,0.63,0,None
2026-08-31T03:23:19.202838,2.93,7.93,34.14,5.03,0.74,0,None
2026-08-31T03:33:19.202838,3.39,7.99,34.1,5.02,0.89,0,None
2026-08-31T03:43:19.202838,2.71,8.04,34.2,5.78,0.11,0,None
2026-08-31T03:53:19.202838,3.7,7.98,34.7,5.73,0.96,0,None
2026-08-31T04:03:19.202838,2.42,7.83,34.66,4.5,0.21,0,None
2026-08-31T04:13:19.202838,3.54,8.07,34.26,4.26,0.24,0,None
2026-08-31T04:23:19.202838,3.56,7.89,34.13,5.95,0.47,0,None
2026-08-31T04:33:19.202838,2.83,8.05,34.29,5.79,0.52,0,None
2026-08-31T04:43:19.202838,2.33,7.95,34.37,5.78,0.3,0,None
2026-08-31T04:53:19.202838,3.45,7.89,34.7,5.98,0.69,0,None
2026-08-31T05:03:19.202838,3.52,7.81,34.21,5.36,0.73,0,None
2026-08-31T05:13:19.202838,3.77,7.81,34.25,5.78,0.64,0,None
2026-08-31T05:23:19.202838,3.01,7.93,34.7,4.68,0.74,0,None
2026-08-31T05:33:19.202838,2.09,8.01,34.42,4.05,0.94,0,None
2026-08-31T05:43:19.202838,2.43,7.86,34.21,4.44,0.8,0,None
2026-08-31T05:53:19.202838,3.87,8.05,34.85,5.07,0.18,0,None
2026-08-31T06:03:19.202838,3.53,7.89,34.48,4.55,0.98,0,None
2026-08-31T06:13:19.202838,2.98,8.02,34.5,5.41,0.5,0,None
2026-08-31T06:23:19.202838,3.41,7.99,34.5,5.22,0.93,0,None
2026-08-31T06:33:19.202838,2.19,7.94,34.45,5.17,0.73,0,None
2026-08-31T06:43:19.202838,3.88,7.82,34.36,5.17,0.59,0,None
2026-08-31T06:53:19.202838,3.88,7.89,34.87,4.29,0.16,0,None
2026-08-31T07:03:19.202838,2.55,7.93,34.76,5.73,0.73,0,None
2026-08-31T07:13:19.202838,3.48,7.88,34.24,4.9,0.76,0,None
2026-08-31T07:23:19.202838,3.11,8.09,34.02,4.92,0.76,0,None
2026-08-31T07:33:19.202838,3.03,8.07,34.83,4.58,0.85,0,None
2026-08-31T07:43:19.202838,2.75,8.0,34.44,5.52,0.84,0,None
2026-08-31T07:53:19.202838,3.19,8.04,34.57,4.75,0.5,0,None
2026-08-31T08:03:19.202838,3.2,7.87,34.2,4.43,0.57,0,None
2026-08-31T08:13:19.202838,3.82,8.08,34.03,4.33,0.89,0,None
2026-08-31T08:23:19.202838,2.95,7.91,34.03,5.12,0.6,0,None
2026-08-31T08:33:19.202838,2.83,7.9,34.17,4.73,0.44,0,None
2026-08-31T08:43:19.202838,2.11,7.99,34.63,4.23,0.9,0,None
2026-08-31T08:53:19.202838,3.54,8.08,34.03,5.43,0.27,0,None
2026-08-31T09:03:19.202838,2.1,7.88,34.8,4.95,0.12,0,None
2026-08-31T09:13:19.202838,2.41,7.85,34.3,4.24,0.57,0,None
2026-08-31T09:23:19.202838,3.65,7.91,34.74,4.33,0.97,0,None
2026-08-31T09:33:19.202838,2.6,7.84,34.15,4.4,0.38,0,None
2026-08-31T09:43:19.202838,3.01,7.97,34.63,4.77,0.33,0,None
2026-08-31T09:53:19.202838,2.98,8.08,34.74,4.22,0.76,0,None
2026-08-31T10:03:19.202838,2.01,8.01,34.49,4.03,0.27,0,None
2026-08-31T10:13:19.202838,3.63,7.88,34.22,4.8,0.73,0,None
2026-08-31T10:23:19.202838,3.72,8.08,34.65,4.6,0.86,0,None
2026-08-31T10:33:19.202838,2.04,7.85,34.89,5.02,0.58,0,None
2026-08-31T10:43:19.202838,2.58,7.89,34.08,4.76,0.31,0,None
2026-08-31T10:53:19.202838,10.52,7.85,34.3,5.57,0.55,1,Thermal Plume
2026-08-31T11:03:19.202838,2.84,7.98,34.65,4.99,0.47,0,None
2026-08-31T11:13:19.202838,2.29,8.02,34.27,5.75,0.62,0,None
2026-08-31T11:23:19.202838,2.86,8.07,34.92,5.74,0.48,0,None
2026-08-31T11:33:19.202838,2.05,8.05,34.82,5.2,0.18,0,None
2026-08-31T11:43:19.202838,2.69,8.07,34.94,4.14,0.63,0,None
2026-08-31T11:53:19.202838,3.44,8.06,34.74,5.56,0.36,0,None
2026-08-31T12:03:19.202838,3.62,7.94,34.69,5.87,0.1,0,None
2026-08-31T12:13:19.202838,2.17,7.92,34.45,4.38,0.15,0,None
2026-08-31T12:23:19.202838,2.11,8.01,34.67,4.47,0.67,0,None
2026-08-31T12:33:19.202838,2.33,7.88,34.65,5.47,0.79,0,None
2026-08-31T12:43:19.202838,3.75,7.9,34.14,4.04,0.52,0,None
2026-08-31T12:53:19.202838,2.89,7.96,34.76,5.64,0.12,0,None
2026-08-31T13:03:19.202838,2.39,8.07,34.5,5.7,0.84,0,None
2026-08-31T13:13:19.202838,3.76,8.09,34.45,4.25,0.19,0,None
2026-08-31T13:23:19.202838,2.05,7.92,34.07,5.84,0.24,0,None
2026-08-31T13:33:19.202838,2.05,7.9,34.14,5.61,0.97,0,None
2026-08-31T13:43:19.202838,3.11,7.8,34.95,4.01,0.2,0,None
2026-08-31T13:53:19.202838,2.99,8.09,34.22,5.79,0.73,0,None
2026-08-31T14:03:19.202838,2.29,7.89,34.81,4.19,0.84,0,None
2026-08-31T14:13:19.202838,2.46,8.01,34.93,4.45,0.71,0,None
2026-08-31T14:23:19.202838,3.29,7.93,34.99,4.3,0.94,0,None
2026-08-31T14:33:19.202838,3.15,6.25,34.71,2.93,13.18,1,Chemical Leak
2026-08-31T14:43:19.202838,2.78,8.1,34.65,4.33,0.52,0,None
2026-08-31T14:53:19.202838,10.7,8.05,34.81,5.7,0.59,1,Thermal Plume
2026-08-31T15:03:19.202838,2.08,7.81,34.48,5.65,0.18,0,None
2026-08-31T15:13:19.202838,3.36,8.07,34.5,4.85,0.76,0,None
2026-08-31T15:23:19.202838,2.12,7.94,34.32,4.11,0.75,0,None
2026-08-31T15:33:19.202838,2.02,7.9,34.02,4.59,0.54,0,None
2026-08-31T15:43:19.202838,3.89,7.81,34.93,4.74,0.6,0,None
2026-08-31T15:53:19.202838,3.37,7.95,34.75,4.84,0.36,0,None
2026-08-31T16:03:19.202838,2.93,6.68,34.73,2.73,11.2,1,Chemical Leak
2026-08-31T16:13:19.202838,3.36,7.86,34.68,4.01,0.55,0,None
2026-08-31T16:23:19.202838,3.82,7.95,34.0,4.96,0.22,0,None
2026-08-31T16:33:19.202838,3.1,7.84,34.97,4.94,0.28,0,None
2026-08-31T16:43:19.202838,3.55,7.85,34.42,4.62,0.83,0,None
2026-08-31T16:53:19.202838,2.11,7.97,34.76,5.36,0.2,0,None
2026-08-31T17:03:19.202838,2.65,7.98,34.87,5.71,0.42,0,None
2026-08-31T17:13:19.202838,2.14,7.83,34.26,5.59,0.76,0,None
2026-08-31T17:23:19.202838,2.14,8.03,34.06,4.96,0.87,0,None
2026-08-31T17:33:19.202838,3.98,7.85,34.7,5.85,0.5,0,None
2026-08-31T17:43:19.202838,3.16,7.93,34.19,4.57,0.85,0,None
2026-08-31T17:53:19.202838,2.4,8.09,34.31,4.02,0.82,0,None
2026-08-31T18:03:19.202838,2.35,7.9,34.11,5.98,0.59,0,None
2026-08-31T18:13:19.202838,3.32,7.98,34.25,5.67,0.34,0,None
2026-08-31T18:23:19.202838,2.52,7.99,34.92,4.18,0.71,0,None
2026-08-31T18:33:19.202838,3.21,7.9,34.33,5.71,0.34,0,None
2026-08-31T18:43:19.202838,3.11,8.02,34.48,5.56,0.12,0,None
2026-08-31T18:53:19.202838,2.01,7.94,34.83,5.14,0.46,0,None
2026-08-31T19:03:19.202838,2.83,7.93,34.21,4.01,0.87,0,None
2026-08-31T19:13:19.202838,12.73,8.0,34.33,5.82,0.21,1,Thermal Plume
2026-08-31T19:23:19.202838,3.27,7.93,34.12,4.37,0.48,0,None
2026-08-31T19:33:19.202838,2.42,7.87,34.84,4.62,0.24,0,None
2026-08-31T19:43:19.202838,3.25,7.94,34.7,5.66,0.1,0,None
2026-08-31T19:53:19.202838,2.63,7.87,34.69,5.46,0.56,0,None
2026-08-31T20:03:19.202838,2.58,8.05,34.71,5.66,0.79,0,None
2026-08-31T20:13:19.202838,3.11,7.91,34.34,4.27,0.25,0,None
2026-08-31T20:23:19.202838,2.7,7.92,34.72,4.41,0.19,0,None
2026-08-31T20:33:19.202838,3.88,7.85,34.84,5.83,0.86,0,None
2026-08-31T20:43:19.202838,2.84,8.07,34.81,4.31,0.34,0,None
2026-08-31T20:53:19.202838,3.78,7.86,34.73,5.63,0.42,0,None
2026-08-31T21:03:19.202838,2.71,7.87,34.56,5.89,0.3,0,None
2026-08-31T21:13:19.202838,3.9,8.02,34.9,5.53,0.5,0,None
2026-08-31T21:23:19.202838,3.1,7.99,34.48,4.45,0.93,0,None
2026-08-31T21:33:19.202838,3.43,8.03,34.37,5.59,0.51,0,None
2026-08-31T21:43:19.202838,2.6,7.81,34.63,5.5,0.46,0,None
2026-08-31T21:53:19.202838,3.26,7.88,34.54,4.43,0.14,0,None
2026-08-31T22:03:19.202838,3.32,7.91,34.96,4.44,0.65,0,None
2026-08-31T22:13:19.202838,2.75,7.99,34.25,5.96,0.43,0,None
2026-08-31T22:23:19.202838,3.16,8.05,34.45,5.03,0.68,0,None
2026-08-31T22:33:19.202838,3.22,7.85,34.54,4.21,0.3,0,None
2026-08-31T22:43:19.202838,2.3,7.83,34.17,4.43,1.0,0,None
2026-08-31T22:53:19.202838,2.38,8.03,34.64,5.94,0.18,0,None
2026-08-31T23:03:19.202838,2.12,7.97,34.42,4.5,0.17,0,None
2026-08-31T23:13:19.202838,2.41,8.09,34.57,4.31,0.11,0,None
2026-08-31T23:23:19.202838,2.26,8.05,34.31,5.12,0.98,0,None
2026-08-31T23:33:19.202838,2.99,7.87,34.97,4.26,0.71,0,None
2026-08-31T23:43:19.202838,3.97,7.93,34.84,4.72,0.56,0,None
2026-08-31T23:53:19.202838,3.8,7.86,34.13,5.1,0.35,0,None
2026-09-01T00:03:19.202838,3.72,8.01,34.31,4.26,0.4,0,None
2026-09-01T00:13:19.202838,3.79,8.09,34.66,4.93,0.92,0,None
2026-09-01T00:23:19.202838,2.3,7.9,34.41,4.46,0.74,0,None
2026-09-01T00:33:19.202838,2.89,8.1,34.67,4.1,0.14,0,None
2026-09-01T00:43:19.202838,3.96,7.91,34.58,5.13,0.37,0,None
2026-09-01T00:53:19.202838,3.57,8.03,34.73,4.5,0.19,0,None
2026-09-01T01:03:19.202838,2.91,7.93,34.69,5.17,0.99,0,None
2026-09-01T01:13:19.202838,3.15,8.03,34.23,5.73,0.62,0,None
2026-09-01T01:23:19.202838,2.5,8.01,34.15,5.6,0.33,0,None
2026-09-01T01:33:19.202838,2.38,8.05,34.15,4.87,0.24,0,None
2026-09-01T01:43:19.202838,3.42,8.05,34.33,5.12,0.13,0,None
2026-09-01T01:53:19.202838,3.28,7.95,34.52,5.34,0.74,0,None
2026-09-01T02:03:19.202838,2.46,7.88,34.48,5.97,0.9,0,None
2026-09-01T02:13:19.202838,2.79,8.01,34.78,4.68,0.57,0,None
2026-09-01T02:23:19.202838,3.99,7.82,34.24,5.42,0.83,0,None
2026-09-01T02:33:19.202838,2.7,8.01,34.49,5.58,0.49,0,None
2026-09-01T02:43:19.202838,2.48,7.8,34.74,5.0,0.16,0,None
2026-09-01T02:53:19.202838,2.78,7.98,34.12,4.57,0.97,0,None
2026-09-01T03:03:19.202838,3.29,7.98,34.28,5.43,0.31,0,None
2026-09-01T03:13:19.202838,3.14,8.05,34.93,4.62,0.12,0,None
2026-09-01T03:23:19.202838,12.81,8.08,34.24,4.7,0.6,1,Thermal Plume
2026-09-01T03:33:19.202838,2.97,8.0,34.91,4.28,0.38,0,None
2026-09-01T03:43:19.202838,2.52,7.82,34.14,4.35,0.84,0,None
2026-09-01T03:53:19.202838,2.25,7.82,34.34,5.97,0.61,0,None
2026-09-01T04:03:19.202838,2.18,7.92,34.96,5.43,0.19,0,None
2026-09-01T04:13:19.202838,2.55,7.85,34.7,4.48,0.23,0,None
2026-09-01T04:23:19.202838,2.22,7.99,34.3,5.48,0.38,0,None
2026-09-01T04:33:19.202838,3.02,8.05,34.06,5.31,0.69,0,None
2026-09-01T04:43:19.202838,3.71,7.88,34.28,4.44,0.95,0,None
2026-09-01T04:53:19.202838,2.45,8.05,34.91,4.16,0.58,0,None
2026-09-01T05:03:19.202838,2.92,8.09,34.73,5.69,0.25,0,None
2026-09-01T05:13:19.202838,2.79,7.94,34.67,5.53,0.56,0,None
2026-09-01T05:23:19.202838,3.55,8.09,34.38,5.19,0.17,0,None
2026-09-01T05:33:19.202838,2.4,7.84,34.72,4.1,0.32,0,None
2026-09-01T05:43:19.202838,3.76,8.02,34.09,5.38,0.82,0,None
2026-09-01T05:53:19.202838,3.4,7.91,34.53,4.42,0.44,0,None
2026-09-01T06:03:19.202838,2.79,7.95,34.38,4.51,0.31,0,None
2026-09-01T06:13:19.202838,3.37,7.97,34.47,4.24,0.55,0,None
2026-09-01T06:23:19.202838,3.53,8.08,34.53,4.89,0.68,0,None
2026-09-01T06:33:19.202838,2.53,7.85,34.22,4.6,0.33,0,None
2026-09-01T06:43:19.202838,3.0,7.98,34.08,5.17,0.17,0,None
2026-09-01T06:53:19.202838,3.88,8.07,34.79,5.49,0.82,0,None
2026-09-01T07:03:19.202838,3.62,7.93,34.44,4.18,0.7,0,None
2026-09-01T07:13:19.202838,3.35,8.09,34.23,5.41,0.32,0,None
2026-09-01T07:23:19.202838,3.22,8.08,34.7,5.57,0.34,0,None
2026-09-01T07:33:19.202838,3.74,7.92,34.38,4.57,0.95,0,None
2026-09-01T07:43:19.202838,2.61,7.92,34.67,4.83,0.64,0,None
2026-09-01T07:53:19.202838,3.77,7.91,34.69,4.78,0.52,0,None
2026-09-01T08:03:19.202838,2.74,7.97,34.52,4.45,0.34,0,None
2026-09-01T08:13:19.202838,2.26,7.93,34.63,5.73,0.95,0,None
2026-09-01T08:23:19.202838,2.51,6.05,34.62,1.69,12.36,1,Chemical Leak
2026-09-01T08:33:19.202838,2.04,8.08,34.79,4.18,0.12,0,None
2026-09-01T08:43:19.202838,2.96,8.0,34.39,5.19,0.9,0,None
2026-09-01T08:53:19.202838,3.11,8.01,34.12,5.71,0.61,0,None
2026-09-01T09:03:19.202838,3.13,7.81,34.03,4.59,0.74,0,None
2026-09-01T09:13:19.202838,2.65,8.02,34.86,4.21,0.37,0,None
2026-09-01T09:23:19.202838,3.45,7.94,34.38,5.73,0.3,0,None
2026-09-01T09:33:19.202838,3.22,8.09,34.19,4.39,0.55,0,None
2026-09-01T09:43:19.202838,3.95,7.93,34.74,4.77,0.91,0,None
2026-09-01T09:53:19.202838,3.93,7.99,34.63,4.09,0.32,0,None
2026-09-01T10:03:19.202838,3.88,7.95,34.26,5.0,0.84,0,None
2026-09-01T10:13:19.202838,3.25,7.89,34.78,5.68,0.45,0,None
2026-09-01T10:23:19.202838,3.61,7.91,34.01,5.55,0.39,0,None
2026-09-01T10:33:19.202838,2.5,8.0,34.48,4.76,0.79,0,None
2026-09-01T10:43:19.202838,2.09,7.82,34.05,5.49,0.61,0,None
2026-09-01T10:53:19.202838,2.04,8.07,34.91,5.73,0.73,0,None
2026-09-01T11:03:19.202838,2.61,7.97,34.47,4.61,0.38,0,None
2026-09-01T11:13:19.202838,2.63,8.04,34.4,5.08,0.69,0,None
2026-09-01T11:23:19.202838,2.96,7.88,34.84,5.87,0.1,0,None
2026-09-01T11:33:19.202838,2.45,7.86,34.15,4.9,0.13,0,None
2026-09-01T11:43:19.202838,3.81,7.8,34.14,5.35,0.55,0,None
2026-09-01T11:53:19.202838,2.68,8.04,34.31,4.09,0.69,0,None
2026-09-01T12:03:19.202838,3.53,7.98,34.6,5.07,0.91,0,None
2026-09-01T12:13:19.202838,3.92,8.1,34.21,5.45,0.95,0,None
2026-09-01T12:23:19.202838,3.39,7.89,34.64,5.36,0.17,0,None
2026-09-01T12:33:19.202838,2.11,7.98,34.44,5.84,0.88,0,None
2026-09-01T12:43:19.202838,3.86,8.01,34.86,4.32,0.6,0,None
2026-09-01T12:53:19.202838,3.73,8.01,34.73,4.95,0.64,0,None
2026-09-01T13:03:19.202838,2.0,7.85,34.3,5.88,0.91,0,None
2026-09-01T13:13:19.202838,3.35,7.97,34.07,5.83,0.29,0,None
2026-09-01T13:23:19.202838,3.55,7.88,34.19,5.53,0.42,0,None
2026-09-01T13:33:19.202838,2.51,8.03,34.61,5.89,0.7,0,None
2026-09-01T13:43:19.202838,2.94,7.9,34.88,4.41,0.96,0,None
2026-09-01T13:53:19.202838,3.97,6.67,34.6,2.39,11.1,1,Chemical Leak
2026-09-01T14:03:19.202838,13.22,8.08,34.55,5.79,0.52,1,Thermal Plume
2026-09-01T14:13:19.202838,2.68,7.8,34.94,4.5,0.93,0,None
2026-09-01T14:23:19.202838,3.44,7.89,34.72,5.36,0.25,0,None
2026-09-01T14:33:19.202838,2.79,7.99,34.43,4.16,0.2,0,None
2026-09-01T14:43:19.202838,2.46,7.83,34.77,4.72,0.85,0,None
2026-09-01T14:53:19.202838,2.56,7.94,35.0,5.91,0.5,0,None
2026-09-01T15:03:19.202838,2.42,7.81,34.9,4.25,0.35,0,None
2026-09-01T15:13:19.202838,2.18,7.98,34.17,5.83,0.17,0,None
2026-09-01T15:23:19.202838,3.01,8.02,34.13,5.23,0.98,0,None
2026-09-01T15:33:19.202838,3.77,7.94,34.37,5.73,0.16,0,None
2026-09-01T15:43:19.202838,3.6,7.87,34.99,4.64,0.6,0,None
2026-09-01T15:53:19.202838,2.17,8.05,34.81,5.53,0.48,0,None
2026-09-01T16:03:19.202838,3.09,8.06,34.1,4.47,0.71,0,None
2026-09-01T16:13:19.202838,3.73,7.96,34.85,4.98,0.6,0,None
2026-09-01T16:23:19.202838,3.66,8.09,34.64,5.24,0.3,0,None
2026-09-01T16:33:19.202838,3.88,7.96,34.89,4.57,0.36,0,None
2026-09-01T16:43:19.202838,2.65,7.9,34.01,4.9,0.12,0,None
2026-09-01T16:53:19.202838,2.37,7.88,34.13,5.91,0.74,0,None
2026-09-01T17:03:19.202838,3.61,7.92,34.24,5.02,0.78,0,None
2026-09-01T17:13:19.202838,2.08,8.07,34.76,5.23,0.68,0,None
2026-09-01T17:23:19.202838,3.12,8.09,34.39,4.2,0.12,0,None
2026-09-01T17:33:19.202838,3.9,7.82,34.61,4.53,0.15,0,None
2026-09-01T17:43:19.202838,3.0,8.02,34.26,5.84,0.67,0,None
2026-09-01T17:53:19.202838,3.68,7.82,34.04,4.12,0.81,0,None
2026-09-01T18:03:19.202838,2.05,7.85,34.89,5.04,0.42,0,None
2026-09-01T18:13:19.202838,12.61,7.93,34.03,4.1,0.85,1,Thermal Plume
2026-09-01T18:23:19.202838,8.37,7.94,34.51,5.62,0.54,1,Thermal Plume
2026-09-01T18:33:19.202838,3.33,7.99,34.04,5.36,0.66,0,None
2026-09-01T18:43:19.202838,3.23,7.98,34.98,5.2,0.77,0,None
2026-09-01T18:53:19.202838,2.79,7.91,34.19,4.76,0.23,0,None
2026-09-01T19:03:19.202838,8.55,7.98,34.95,5.95,0.32,1,Thermal Plume
2026-09-01T19:13:19.202838,2.5,7.98,34.79,5.99,0.91,0,None
2026-09-01T19:23:19.202838,3.69,7.95,34.02,4.3,0.54,0,None
2026-09-01T19:33:19.202838,2.48,7.96,34.22,5.47,0.97,0,None
2026-09-01T19:43:19.202838,2.36,7.81,34.89,4.63,0.72,0,None
2026-09-01T19:53:19.202838,3.45,8.02,34.76,5.05,0.72,0,None
2026-09-01T20:03:19.202838,3.8,8.09,34.96,4.7,0.3,0,None
2026-09-01T20:13:19.202838,2.67,7.88,34.6,4.28,0.5,0,None
2026-09-01T20:23:19.202838,3.41,7.84,34.52,5.93,0.49,0,None
2026-09-01T20:33:19.202838,3.38,7.91,34.35,4.97,0.23,0,None
2026-09-01T20:43:19.202838,3.91,8.04,34.31,4.23,0.87,0,None
2026-09-01T20:53:19.202838,2.09,8.0,34.53,4.82,0.33,0,None
2026-09-01T21:03:19.202838,3.3,8.09,34.25,4.61,0.18,0,None
2026-09-01T21:13:19.202838,3.92,7.87,34.14,5.67,0.84,0,None
2026-09-01T21:23:19.202838,3.96,7.81,34.75,5.54,0.37,0,None
2026-09-01T21:33:19.202838,3.46,7.94,34.41,5.9,0.35,0,None
2026-09-01T21:43:19.202838,3.77,8.01,34.04,5.97,0.35,0,None
2026-09-01T21:53:19.202838,2.42,8.04,34.62,4.02,0.61,0,None
2026-09-01T22:03:19.202838,3.89,7.87,34.32,5.73,0.7,0,None
2026-09-01T22:13:19.202838,3.48,7.9,34.1,4.42,0.34,0,None
2026-09-01T22:23:19.202838,2.95,7.85,34.87,5.08,0.2,0,None
2026-09-01T22:33:19.202838,3.36,6.6,34.61,2.46,8.91,1,Chemical Leak
2026-09-01T22:43:19.202838,3.41,7.93,34.05,5.5,0.25,0,None
2026-09-01T22:53:19.202838,3.64,8.05,34.9,5.82,0.34,0,None
2026-09-01T23:03:19.202838,3.35,7.95,34.98,4.96,0.58,0,None
2026-09-01T23:13:19.202838,2.63,7.82,34.2,4.27,0.23,0,None
2026-09-01T23:23:19.202838,2.79,7.86,34.65,5.55,0.72,0,None
2026-09-01T23:33:19.202838,2.2,7.86,34.85,5.94,0.14,0,None
2026-09-01T23:43:19.202838,3.03,7.94,35.0,5.9,0.63,0,None
2026-09-01T23:53:19.202838,2.75,8.1,34.76,5.72,0.19,0,None
2026-09-02T00:03:19.202838,3.54,8.01,34.83,5.25,0.96,0,None
2026-09-02T00:13:19.202838,2.47,8.09,34.39,5.76,0.65,0,None
2026-09-02T00:23:19.202838,2.38,7.94,34.9,4.52,0.19,0,None
2026-09-02T00:33:19.202838,3.78,8.02,34.18,4.88,0.5,0,None
2026-09-02T00:43:19.202838,2.16,8.02,34.75,4.22,0.55,0,None
2026-09-02T00:53:19.202838,3.83,7.84,34.35,5.51,0.2,0,None
2026-09-02T01:03:19.202838,2.99,7.86,34.15,5.94,0.63,0,None
2026-09-02T01:13:19.202838,3.73,7.93,34.31,4.97,0.98,0,None
2026-09-02T01:23:19.202838,3.38,7.16,34.4,1.69,13.93,1,Chemical Leak
2026-09-02T01:33:19.202838,2.59,7.8,34.91,5.1,0.86,0,None
2026-09-02T01:43:19.202838,2.54,7.8,34.51,4.55,0.48,0,None
2026-09-02T01:53:19.202838,3.55,8.03,34.31,5.98,0.34,0,None
2026-09-02T02:03:19.202838,2.14,8.02,34.72,4.38,0.1,0,None
2026-09-02T02:13:19.202838,2.34,7.9,34.11,5.47,0.28,0,None
2026-09-02T02:23:19.202838,3.89,8.05,34.4,4.63,0.87,0,None
2026-09-02T02:33:19.202838,13.02,7.9,34.94,5.45,0.91,1,Thermal Plume
2026-09-02T02:43:19.202838,2.27,7.82,34.1,4.43,0.98,0,None
2026-09-02T02:53:19.202838,3.64,7.95,34.32,4.3,0.11,0,None
2026-09-02T03:03:19.202838,3.28,7.81,34.5,4.01,0.75,0,None
2026-09-02T03:13:19.202838,3.54,8.06,34.73,4.72,0.15,0,None
2026-09-02T03:23:19.202838,2.61,8.07,34.24,5.39,0.59,0,None
2026-09-02T03:33:19.202838,2.99,7.92,34.84,4.81,0.6,0,None
2026-09-02T03:43:19.202838,2.25,8.05,34.19,4.64,0.86,0,None
2026-09-02T03:53:19.202838,2.16,8.01,34.72,5.79,0.64,0,None
2026-09-02T04:03:19.202838,3.98,8.04,34.67,5.1,0.34,0,None
2026-09-02T04:13:19.202838,3.53,7.81,34.82,5.54,0.52,0,None
2026-09-02T04:23:19.202838,3.89,7.83,34.98,4.65,0.54,0,None
2026-09-02T04:33:19.202838,2.6,7.87,34.23,4.94,0.75,0,None
2026-09-02T04:43:19.202838,2.7,7.87,34.62,5.9,0.75,0,None
2026-09-02T04:53:19.202838,3.34,8.08,34.32,5.94,0.83,0,None
2026-09-02T05:03:19.202838,14.9,8.05,34.16,5.31,0.48,1,Thermal Plume
2026-09-02T05:13:19.202838,3.05,8.07,34.87,5.8,0.63,0,None
2026-09-02T05:23:19.202838,3.13,8.02,34.41,5.72,0.83,0,None
2026-09-02T05:33:19.202838,2.6,7.82,34.22,5.42,0.61,0,None
2026-09-02T05:43:19.202838,2.04,7.91,34.22,5.61,0.6,0,None
2026-09-02T05:53:19.202838,2.4,8.02,34.9,5.09,0.82,0,None
2026-09-02T06:03:19.202838,2.31,8.0,34.76,5.77,0.96,0,None
2026-09-02T06:13:19.202838,3.72,7.82,34.67,5.55,0.6,0,None
2026-09-02T06:23:19.202838,3.49,7.88,34.93,4.24,0.98,0,None
2026-09-02T06:33:19.202838,3.77,8.07,34.05,4.69,0.41,0,None
2026-09-02T06:43:19.202838,3.01,7.83,34.36,4.74,0.53,0,None
2026-09-02T06:53:19.202838,3.82,7.82,34.71,5.54,0.8,0,None
2026-09-02T07:03:19.202838,3.22,7.97,34.61,4.77,0.69,0,None
2026-09-02T07:13:19.202838,2.89,8.07,34.57,4.66,0.13,0,None
2026-09-02T07:23:19.202838,2.98,7.99,34.28,5.11,0.89,0,None
2026-09-02T07:33:19.202838,2.76,7.94,34.65,4.8,0.33,0,None
2026-09-02T07:43:19.202838,2.36,7.88,34.71,4.05,0.37,0,None
2026-09-02T07:53:19.202838,2.59,8.09,34.65,4.48,0.21,0,None
2026-09-02T08:03:19.202838,2.06,8.04,34.19,5.02,0.38,0,None
2026-09-02T08:13:19.202838,2.23,7.94,34.86,5.38,0.25,0,None
2026-09-02T08:23:19.202838,2.05,7.94,34.77,5.72,0.18,0,None
2026-09-02T08:33:19.202838,3.25,6.58,34.84,2.92,10.11,1,Chemical Leak
2026-09-02T08:43:19.202838,2.31,7.8,34.99,5.36,0.61,0,None
2026-09-02T08:53:19.202838,2.27,7.99,34.93,5.06,0.9,0,None
2026-09-02T09:03:19.202838,3.76,7.85,34.41,5.98,0.5,0,None
2026-09-02T09:13:19.202838,3.41,8.08,34.6,5.57,0.32,0,None
2026-09-02T09:23:19.202838,2.26,7.83,34.21,5.51,0.28,0,None
2026-09-02T09:33:19.202838,3.21,7.86,34.24,5.33,0.42,0,None
2026-09-02T09:43:19.202838,2.39,7.89,34.74,5.24,0.34,0,None
2026-09-02T09:53:19.202838,2.72,8.09,34.59,5.56,0.26,0,None
2026-09-02T10:03:19.202838,3.77,8.09,34.45,5.36,0.83,0,None
2026-09-02T10:13:19.202838,2.91,7.83,34.12,4.01,0.76,0,None
2026-09-02T10:23:19.202838,3.41,7.85,34.74,5.41,0.44,0,None
2026-09-02T10:33:19.202838,3.76,7.87,34.88,4.0,0.9,0,None
2026-09-02T10:43:19.202838,2.74,7.85,34.22,4.58,0.57,0,None
2026-09-02T10:53:19.202838,2.61,8.05,34.66,5.12,0.56,0,None
2026-09-02T11:03:19.202838,2.82,7.98,34.46,4.38,0.97,0,None
2026-09-02T11:13:19.202838,2.55,7.89,34.43,4.7,0.49,0,None
2026-09-02T11:23:19.202838,3.71,7.91,34.77,4.9,0.28,0,None
2026-09-02T11:33:19.202838,2.78,6.36,34.03,1.05,8.25,1,Chemical Leak
2026-09-02T11:43:19.202838,3.65,7.84,34.73,5.32,0.72,0,None
2026-09-02T11:53:19.202838,3.39,7.91,34.52,4.82,0.11,0,None
2026-09-02T12:03:19.202838,3.08,7.94,34.66,4.65,0.72,0,None
2026-09-02T12:13:19.202838,3.28,7.89,34.66,5.23,0.5,0,None
2026-09-02T12:23:19.202838,3.37,7.91,34.09,5.92,0.65,0,None
2026-09-02T12:33:19.202838,2.64,7.91,34.95,4.54,0.8,0,None
2026-09-02T12:43:19.202838,3.45,7.98,34.29,5.18,0.75,0,None
2026-09-02T12:53:19.202838,2.61,7.86,34.01,4.68,0.26,0,None
2026-09-02T13:03:19.202838,3.69,7.91,34.07,4.15,0.35,0,None
2026-09-02T13:13:19.202838,2.03,8.06,34.41,4.32,0.1,0,None
2026-09-02T13:23:19.202838,2.67,7.91,34.22,5.54,0.47,0,None
2026-09-02T13:33:19.202838,3.54,7.96,34.69,4.49,0.49,0,None
2026-09-02T13:43:19.202838,2.81,8.05,34.01,5.72,0.12,0,None
2026-09-02T13:53:19.202838,3.61,8.05,34.97,5.37,0.3,0,None
2026-09-02T14:03:19.202838,2.38,7.99,34.9,5.2,0.44,0,None
2026-09-02T14:13:19.202838,2.07,8.08,34.22,4.57,0.27,0,None
2026-09-02T14:23:19.202838,3.9,7.93,34.29,4.39,0.25,0,None
2026-09-02T14:33:19.202838,3.19,8.05,34.81,5.87,0.57,0,None
2026-09-02T14:43:19.202838,3.27,8.08,34.62,5.09,0.38,0,None
2026-09-02T14:53:19.202838,3.02,6.0,34.12,1.54,7.72,1,Chemical Leak
2026-09-02T15:03:19.202838,2.47,8.08,34.8,5.38,0.54,0,None
2026-09-02T15:13:19.202838,3.67,8.01,34.26,4.18,0.93,0,None
2026-09-02T15:23:19.202838,3.17,8.07,34.14,4.56,0.11,0,None
2026-09-02T15:33:19.202838,2.87,7.99,34.23,4.95,0.21,0,None
2026-09-02T15:43:19.202838,3.44,7.84,34.23,4.37,0.5,0,None
2026-09-02T15:53:19.202838,2.11,7.99,34.48,4.12,0.15,0,None
2026-09-02T16:03:19.202838,2.99,8.05,34.66,5.05,0.36,0,None
2026-09-02T16:13:19.202838,2.5,8.08,34.24,4.28,0.57,0,None
2026-09-02T16:23:19.202838,3.89,8.09,34.24,5.6,0.88,0,None
2026-09-02T16:33:19.202838,3.74,8.04,34.72,4.98,0.78,0,None
2026-09-02T16:43:19.202838,2.75,7.82,34.78,5.12,0.77,0,None
2026-09-02T16:53:19.202838,2.88,8.03,34.75,4.8,0.23,0,None
2026-09-02T17:03:19.202838,3.34,7.81,34.3,4.44,0.21,0,None
2026-09-02T17:13:19.202838,2.51,8.1,34.51,5.23,0.88,0,None
2026-09-02T17:23:19.202838,2.04,8.06,34.06,4.48,0.23,0,None
2026-09-02T17:33:19.202838,2.86,8.08,34.9,5.53,0.57,0,None
2026-09-02T17:43:19.202838,2.72,7.92,34.02,4.69,0.83,0,None
2026-09-02T17:53:19.202838,3.56,7.96,34.14,4.8,0.4,0,None
2026-09-02T18:03:19.202838,3.19,7.88,34.94,5.72,0.51,0,None
2026-09-02T18:13:19.202838,2.28,8.06,34.53,4.24,0.22,0,None
2026-09-02T18:23:19.202838,2.28,8.1,34.07,5.16,0.18,0,None
2026-09-02T18:33:19.202838,4.0,7.91,34.68,4.12,0.77,0,None
2026-09-02T18:43:19.202838,3.57,7.95,34.81,5.44,0.57,0,None
2026-09-02T18:53:19.202838,14.82,7.87,34.0,4.55,0.58,1,Thermal Plume
2026-09-02T19:03:19.202838,3.77,8.07,34.53,4.78,0.1,0,None
2026-09-02T19:13:19.202838,3.34,8.04,34.26,4.73,0.94,0,None
2026-09-02T19:23:19.202838,2.1,7.94,34.37,5.05,0.79,0,None
2026-09-02T19:33:19.202838,2.64,7.86,34.42,4.16,0.51,0,None
2026-09-02T19:43:19.202838,3.56,6.86,34.29,2.07,9.95,1,Chemical Leak
2026-09-02T19:53:19.202838,3.26,8.04,34.72,4.12,0.15,0,None
2026-09-02T20:03:19.202838,2.01,7.81,34.54,5.98,0.46,0,None
2026-09-02T20:13:19.202838,3.1,7.84,34.12,4.2,0.59,0,None
2026-09-02T20:23:19.202838,11.59,8.01,34.19,5.33,0.38,1,Thermal Plume
2026-09-02T20:33:19.202838,3.46,8.0,34.66,4.78,0.14,0,None
2026-09-02T20:43:19.202838,2.47,7.86,34.3,4.58,0.96,0,None
2026-09-02T20:53:19.202838,2.78,7.84,34.56,4.55,0.51,0,None
2026-09-02T21:03:19.202838,2.1,8.02,34.31,4.35,0.8,0,None
2026-09-02T21:13:19.202838,3.33,7.85,34.8,4.33,0.46,0,None
2026-09-02T21:23:19.202838,3.56,8.01,34.77,5.48,0.2,0,None
2026-09-02T21:33:19.202838,2.51,8.05,34.57,4.12,0.62,0,None
2026-09-02T21:43:19.202838,2.79,7.97,34.56,4.86,0.2,0,None
2026-09-02T21:53:19.202838,3.57,7.9,34.2,5.59,0.58,0,None
2026-09-02T22:03:19.202838,2.49,8.03,34.18,5.82,0.41,0,None
2026-09-02T22:13:19.202838,3.64,8.0,34.34,5.71,0.15,0,None
2026-09-02T22:23:19.202838,2.47,7.97,34.92,5.87,0.58,0,None
2026-09-02T22:33:19.202838,2.73,7.82,34.81,4.1,0.15,0,None
2026-09-02T22:43:19.202838,2.63,8.03,34.05,4.11,0.76,0,None
2026-09-02T22:53:19.202838,3.05,8.03,34.63,4.05,0.56,0,None
2026-09-02T23:03:19.202838,2.79,7.87,34.22,5.86,0.97,0,None
2026-09-02T23:13:19.202838,3.57,8.0,34.98,5.92,0.12,0,None
2026-09-02T23:23:19.202838,3.62,7.88,34.88,4.74,0.26,0,None
2026-09-02T23:33:19.202838,2.08,7.94,34.36,4.85,0.83,0,None
2026-09-02T23:43:19.202838,3.39,7.82,34.92,4.3,0.14,0,None
2026-09-02T23:53:19.202838,3.44,7.9,34.95,5.58,0.44,0,None
2026-09-03T00:03:19.202838,3.5,7.8,34.53,4.18,0.46,0,None
2026-09-03T00:13:19.202838,3.06,8.02,34.6,5.87,0.16,0,None
2026-09-03T00:23:19.202838,2.39,7.95,34.54,4.44,0.61,0,None
2026-09-03T00:33:19.202838,3.43,8.07,34.43,4.22,0.93,0,None
2026-09-03T00:43:19.202838,3.98,8.1,34.35,5.51,0.8,0,None
2026-09-03T00:53:19.202838,2.58,8.05,34.13,5.2,0.86,0,None
2026-09-03T01:03:19.202838,2.91,8.1,34.21,5.08,0.43,0,None
2026-09-03T01:13:19.202838,3.05,7.91,34.57,4.1,0.36,0,None
2026-09-03T01:23:19.202838,3.57,7.92,34.49,5.46,0.11,0,None
2026-09-03T01:33:19.202838,2.13,7.92,34.88,4.24,0.64,0,None
2026-09-03T01:43:19.202838,3.46,7.89,34.66,5.0,0.58,0,None
2026-09-03T01:53:19.202838,2.95,7.84,34.65,4.96,0.54,0,None
2026-09-03T02:03:19.202838,3.68,8.09,34.08,5.32,0.21,0,None
2026-09-03T02:13:19.202838,3.22,7.94,34.44,5.44,0.89,0,None
2026-09-03T02:23:19.202838,2.05,8.1,34.56,4.92,0.4,0,None
2026-09-03T02:33:19.202838,3.98,7.87,34.72,4.2,0.38,0,None
2026-09-03T02:43:19.202838,2.39,7.89,34.13,5.63,0.37,0,None
2026-09-03T02:53:19.202838,2.56,8.04,34.47,4.69,0.12,0,None
2026-09-03T03:03:19.202838,3.92,7.91,34.09,4.91,0.68,0,None
2026-09-03T03:13:19.202838,2.71,7.99,34.03,5.66,0.11,0,None
2026-09-03T03:23:19.202838,2.22,7.86,34.49,5.13,0.4,0,None
2026-09-03T03:33:19.202838,3.12,8.04,34.12,5.18,0.15,0,None
2026-09-03T03:43:19.202838,3.57,7.91,34.69,5.39,0.95,0,None
2026-09-03T03:53:19.202838,2.41,7.85,34.36,4.34,0.73,0,None
2026-09-03T04:03:19.202838,2.88,7.86,34.09,4.23,0.33,0,None
2026-09-03T04:13:19.202838,2.07,7.88,34.62,5.06,0.91,0,None
2026-09-03T04:23:19.202838,2.42,8.0,34.26,5.71,1.0,0,None
2026-09-03T04:33:19.202838,2.32,7.95,34.58,5.87,0.51,0,None
2026-09-03T04:43:19.202838,3.82,8.06,34.44,4.65,0.4,0,None
2026-09-03T04:53:19.202838,3.37,8.08,34.05,4.34,0.18,0,None
2026-09-03T05:03:19.202838,8.49,7.96,34.26,4.93,0.33,1,Thermal Plume
2026-09-03T05:13:19.202838,3.38,7.94,34.28,5.13,0.43,0,None
2026-09-03T05:23:19.202838,3.59,8.05,34.0,5.85,0.45,0,None
2026-09-03T05:33:19.202838,2.45,8.03,35.0,4.71,0.51,0,None
2026-09-03T05:43:19.202838,2.12,7.91,34.75,4.57,0.47,0,None
2026-09-03T05:53:19.202838,3.48,7.83,34.46,4.29,0.41,0,None
2026-09-03T06:03:19.202838,3.95,8.07,34.49,5.83,0.86,0,None
2026-09-03T06:13:19.202838,2.82,8.01,34.62,4.04,0.66,0,None
2026-09-03T06:23:19.202838,2.98,8.09,34.7,5.66,0.57,0,None
2026-09-03T06:33:19.202838,3.54,8.04,34.61,4.02,0.25,0,None
2026-09-03T06:43:19.202838,2.76,7.93,34.29,4.08,0.71,0,None
2026-09-03T06:53:19.202838,2.03,7.92,34.09,5.0,0.26,0,None
2026-09-03T07:03:19.202838,2.8,8.04,34.67,5.69,0.88,0,None
2026-09-03T07:13:19.202838,2.01,7.91,34.86,4.66,0.49,0,None
2026-09-03T07:23:19.202838,2.27,7.15,34.69,1.61,7.68,1,Chemical Leak
2026-09-03T07:33:19.202838,2.84,7.99,34.12,4.87,0.31,0,None
2026-09-03T07:43:19.202838,2.44,8.05,34.28,5.35,0.23,0,None
2026-09-03T07:53:19.202838,12.95,8.07,34.11,5.24,0.85,1,Thermal Plume
2026-09-03T08:03:19.202838,2.37,8.08,34.66,4.39,0.73,0,None
2026-09-03T08:13:19.202838,3.57,7.9,34.96,4.85,0.69,0,None
2026-09-03T08:23:19.202838,2.15,7.94,34.16,4.48,0.99,0,None
2026-09-03T08:33:19.202838,3.82,7.84,34.85,5.08,0.22,0,None
2026-09-03T08:43:19.202838,2.45,7.93,34.81,4.36,0.98,0,None
2026-09-03T08:53:19.202838,2.98,8.0,34.4,5.95,0.73,0,None
2026-09-03T09:03:19.202838,3.67,8.05,34.86,4.61,0.51,0,None
2026-09-03T09:13:19.202838,2.13,7.87,34.57,5.3,0.26,0,None
2026-09-03T09:23:19.202838,2.91,7.95,34.31,4.85,0.67,0,None
2026-09-03T09:33:19.202838,3.14,8.07,34.56,4.58,0.22,0,None
2026-09-03T09:43:19.202838,3.73,7.92,34.72,4.38,0.25,0,None
2026-09-03T09:53:19.202838,3.36,8.05,34.29,4.96,0.28,0,None
2026-09-03T10:03:19.202838,3.92,8.0,34.24,4.01,0.2,0,None
2026-09-03T10:13:19.202838,2.84,7.9,34.48,5.32,0.65,0,None
2026-09-03T10:23:19.202838,2.12,7.97,34.03,4.61,0.35,0,None
2026-09-03T10:33:19.202838,2.09,7.89,34.6,4.94,0.69,0,None
2026-09-03T10:43:19.202838,3.33,7.91,34.75,5.53,0.69,0,None
2026-09-03T10:53:19.202838,2.12,7.95,34.82,5.11,0.38,0,None
2026-09-03T11:03:19.202838,3.47,8.02,34.63,4.75,0.26,0,None
2026-09-03T11:13:19.202838,3.37,7.93,34.53,4.96,0.47,0,None
2026-09-03T11:23:19.202838,2.31,8.06,34.62,5.29,0.45,0,None
2026-09-03T11:33:19.202838,3.65,7.9,34.61,5.28,0.35,0,None
2026-09-03T11:43:19.202838,2.79,8.04,34.03,4.34,0.44,0,None
2026-09-03T11:53:19.202838,2.88,7.86,34.18,4.46,0.85,0,None
2026-09-03T12:03:19.202838,3.9,8.04,34.72,5.4,0.97,0,None
2026-09-03T12:13:19.202838,3.88,7.84,34.82,4.93,0.15,0,None
2026-09-03T12:23:19.202838,3.53,7.9,34.05,4.04,0.67,0,None
2026-09-03T12:33:19.202838,3.37,7.92,34.51,4.9,0.38,0,None
2026-09-03T12:43:19.202838,3.87,7.97,34.44,4.29,0.77,0,None
2026-09-03T12:53:19.202838,3.78,7.88,34.13,4.55,0.73,0,None
2026-09-03T13:03:19.202838,2.25,7.83,34.77,4.26,0.41,0,None
2026-09-03T13:13:19.202838,3.23,7.9,34.5,4.09,0.63,0,None
2026-09-03T13:23:19.202838,3.43,7.84,34.04,5.89,0.92,0,None
2026-09-03T13:33:19.202838,3.42,7.91,34.41,4.16,0.2,0,None
2026-09-03T13:43:19.202838,3.78,7.92,34.46,5.29,0.39,0,None
2026-09-03T13:53:19.202838,3.11,7.83,34.66,5.41,0.49,0,None
2026-09-03T14:03:19.202838,2.03,8.08,34.5,4.85,0.19,0,None
2026-09-03T14:13:19.202838,2.44,7.83,34.55,5.44,0.45,0,None
2026-09-03T14:23:19.202838,3.97,7.88,34.34,5.9,0.74,0,None
2026-09-03T14:33:19.202838,3.39,7.88,34.2,4.4,0.64,0,None
2026-09-03T14:43:19.202838,2.3,7.87,34.28,4.67,0.93,0,None
2026-09-03T14:53:19.202838,2.27,7.95,34.66,5.5,0.64,0,None
2026-09-03T15:03:19.202838,3.43,8.03,34.49,4.3,0.32,0,None
2026-09-03T15:13:19.202838,10.11,7.84,34.9,5.11,0.36,1,Thermal Plume
2026-09-03T15:23:19.202838,3.72,8.05,34.24,4.98,0.14,0,None
2026-09-03T15:33:19.202838,3.88,8.03,34.51,5.77,0.43,0,None
2026-09-03T15:43:19.202838,3.51,8.02,34.36,4.29,0.76,0,None
2026-09-03T15:53:19.202838,3.78,7.89,34.75,4.41,0.23,0,None
2026-09-03T16:03:19.202838,2.61,7.97,34.98,4.37,0.16,0,None
2026-09-03T16:13:19.202838,3.41,7.94,34.88,4.66,0.53,0,None
2026-09-03T16:23:19.202838,3.15,6.51,34.8,2.13,12.54,1,Chemical Leak
2026-09-03T16:33:19.202838,3.54,6.04,35.0,2.84,10.31,1,Chemical Leak
2026-09-03T16:43:19.202838,10.83,7.99,34.2,5.86,0.74,1,Thermal Plume
2026-09-03T16:53:19.202838,3.33,7.8,34.65,4.77,0.46,0,None
2026-09-03T17:03:19.202838,2.6,8.1,34.15,4.31,0.54,0,None
2026-09-03T17:13:19.202838,2.08,7.91,34.11,4.89,0.86,0,None
2026-09-03T17:23:19.202838,3.14,7.85,34.2,5.15,0.22,0,None
2026-09-03T17:33:19.202838,2.16,7.88,34.56,5.39,0.28,0,None
2026-09-03T17:43:19.202838,3.5,8.03,34.47,5.8,0.7,0,None
2026-09-03T17:53:19.202838,2.67,7.87,34.73,4.9,0.47,0,None
2026-09-03T18:03:19.202838,3.81,8.02,34.47,4.64,0.81,0,None
2026-09-03T18:13:19.202838,3.53,8.0,34.67,5.96,0.95,0,None
2026-09-03T18:23:19.202838,2.85,7.94,34.58,4.53,0.7,0,None
2026-09-03T18:33:19.202838,2.28,8.02,34.34,5.35,0.27,0,None
2026-09-03T18:43:19.202838,2.2,6.88,34.58,2.71,7.98,1,Chemical Leak
2026-09-03T18:53:19.202838,3.55,7.98,34.85,5.86,0.47,0,None
2026-09-03T19:03:19.202838,2.94,8.03,34.93,5.13,0.51,0,None
2026-09-03T19:13:19.202838,2.59,7.81,34.13,5.47,0.18,0,None
2026-09-03T19:23:19.202838,3.25,8.08,34.58,5.97,0.13,0,None
2026-09-03T19:33:19.202838,2.29,8.03,34.27,4.61,0.17,0,None
2026-09-03T19:43:19.202838,2.47,7.9,34.35,4.55,0.34,0,None
2026-09-03T19:53:19.202838,3.03,8.05,34.83,4.21,0.18,0,None
2026-09-03T20:03:19.202838,3.28,8.05,34.75,5.8,0.23,0,None
2026-09-03T20:13:19.202838,3.69,7.96,34.29,5.3,0.39,0,None
2026-09-03T20:23:19.202838,2.78,7.84,34.62,4.82,0.4,0,None
2026-09-03T20:33:19.202838,3.26,7.83,34.59,5.54,0.92,0,None
2026-09-03T20:43:19.202838,3.33,7.93,34.38,5.46,0.42,0,None
2026-09-03T20:53:19.202838,2.62,7.96,34.65,4.28,0.96,0,None
2026-09-03T21:03:19.202838,3.41,8.1,34.93,5.76,0.66,0,None
2026-09-03T21:13:19.202838,3.69,6.79,34.23,1.84,7.14,1,Chemical Leak
2026-09-03T21:23:19.202838,3.28,7.82,34.12,5.52,0.22,0,None
2026-09-03T21:33:19.202838,3.6,7.84,34.07,5.35,0.82,0,None
2026-09-03T21:43:19.202838,2.24,8.07,34.09,4.04,1.0,0,None
2026-09-03T21:53:19.202838,3.35,7.87,34.57,4.32,0.6,0,None
2026-09-03T22:03:19.202838,3.36,8.02,34.87,5.81,0.25,0,None
2026-09-03T22:13:19.202838,3.7,7.87,34.97,5.85,0.86,0,None
2026-09-03T22:23:19.202838,3.28,8.04,34.21,5.34,0.36,0,None
2026-09-03T22:33:19.202838,2.61,8.06,34.45,4.61,0.61,0,None
2026-09-03T22:43:19.202838,3.95,7.94,34.8,5.95,0.87,0,None
2026-09-03T22:53:19.202838,2.08,7.83,34.34,4.57,0.94,0,None
2026-09-03T23:03:19.202838,2.0,8.06,34.7,5.24,0.22,0,None
2026-09-03T23:13:19.202838,2.6,7.88,34.6,4.6,0.56,0,None
2026-09-03T23:23:19.202838,3.65,7.93,34.52,4.26,0.31,0,None
2026-09-03T23:33:19.202838,2.69,7.92,34.04,5.89,0.46,0,None
2026-09-03T23:43:19.202838,3.48,7.91,34.07,4.99,0.49,0,None
2026-09-03T23:53:19.202838,2.29,7.94,34.39,4.89,0.83,0,None
2026-09-04T00:03:19.202838,3.32,8.04,34.53,4.82,0.88,0,None
2026-09-04T00:13:19.202838,10.73,8.03,34.85,4.55,0.72,1,Thermal Plume
2026-09-04T00:23:19.202838,3.08,7.88,34.5,4.24,0.89,0,None
2026-09-04T00:33:19.202838,3.83,7.97,34.46,4.47,0.64,0,None
2026-09-04T00:43:19.202838,3.42,7.96,34.71,4.57,0.31,0,None
2026-09-04T00:53:19.202838,2.86,7.8,34.39,4.73,0.85,0,None
2026-09-04T01:03:19.202838,2.46,8.01,34.41,5.86,0.48,0,None
2026-09-04T01:13:19.202838,2.19,7.98,34.44,4.55,0.9,0,None
2026-09-04T01:23:19.202838,2.64,7.91,34.79,5.15,0.45,0,None
2026-09-04T01:33:19.202838,3.56,8.02,34.28,5.04,0.19,0,None
2026-09-04T01:43:19.202838,3.22,8.07,34.8,4.61,0.97,0,None
2026-09-04T01:53:19.202838,3.96,7.8,34.98,5.09,0.67,0,None
2026-09-04T02:03:19.202838,2.61,7.82,35.0,5.43,0.56,0,None
2026-09-04T02:13:19.202838,3.42,8.01,34.52,4.08,0.59,0,None
2026-09-04T02:23:19.202838,3.76,7.99,34.67,5.05,0.52,0,None
2026-09-04T02:33:19.202838,3.67,7.8,34.96,4.8,0.62,0,None
2026-09-04T02:43:19.202838,3.52,7.97,34.41,4.58,0.36,0,None
2026-09-04T02:53:19.202838,3.42,8.01,34.47,4.91,0.26,0,None
2026-09-04T03:03:19.202838,11.07,7.84,34.8,4.8,0.8,1,Thermal Plume
2026-09-04T03:13:19.202838,2.22,7.85,34.89,5.62,0.4,0,None
2026-09-04T03:23:19.202838,3.79,7.93,34.67,5.29,0.69,0,None
2026-09-04T03:33:19.202838,2.71,8.0,34.27,5.7,0.49,0,None
2026-09-04T03:43:19.202838,3.88,7.85,34.1,4.34,0.16,0,None
2026-09-04T03:53:19.202838,2.47,8.09,34.7,5.45,0.22,0,None
2026-09-04T04:03:19.202838,3.99,7.9,34.43,4.79,0.24,0,None
2026-09-04T04:13:19.202838,3.15,8.02,34.25,5.43,0.28,0,None
2026-09-04T04:23:19.202838,2.08,8.09,34.06,5.64,0.13,0,None
2026-09-04T04:33:19.202838,3.66,7.85,34.2,4.64,0.93,0,None
2026-09-04T04:43:19.202838,2.53,8.06,34.55,5.09,0.75,0,None
2026-09-04T04:53:19.202838,3.03,7.81,34.83,4.14,0.2,0,None
2026-09-04T05:03:19.202838,2.56,7.97,34.99,5.16,0.2,0,None
2026-09-04T05:13:19.202838,2.84,8.02,34.4,4.94,0.43,0,None
2026-09-04T05:23:19.202838,3.05,7.82,34.97,5.16,0.54,0,None
2026-09-04T05:33:19.202838,3.54,7.9,34.01,5.79,0.31,0,None
2026-09-04T05:43:19.202838,3.38,8.08,34.1,4.23,0.74,0,None
2026-09-04T05:53:19.202838,3.86,7.95,34.59,4.39,0.83,0,None
2026-09-04T06:03:19.202838,3.32,7.88,34.22,4.79,0.43,0,None
2026-09-04T06:13:19.202838,2.37,8.07,34.9,4.86,0.3,0,None
2026-09-04T06:23:19.202838,2.73,7.97,34.73,4.47,0.59,0,None
2026-09-04T06:33:19.202838,2.49,7.85,34.51,4.61,0.18,0,None
2026-09-04T06:43:19.202838,2.26,8.07,34.37,4.47,0.37,0,None
2026-09-04T06:53:19.202838,2.64,7.93,34.53,5.63,0.36,0,None
2026-09-04T07:03:19.202838,3.87,7.97,34.2,4.85,0.19,0,None
2026-09-04T07:13:19.202838,2.72,7.92,34.01,5.98,0.43,0,None
2026-09-04T07:23:19.202838,2.01,7.86,34.95,4.03,0.67,0,None
2026-09-04T07:33:19.202838,2.03,7.86,34.54,4.05,0.42,0,None
2026-09-04T07:43:19.202838,2.53,7.99,34.67,5.63,0.49,0,None
2026-09-04T07:53:19.202838,3.83,7.99,34.58,5.45,0.7,0,None
2026-09-04T08:03:19.202838,3.98,7.93,34.09,5.03,0.68,0,None
2026-09-04T08:13:19.202838,2.14,8.03,34.0,4.41,0.38,0,None
2026-09-04T08:23:19.202838,2.84,7.83,34.77,4.7,0.43,0,None
2026-09-04T08:33:19.202838,2.32,8.06,34.59,5.86,0.88,0,None
2026-09-04T08:43:19.202838,3.06,7.85,34.81,5.43,0.41,0,None
2026-09-04T08:53:19.202838,2.42,7.99,34.31,5.83,0.22,0,None
2026-09-04T09:03:19.202838,2.37,7.99,34.11,5.81,0.49,0,None
2026-09-04T09:13:19.202838,3.29,7.84,34.85,4.56,0.8,0,None
2026-09-04T09:23:19.202838,2.46,7.95,34.88,4.63,0.5,0,None
2026-09-04T09:33:19.202838,2.29,8.09,34.94,4.18,0.26,0,None
2026-09-04T09:43:19.202838,2.5,7.98,34.21,5.44,0.22,0,None
2026-09-04T09:53:19.202838,2.1,7.83,34.58,5.74,0.28,0,None
2026-09-04T10:03:19.202838,3.96,8.0,34.59,5.28,0.24,0,None
2026-09-04T10:13:19.202838,3.8,7.93,34.65,5.33,0.56,0,None
2026-09-04T10:23:19.202838,2.19,8.01,34.7,4.52,0.87,0,None
2026-09-04T10:33:19.202838,3.22,8.09,34.28,4.59,0.52,0,None
2026-09-04T10:43:19.202838,2.95,8.06,34.9,5.67,0.51,0,None
2026-09-04T10:53:19.202838,3.02,7.85,34.2,5.19,0.97,0,None
2026-09-04T11:03:19.202838,2.27,8.04,34.61,4.42,0.65,0,None
2026-09-04T11:13:19.202838,3.77,7.91,34.09,5.11,0.7,0,None
2026-09-04T11:23:19.202838,3.27,7.89,34.03,5.67,0.55,0,None
2026-09-04T11:33:19.202838,3.66,8.1,34.78,5.26,0.3,0,None
2026-09-04T11:43:19.202838,3.67,7.98,34.97,5.06,0.11,0,None
2026-09-04T11:53:19.202838,3.4,7.86,34.37,4.94,0.82,0,None
2026-09-04T12:03:19.202838,3.64,7.97,34.65,5.85,0.34,0,None
2026-09-04T12:13:19.202838,2.17,7.8,34.19,5.0,0.7,0,None
2026-09-04T12:23:19.202838,3.43,7.89,34.89,4.45,0.71,0,None
2026-09-04T12:33:19.202838,2.27,7.84,34.47,5.66,0.42,0,None
2026-09-04T12:43:19.202838,3.01,7.93,34.5,4.55,0.15,0,None
2026-09-04T12:53:19.202838,3.04,7.94,34.03,4.76,0.78,0,None
2026-09-04T13:03:19.202838,3.42,7.89,34.97,5.35,0.69,0,None
2026-09-04T13:13:19.202838,2.31,8.01,34.54,4.62,0.68,0,None
2026-09-04T13:23:19.202838,3.61,7.93,34.84,4.09,0.25,0,None
2026-09-04T13:33:19.202838,2.15,7.82,34.28,5.28,0.75,0,None
2026-09-04T13:43:19.202838,2.61,8.02,34.58,5.09,0.9,0,None
2026-09-04T13:53:19.202838,3.39,7.91,34.43,5.87,0.56,0,None
2026-09-04T14:03:19.202838,2.74,7.83,34.17,4.24,0.25,0,None
2026-09-04T14:13:19.202838,2.17,8.06,34.25,5.57,0.26,0,None
2026-09-04T14:23:19.202838,3.17,8.06,34.03,5.09,0.61,0,None
2026-09-04T14:33:19.202838,2.07,7.86,34.56,4.3,0.58,0,None
2026-09-04T14:43:19.202838,2.66,7.97,34.54,5.99,0.15,0,None
2026-09-04T14:53:19.202838,3.47,7.88,34.88,5.98,0.69,0,None
2026-09-04T15:03:19.202838,2.8,8.01,34.62,5.0,0.52,0,None
2026-09-04T15:13:19.202838,3.12,7.87,34.73,5.16,0.72,0,None
2026-09-04T15:23:19.202838,3.74,8.07,34.31,4.14,0.72,0,None
2026-09-04T15:33:19.202838,3.12,8.04,34.55,4.63,0.94,0,None
2026-09-04T15:43:19.202838,2.99,7.83,34.39,5.64,0.9,0,None
2026-09-04T15:53:19.202838,3.47,8.05,34.92,4.94,0.75,0,None
2026-09-04T16:03:19.202838,2.39,8.03,34.26,5.25,0.95,0,None
2026-09-04T16:13:19.202838,3.92,7.9,34.37,4.87,0.29,0,None
2026-09-04T16:23:19.202838,3.38,7.97,34.97,5.91,0.99,0,None
2026-09-04T16:33:19.202838,2.57,7.81,34.32,5.11,0.41,0,None
2026-09-04T16:43:19.202838,2.38,7.99,34.69,5.29,0.59,0,None
2026-09-04T16:53:19.202838,3.0,7.87,34.69,4.51,0.54,0,None
2026-09-04T17:03:19.202838,2.92,7.92,34.46,5.89,0.56,0,None
2026-09-04T17:13:19.202838,3.83,7.91,34.48,5.9,1.0,0,None
2026-09-04T17:23:19.202838,3.57,8.07,34.99,5.5,0.38,0,None
2026-09-04T17:33:19.202838,3.12,8.01,34.75,4.49,0.97,0,None
2026-09-04T17:43:19.202838,3.9,8.03,34.58,4.79,0.7,0,None
2026-09-04T17:53:19.202838,3.87,7.94,34.68,5.19,0.72,0,None
2026-09-04T18:03:19.202838,2.1,8.01,34.08,5.96,0.13,0,None
2026-09-04T18:13:19.202838,2.37,7.91,34.72,4.1,0.11,0,None
2026-09-04T18:23:19.202838,2.26,7.91,34.85,5.56,0.98,0,None
2026-09-04T18:33:19.202838,2.25,8.0,34.48,4.48,0.15,0,None
2026-09-04T18:43:19.202838,3.22,7.9,34.65,5.29,0.34,0,None
2026-09-04T18:53:19.202838,3.79,8.01,34.64,5.43,0.75,0,None
2026-09-04T19:03:19.202838,2.87,8.1,34.21,5.94,0.81,0,None
2026-09-04T19:13:19.202838,2.95,7.91,34.21,5.17,0.37,0,None
2026-09-04T19:23:19.202838,3.89,7.96,34.45,5.91,0.18,0,None
2026-09-04T19:33:19.202838,3.21,7.83,34.55,5.35,0.12,0,None
2026-09-04T19:43:19.202838,2.65,7.96,34.84,5.22,0.96,0,None
2026-09-04T19:53:19.202838,3.05,7.82,34.11,4.09,0.36,0,None
2026-09-04T20:03:19.202838,3.26,7.93,34.62,5.31,0.51,0,None
2026-09-04T20:13:19.202838,3.21,7.82,34.26,5.19,0.79,0,None
2026-09-04T20:23:19.202838,2.54,8.09,34.6,4.01,0.36,0,None
2026-09-04T20:33:19.202838,3.15,8.05,34.24,4.82,0.14,0,None
2026-09-04T20:43:19.202838,3.35,7.83,34.63,5.53,0.67,0,None
2026-09-04T20:53:19.202838,3.07,8.04,34.64,4.06,0.22,0,None
2026-09-04T21:03:19.202838,3.36,7.87,34.25,4.05,0.37,0,None
2026-09-04T21:13:19.202838,3.44,8.01,34.07,5.5,0.43,0,None
2026-09-04T21:23:19.202838,3.62,8.09,34.24,4.92,0.29,0,None
2026-09-04T21:33:19.202838,3.04,7.83,34.11,5.62,0.52,0,None
2026-09-04T21:43:19.202838,3.69,8.0,34.47,4.4,0.75,0,None
2026-09-04T21:53:19.202838,3.03,6.29,34.71,2.71,14.73,1,Chemical Leak
2026-09-04T22:03:19.202838,3.46,8.07,34.17,5.52,0.1,0,None
2026-09-04T22:13:19.202838,3.42,7.89,34.64,5.93,0.42,0,None
2026-09-04T22:23:19.202838,3.12,7.84,34.37,5.67,0.32,0,None
2026-09-04T22:33:19.202838,3.82,7.88,34.91,4.05,0.6,0,None
2026-09-04T22:43:19.202838,2.58,6.99,34.65,2.59,11.87,1,Chemical Leak
2026-09-04T22:53:19.202838,2.93,8.08,34.62,4.82,0.16,0,None
2026-09-04T23:03:19.202838,3.6,7.82,34.09,4.34,0.71,0,None
2026-09-04T23:13:19.202838,3.73,7.9,34.96,5.28,0.78,0,None
2026-09-04T23:23:19.202838,2.19,7.96,34.83,5.0,0.43,0,None
2026-09-04T23:33:19.202838,3.89,7.86,34.39,5.08,0.93,0,None
2026-09-04T23:43:19.202838,3.64,7.96,34.21,5.4,0.83,0,None
2026-09-04T23:53:19.202838,2.6,7.85,34.79,4.2,0.92,0,None
2026-09-05T00:03:19.202838,3.52,7.94,34.46,4.83,0.7,0,None
2026-09-05T00:13:19.202838,3.37,8.1,34.43,4.24,0.81,0,None
2026-09-05T00:23:19.202838,2.57,7.88,34.39,4.1,0.29,0,None
2026-09-05T00:33:19.202838,2.83,8.07,34.07,5.99,0.33,0,None
2026-09-05T00:43:19.202838,2.2,8.05,34.67,5.17,0.51,0,None
2026-09-05T00:53:19.202838,3.15,8.04,34.92,4.77,0.93,0,None
2026-09-05T01:03:19.202838,3.18,7.94,34.41,4.71,0.59,0,None
2026-09-05T01:13:19.202838,2.33,8.05,34.96,5.74,0.54,0,None
2026-09-05T01:23:19.202838,2.74,7.84,34.31,5.14,0.47,0,None
2026-09-05T01:33:19.202838,2.32,7.96,34.31,5.2,0.84,0,None
2026-09-05T01:43:19.202838,2.6,7.93,34.09,4.7,0.15,0,None
2026-09-05T01:53:19.202838,2.37,7.94,34.16,5.35,0.98,0,None
2026-09-05T02:03:19.202838,2.49,7.89,34.24,4.23,0.5,0,None
2026-09-05T02:13:19.202838,3.05,7.9,34.84,5.04,0.33,0,None
2026-09-05T02:23:19.202838,3.88,8.06,34.63,4.93,0.17,0,None
2026-09-05T02:33:19.202838,2.81,7.86,34.5,5.69,0.99,0,None
2026-09-05T02:43:19.202838,3.59,7.9,34.64,4.66,0.26,0,None
2026-09-05T02:53:19.202838,3.95,7.82,34.92,4.31,0.86,0,None
2026-09-05T03:03:19.202838,2.93,7.82,34.22,4.72,0.46,0,None
2026-09-05T03:13:19.202838,3.5,8.01,34.08,5.46,0.28,0,None
2026-09-05T03:23:19.202838,3.6,7.92,34.57,4.81,0.33,0,None
2026-09-05T03:33:19.202838,3.54,8.09,34.01,4.3,0.82,0,None
2026-09-05T03:43:19.202838,3.82,8.01,34.67,4.44,0.83,0,None
2026-09-05T03:53:19.202838,3.39,7.94,34.07,4.33,0.86,0,None
2026-09-05T04:03:19.202838,2.51,7.9,34.86,4.9,0.91,0,None
2026-09-05T04:13:19.202838,3.52,7.85,34.77,5.87,0.69,0,None
2026-09-05T04:23:19.202838,3.89,8.05,34.28,4.38,0.59,0,None
2026-09-05T04:33:19.202838,2.76,8.09,34.51,4.17,0.35,0,None
2026-09-05T04:43:19.202838,2.8,7.86,34.64,5.34,0.74,0,None
2026-09-05T04:53:19.202838,3.33,8.07,34.11,4.19,0.86,0,None
2026-09-05T05:03:19.202838,3.48,8.1,34.08,4.38,0.65,0,None
2026-09-05T05:13:19.202838,2.03,7.97,34.42,4.97,0.96,0,None
2026-09-05T05:23:19.202838,2.34,8.06,34.65,5.74,0.4,0,None
2026-09-05T05:33:19.202838,8.34,7.86,34.05,5.53,0.13,1,Thermal Plume
2026-09-05T05:43:19.202838,3.59,7.91,34.17,5.11,0.47,0,None
2026-09-05T05:53:19.202838,3.14,7.9,34.88,5.29,0.42,0,None
2026-09-05T06:03:19.202838,2.09,8.07,34.73,4.6,0.2,0,None
2026-09-05T06:13:19.202838,3.44,8.02,34.19,4.82,0.33,0,None
2026-09-05T06:23:19.202838,2.2,8.0,34.25,5.7,0.45,0,None
2026-09-05T06:33:19.202838,3.0,7.85,34.33,5.4,0.77,0,None
2026-09-05T06:43:19.202838,3.82,7.94,34.69,4.52,0.57,0,None
2026-09-05T06:53:19.202838,2.71,8.06,34.43,4.44,0.52,0,None
2026-09-05T07:03:19.202838,2.59,8.05,34.28,4.83,0.51,0,None
2026-09-05T07:13:19.202838,2.33,7.84,34.61,5.24,0.22,0,None
2026-09-05T07:23:19.202838,3.4,8.0,34.28,4.92,0.38,0,None
2026-09-05T07:33:19.202838,3.1,8.08,34.74,4.12,0.86,0,None
2026-09-05T07:43:19.202838,2.61,8.07,34.98,4.07,0.2,0,None
2026-09-05T07:53:19.202838,3.49,7.96,34.24,4.5,0.23,0,None
2026-09-05T08:03:19.202838,3.55,8.09,34.91,4.5,0.41,0,None
2026-09-05T08:13:19.202838,3.45,8.01,34.5,5.04,0.49,0,None
2026-09-05T08:23:19.202838,3.14,7.92,34.19,5.26,0.66,0,None
2026-09-05T08:33:19.202838,2.8,8.0,34.17,5.92,0.67,0,None
2026-09-05T08:43:19.202838,2.26,7.98,34.11,5.19,0.83,0,None
2026-09-05T08:53:19.202838,2.16,8.0,34.59,5.95,0.23,0,None
2026-09-05T09:03:19.202838,3.35,7.94,34.84,4.32,0.12,0,None
2026-09-05T09:13:19.202838,3.21,7.96,34.18,5.26,0.49,0,None
2026-09-05T09:23:19.202838,9.42,7.86,34.97,4.16,0.52,1,Thermal Plume
2026-09-05T09:33:19.202838,14.39,7.94,34.91,5.55,0.15,1,Thermal Plume
2026-09-05T09:43:19.202838,3.74,7.87,34.24,4.96,0.97,0,None
2026-09-05T09:53:19.202838,3.09,7.95,34.33,5.23,0.51,0,None
2026-09-05T10:03:19.202838,2.18,7.98,34.95,4.32,0.68,0,None
2026-09-05T10:13:19.202838,2.02,7.98,34.57,5.05,0.43,0,None
2026-09-05T10:23:19.202838,2.08,7.92,34.49,5.78,0.54,0,None
2026-09-05T10:33:19.202838,2.19,7.9,34.23,4.96,0.22,0,None
2026-09-05T10:43:19.202838,2.11,8.07,34.29,4.99,0.96,0,None
2026-09-05T10:53:19.202838,2.11,7.83,34.44,4.5,0.91,0,None
2026-09-05T11:03:19.202838,2.32,7.98,34.06,4.3,0.36,0,None
2026-09-05T11:13:19.202838,2.44,8.04,34.84,5.83,0.89,0,None
2026-09-05T11:23:19.202838,3.96,7.92,34.34,4.92,0.32,0,None
2026-09-05T11:33:19.202838,2.97,7.81,34.88,4.8,0.49,0,None
2026-09-05T11:43:19.202838,3.5,8.09,34.3,4.78,0.15,0,None
2026-09-05T11:53:19.202838,9.95,8.06,34.35,5.43,0.23,1,Thermal Plume
2026-09-05T12:03:19.202838,2.15,8.0,34.54,4.76,0.12,0,None
2026-09-05T12:13:19.202838,2.75,8.03,34.09,4.74,0.91,0,None
2026-09-05T12:23:19.202838,8.74,7.92,34.72,4.16,0.44,1,Thermal Plume
2026-09-05T12:33:19.202838,3.62,7.88,34.16,4.08,0.11,0,None
2026-09-05T12:43:19.202838,3.3,7.93,34.77,6.0,0.58,0,None
2026-09-05T12:53:19.202838,2.25,7.85,34.49,5.3,0.85,0,None
2026-09-05T13:03:19.202838,3.34,8.1,34.65,4.12,0.72,0,None
2026-09-05T13:13:19.202838,2.87,7.96,34.33,4.58,0.14,0,None
2026-09-05T13:23:19.202838,2.87,7.84,34.63,5.35,0.66,0,None
2026-09-05T13:33:19.202838,3.04,7.8,34.24,4.77,0.66,0,None
2026-09-05T13:43:19.202838,3.29,7.86,34.88,4.84,0.84,0,None
2026-09-05T13:53:19.202838,2.89,7.89,34.74,5.57,0.57,0,None
2026-09-05T14:03:19.202838,2.77,8.09,34.77,5.25,0.43,0,None
2026-09-05T14:13:19.202838,3.73,7.9,34.88,4.15,0.98,0,None
2026-09-05T14:23:19.202838,3.4,8.03,34.74,5.12,0.96,0,None
2026-09-05T14:33:19.202838,2.57,8.08,34.65,5.22,0.22,0,None
2026-09-05T14:43:19.202838,2.2,8.09,34.7,5.79,0.26,0,None
2026-09-05T14:53:19.202838,3.36,7.85,34.59,4.47,0.34,0,None
2026-09-05T15:03:19.202838,2.06,8.1,34.19,5.14,0.71,0,None
2026-09-05T15:13:19.202838,4.0,7.82,34.42,5.24,0.83,0,None
2026-09-05T15:23:19.202838,3.12,7.95,34.41,5.65,0.16,0,None
2026-09-05T15:33:19.202838,3.85,8.05,34.94,4.61,0.93,0,None
2026-09-05T15:43:19.202838,3.51,8.06,34.83,4.16,0.64,0,None
2026-09-05T15:53:19.202838,3.71,6.72,34.07,1.46,5.42,1,Chemical Leak
2026-09-05T16:03:19.202838,3.07,7.82,34.91,4.56,0.53,0,None
2026-09-05T16:13:19.202838,2.93,7.97,34.97,5.66,0.97,0,None
2026-09-05T16:23:19.202838,3.74,7.84,34.46,4.62,0.53,0,None
2026-09-05T16:33:19.202838,3.52,7.82,34.62,5.54,0.13,0,None
2026-09-05T16:43:19.202838,2.77,7.87,34.96,5.64,0.12,0,None
2026-09-05T16:53:19.202838,3.86,7.93,34.28,4.3,0.36,0,None
2026-09-05T17:03:19.202838,3.61,8.09,34.45,4.98,0.3,0,None
2026-09-05T17:13:19.202838,2.9,7.9,34.05,5.12,0.34,0,None
2026-09-05T17:23:19.202838,3.41,8.01,34.14,5.85,0.11,0,None
2026-09-05T17:33:19.202838,2.87,7.92,34.58,4.57,0.47,0,None
2026-09-05T17:43:19.202838,2.48,7.81,34.07,5.39,0.86,0,None
2026-09-05T17:53:19.202838,2.5,7.93,34.32,4.59,0.43,0,None
2026-09-05T18:03:19.202838,3.56,7.91,34.92,5.04,0.82,0,None
2026-09-05T18:13:19.202838,2.16,7.98,34.3,4.03,0.95,0,None
2026-09-05T18:23:19.202838,2.32,8.08,34.4,5.09,0.6,0,None
2026-09-05T18:33:19.202838,3.6,7.84,34.08,4.37,0.95,0,None
2026-09-05T18:43:19.202838,2.29,8.01,34.58,4.5,0.33,0,None
2026-09-05T18:53:19.202838,2.99,7.97,34.59,5.36,0.32,0,None
2026-09-05T19:03:19.202838,2.95,8.09,34.51,4.55,0.43,0,None
2026-09-05T19:13:19.202838,2.15,7.9,34.24,5.91,0.94,0,None
2026-09-05T19:23:19.202838,2.72,7.88,34.32,5.15,0.38,0,None
2026-09-05T19:33:19.202838,2.87,7.92,34.65,4.16,0.37,0,None
2026-09-05T19:43:19.202838,2.86,8.08,34.84,5.93,0.17,0,None
2026-09-05T19:53:19.202838,2.64,7.98,34.01,5.84,0.2,0,None
2026-09-05T20:03:19.202838,3.31,7.97,34.11,5.36,0.29,0,None
2026-09-05T20:13:19.202838,13.74,8.07,34.04,5.73,0.64,1,Thermal Plume
2026-09-05T20:23:19.202838,2.37,8.05,34.21,5.22,0.81,0,None
2026-09-05T20:33:19.202838,3.76,7.89,34.11,4.92,0.84,0,None
2026-09-05T20:43:19.202838,3.22,7.93,34.69,5.12,0.87,0,None
2026-09-05T20:53:19.202838,3.85,7.96,34.68,5.78,0.87,0,None
2026-09-05T21:03:19.202838,2.24,7.99,34.17,5.39,0.39,0,None
2026-09-05T21:13:19.202838,3.58,7.83,34.2,5.31,0.41,0,None
2026-09-05T21:23:19.202838,2.85,7.97,34.69,6.0,0.65,0,None
2026-09-05T21:33:19.202838,2.09,7.81,34.39,5.89,0.61,0,None
2026-09-05T21:43:19.202838,3.04,7.95,34.44,5.66,0.16,0,None
2026-09-05T21:53:19.202838,2.57,8.04,34.62,4.99,0.39,0,None
2026-09-05T22:03:19.202838,2.94,7.98,34.8,4.04,0.66,0,None
2026-09-05T22:13:19.202838,2.3,7.91,34.48,5.27,0.31,0,None
2026-09-05T22:23:19.202838,3.79,8.07,34.51,4.74,0.46,0,None
2026-09-05T22:33:19.202838,2.17,7.9,34.56,4.58,0.61,0,None
2026-09-05T22:43:19.202838,3.08,8.04,34.46,4.27,0.22,0,None
2026-09-05T22:53:19.202838,3.94,7.97,34.53,4.8,0.19,0,None
2026-09-05T23:03:19.202838,2.37,7.83,34.17,5.02,0.98,0,None
2026-09-05T23:13:19.202838,2.78,8.07,34.19,5.9,1.0,0,None
2026-09-05T23:23:19.202838,3.63,7.82,34.77,5.32,0.91,0,None
2026-09-05T23:33:19.202838,3.37,7.91,34.41,5.72,0.83,0,None
2026-09-05T23:43:19.202838,2.25,8.02,34.24,5.36,0.92,0,None
2026-09-05T23:53:19.202838,2.45,7.97,34.6,5.29,0.5,0,None
2026-09-06T00:03:19.202838,2.61,7.86,34.84,4.46,0.12,0,None
2026-09-06T00:13:19.202838,2.51,7.96,34.78,5.71,0.21,0,None
2026-09-06T00:23:19.202838,2.46,7.97,34.35,4.26,0.99,0,None
2026-09-06T00:33:19.202838,2.59,7.82,34.81,4.62,0.41,0,None
2026-09-06T00:43:19.202838,2.17,7.95,34.3,4.64,0.54,0,None
2026-09-06T00:53:19.202838,2.73,7.97,34.68,5.86,0.41,0,None
2026-09-06T01:03:19.202838,3.58,8.06,34.39,5.56,0.26,0,None
2026-09-06T01:13:19.202838,2.69,7.97,34.32,5.73,0.19,0,None
2026-09-06T01:23:19.202838,3.07,7.99,34.02,4.63,0.45,0,None
2026-09-06T01:33:19.202838,2.76,8.04,34.76,4.21,0.31,0,None
2026-09-06T01:43:19.202838,2.28,7.84,34.2,4.1,0.56,0,None
2026-09-06T01:53:19.202838,3.88,7.98,34.69,5.51,0.68,0,None
2026-09-06T02:03:19.202838,3.37,7.89,34.83,5.7,0.25,0,None
2026-09-06T02:13:19.202838,3.84,8.01,34.99,4.55,0.96,0,None
2026-09-06T02:23:19.202838,3.32,7.85,34.01,5.7,0.42,0,None
2026-09-06T02:33:19.202838,2.08,7.94,34.08,4.38,0.28,0,None
2026-09-06T02:43:19.202838,2.59,7.99,34.68,5.03,0.22,0,None
2026-09-06T02:53:19.202838,2.37,7.86,34.52,4.96,0.19,0,None
2026-09-06T03:03:19.202838,3.0,8.08,34.34,4.67,0.15,0,None
2026-09-06T03:13:19.202838,2.94,7.91,34.19,5.99,0.44,0,None
2026-09-06T03:23:19.202838,2.02,7.83,34.55,4.62,0.56,0,None
2026-09-06T03:33:19.202838,2.55,7.93,34.61,5.46,0.94,0,None
2026-09-06T03:43:19.202838,3.51,7.92,34.44,4.69,0.87,0,None
2026-09-06T03:53:19.202838,3.58,7.95,34.48,5.02,0.28,0,None
2026-09-06T04:03:19.202838,3.08,7.86,34.82,5.68,0.86,0,None
2026-09-06T04:13:19.202838,3.76,7.98,34.33,5.13,0.48,0,None
2026-09-06T04:23:19.202838,2.89,8.07,34.62,4.91,0.43,0,None
2026-09-06T04:33:19.202838,3.69,7.98,34.75,4.12,0.19,0,None
2026-09-06T04:43:19.202838,3.57,7.83,34.61,5.26,0.19,0,None
2026-09-06T04:53:19.202838,3.41,7.99,34.3,4.48,0.63,0,None
2026-09-06T05:03:19.202838,2.2,7.99,34.63,5.36,0.44,0,None
2026-09-06T05:13:19.202838,2.21,6.14,34.04,2.61,12.75,1,Chemical Leak
2026-09-06T05:23:19.202838,2.74,8.03,34.35,5.66,0.94,0,None
2026-09-06T05:33:19.202838,2.06,7.91,34.42,4.06,0.23,0,None
2026-09-06T05:43:19.202838,3.72,8.05,34.86,5.47,1.0,0,None
2026-09-06T05:53:19.202838,2.08,7.99,34.93,5.41,0.93,0,None
2026-09-06T06:03:19.202838,2.04,7.96,34.24,4.03,0.75,0,None
2026-09-06T06:13:19.202838,2.65,8.03,34.22,5.46,0.6,0,None
2026-09-06T06:23:19.202838,3.19,8.05,34.47,5.78,0.75,0,None
2026-09-06T06:33:19.202838,3.65,7.96,34.83,5.38,0.17,0,None
2026-09-06T06:43:19.202838,3.61,8.08,34.63,4.74,0.87,0,None
2026-09-06T06:53:19.202838,2.69,7.82,34.91,4.47,0.95,0,None
2026-09-06T07:03:19.202838,2.78,8.05,34.26,4.42,0.46,0,None
2026-09-06T07:13:19.202838,3.76,7.93,34.38,4.73,0.83,0,None
2026-09-06T07:23:19.202838,2.09,8.06,34.78,5.54,0.76,0,None
2026-09-06T07:33:19.202838,3.48,7.96,34.24,5.48,0.65,0,None
2026-09-06T07:43:19.202838,9.97,8.08,34.74,5.85,0.77,1,Thermal Plume
2026-09-06T07:53:19.202838,2.22,8.04,34.42,4.08,0.77,0,None
2026-09-06T08:03:19.202838,2.25,7.84,34.08,4.78,0.79,0,None
2026-09-06T08:13:19.202838,3.34,7.96,34.66,5.36,0.87,0,None
2026-09-06T08:23:19.202838,3.62,7.81,34.35,4.84,0.42,0,None
2026-09-06T08:33:19.202838,3.23,8.0,34.65,4.3,0.77,0,None
2026-09-06T08:43:19.202838,2.45,7.81,34.47,5.31,0.83,0,None
2026-09-06T08:53:19.202838,2.59,8.08,34.57,5.13,0.82,0,None
2026-09-06T09:03:19.202838,3.7,7.82,34.87,5.69,0.48,0,None
2026-09-06T09:13:19.202838,3.26,8.06,34.9,5.41,0.89,0,None
2026-09-06T09:23:19.202838,2.76,7.98,34.87,5.61,0.74,0,None
2026-09-06T09:33:19.202838,3.0,8.0,34.94,4.66,0.7,0,None
2026-09-06T09:43:19.202838,3.2,7.86,34.4,4.8,0.82,0,None
2026-09-06T09:53:19.202838,3.62,7.96,34.01,4.44,0.31,0,None
2026-09-06T10:03:19.202838,2.04,7.9,34.1,5.31,0.6,0,None
2026-09-06T10:13:19.202838,3.98,7.86,34.58,4.29,0.85,0,None
2026-09-06T10:23:19.202838,3.9,8.03,34.85,5.58,0.48,0,None
2026-09-06T10:33:19.202838,3.93,7.8,34.73,5.14,0.97,0,None
2026-09-06T10:43:19.202838,3.11,8.09,34.17,4.43,0.87,0,None
2026-09-06T10:53:19.202838,2.88,7.93,34.84,5.7,0.95,0,None
2026-09-06T11:03:19.202838,2.28,8.08,34.26,4.67,0.57,0,None
2026-09-06T11:13:19.202838,2.79,8.04,34.34,4.31,0.19,0,None
2026-09-06T11:23:19.202838,3.16,8.07,34.71,5.54,0.44,0,None
2026-09-06T11:33:19.202838,3.16,7.89,34.27,5.62,0.59,0,None
2026-09-06T11:43:19.202838,2.96,8.0,34.46,5.71,0.37,0,None
2026-09-06T11:53:19.202838,3.9,8.05,34.27,4.19,0.91,0,None
2026-09-06T12:03:19.202838,2.18,7.87,34.86,5.55,0.52,0,None
2026-09-06T12:13:19.202838,3.44,7.9,34.54,4.57,0.51,0,None
2026-09-06T12:23:19.202838,2.67,7.91,34.25,5.58,0.1,0,None
2026-09-06T12:33:19.202838,2.65,7.93,34.31,4.26,0.82,0,None
2026-09-06T12:43:19.202838,2.9,8.02,34.81,5.39,0.52,0,None
2026-09-06T12:53:19.202838,3.33,7.89,34.79,4.83,0.54,0,None
2026-09-06T13:03:19.202838,3.86,8.05,34.34,5.22,0.8,0,None
2026-09-06T13:13:19.202838,3.3,7.99,34.32,5.96,0.73,0,None
2026-09-06T13:23:19.202838,3.41,8.0,34.11,5.99,0.86,0,None
2026-09-06T13:33:19.202838,2.7,8.08,34.24,5.39,0.25,0,None
2026-09-06T13:43:19.202838,3.99,7.94,34.77,5.82,0.49,0,None
2026-09-06T13:53:19.202838,2.29,7.97,34.3,5.65,0.18,0,None
2026-09-06T14:03:19.202838,3.24,7.92,34.01,4.4,0.55,0,None
2026-09-06T14:13:19.202838,2.88,8.1,34.79,4.09,0.58,0,None
2026-09-06T14:23:19.202838,2.16,7.84,34.2,4.34,0.93,0,None
2026-09-06T14:33:19.202838,2.89,7.94,34.4,5.65,0.49,0,None
2026-09-06T14:43:19.202838,3.27,7.83,34.39,5.38,0.54,0,None
2026-09-06T14:53:19.202838,2.19,7.94,34.24,4.26,0.47,0,None
2026-09-06T15:03:19.202838,2.23,8.04,34.15,4.17,0.19,0,None
2026-09-06T15:13:19.202838,2.84,7.97,34.93,4.54,0.25,0,None
2026-09-06T15:23:19.202838,3.95,7.9,34.57,5.67,0.16,0,None
2026-09-06T15:33:19.202838,3.7,7.87,34.62,4.73,0.67,0,None
2026-09-06T15:43:19.202838,2.33,8.08,34.43,5.88,0.45,0,None
2026-09-06T15:53:19.202838,3.15,7.99,34.71,5.65,0.94,0,None
2026-09-06T16:03:19.202838,3.18,7.93,34.98,4.2,0.63,0,None
2026-09-06T16:13:19.202838,2.35,8.03,34.42,4.05,0.22,0,None
2026-09-06T16:23:19.202838,2.29,8.01,34.04,5.31,0.46,0,None
2026-09-06T16:33:19.202838,2.8,7.81,34.36,5.99,0.56,0,None
2026-09-06T16:43:19.202838,2.35,7.92,34.76,4.61,0.44,0,None
2026-09-06T16:53:19.202838,3.92,8.08,34.41,5.26,0.24,0,None
2026-09-06T17:03:19.202838,2.03,7.9,34.32,5.56,0.41,0,None
2026-09-06T17:13:19.202838,2.01,7.83,34.38,4.12,0.19,0,None
2026-09-06T17:23:19.202838,2.41,7.98,34.05,5.81,0.7,0,None
2026-09-06T17:33:19.202838,3.45,7.95,34.59,4.6,0.36,0,None
2026-09-06T17:43:19.202838,2.84,8.08,34.34,5.27,0.48,0,None
2026-09-06T17:53:19.202838,3.66,8.1,34.93,4.54,0.55,0,None
2026-09-06T18:03:19.202838,2.64,7.81,34.98,5.67,0.54,0,None
2026-09-06T18:13:19.202838,3.85,8.0,34.57,5.82,0.94,0,None
2026-09-06T18:23:19.202838,2.67,8.03,34.16,4.32,0.86,0,None
2026-09-06T18:33:19.202838,3.65,7.88,34.66,4.1,0.46,0,None
2026-09-06T18:43:19.202838,3.83,8.08,34.7,5.3,0.9,0,None
2026-09-06T18:53:19.202838,2.71,7.9,34.79,4.24,0.33,0,None
2026-09-06T19:03:19.202838,3.52,7.88,34.85,4.5,0.33,0,None
2026-09-06T19:13:19.202838,3.39,7.91,34.9,4.18,0.37,0,None
2026-09-06T19:23:19.202838,3.08,8.04,34.09,5.47,0.43,0,None
2026-09-06T19:33:19.202838,11.77,7.91,35.0,5.06,0.24,1,Thermal Plume
2026-09-06T19:43:19.202838,3.41,7.95,34.21,4.66,0.13,0,None
2026-09-06T19:53:19.202838,3.42,7.81,34.42,5.62,0.89,0,None
2026-09-06T20:03:19.202838,2.04,7.84,34.53,5.33,0.6,0,None
2026-09-06T20:13:19.202838,3.41,7.86,34.31,4.37,0.56,0,None
2026-09-06T20:23:19.202838,2.42,7.97,34.11,4.36,0.77,0,None
2026-09-06T20:33:19.202838,2.19,7.81,34.65,5.07,0.69,0,None
2026-09-06T20:43:19.202838,3.55,7.98,34.41,5.19,0.27,0,None
2026-09-06T20:53:19.202838,2.52,7.98,34.5,4.61,0.15,0,None
2026-09-06T21:03:19.202838,3.41,7.83,34.77,4.44,0.51,0,None
2026-09-06T21:13:19.202838,2.72,7.92,34.62,5.69,0.43,0,None
2026-09-06T21:23:19.202838,3.11,8.05,34.43,5.45,0.1,0,None
2026-09-06T21:33:19.202838,2.0,7.92,34.52,4.07,0.36,0,None
2026-09-06T21:43:19.202838,2.03,7.85,34.59,4.17,0.55,0,None
2026-09-06T21:53:19.202838,2.35,7.86,34.67,4.34,0.32,0,None
2026-09-06T22:03:19.202838,3.15,8.03,34.97,4.08,0.65,0,None
2026-09-06T22:13:19.202838,2.92,7.85,34.54,4.77,0.66,0,None
2026-09-06T22:23:19.202838,2.57,7.9,34.6,5.76,0.63,0,None
2026-09-06T22:33:19.202838,3.93,7.93,34.76,5.31,0.21,0,None
2026-09-06T22:43:19.202838,3.33,7.91,34.75,4.61,0.25,0,None
2026-09-06T22:53:19.202838,2.46,8.01,34.72,4.08,0.61,0,None
2026-09-06T23:03:19.202838,2.6,7.97,34.99,5.68,0.88,0,None
2026-09-06T23:13:19.202838,2.44,7.84,34.74,5.2,0.5,0,None
2026-09-06T23:23:19.202838,3.91,7.97,34.45,5.96,0.57,0,None
2026-09-06T23:33:19.202838,2.61,8.07,34.21,5.74,0.56,0,None
2026-09-06T23:43:19.202838,2.97,7.86,34.62,5.1,0.27,0,None
2026-09-06T23:53:19.202838,2.01,7.86,34.9,4.84,0.12,0,None
2026-09-07T00:03:19.202838,3.93,7.88,34.23,4.79,0.91,0,None
2026-09-07T00:13:19.202838,3.53,7.84,34.55,5.44,0.18,0,None
2026-09-07T00:23:19.202838,3.25,8.01,34.94,4.14,0.32,0,None
2026-09-07T00:33:19.202838,2.1,8.09,34.03,4.17,0.92,0,None
2026-09-07T00:43:19.202838,3.17,7.82,34.24,5.0,0.88,0,None
2026-09-07T00:53:19.202838,2.95,8.05,34.03,5.35,0.24,0,None
2026-09-07T01:03:19.202838,2.89,7.93,34.36,5.4,0.87,0,None
2026-09-07T01:13:19.202838,3.92,8.01,34.35,4.99,0.61,0,None
2026-09-07T01:23:19.202838,3.61,7.9,34.5,5.56,0.62,0,None
2026-09-07T01:33:19.202838,3.12,8.02,34.61,4.46,0.71,0,None
2026-09-07T01:43:19.202838,3.21,8.0,34.16,4.62,0.5,0,None
2026-09-07T01:53:19.202838,2.12,7.93,34.29,5.6,0.65,0,None
2026-09-07T02:03:19.202838,3.59,7.82,34.57,5.2,0.59,0,None
2026-09-07T02:13:19.202838,3.67,8.02,34.26,4.08,0.83,0,None
2026-09-07T02:23:19.202838,3.49,7.92,34.36,4.26,0.92,0,None
2026-09-07T02:33:19.202838,3.45,8.07,34.46,4.11,0.23,0,None
2026-09-07T02:43:19.202838,3.52,6.33,34.0,2.58,11.8,1,Chemical Leak
2026-09-07T02:53:19.202838,2.27,7.89,34.19,4.98,0.67,0,None
2026-09-07T03:03:19.202838,2.61,8.09,34.09,4.55,0.58,0,None
2026-09-07T03:13:19.202838,3.04,7.99,34.8,5.71,0.43,0,None
2026-09-07T03:23:19.202838,2.8,7.94,34.72,5.93,0.65,0,None
2026-09-07T03:33:19.202838,3.36,7.98,34.75,5.26,0.45,0,None
2026-09-07T03:43:19.202838,3.73,6.7,34.18,2.49,6.45,1,Chemical Leak
2026-09-07T03:53:19.202838,2.44,7.83,34.68,4.62,0.23,0,None
2026-09-07T04:03:19.202838,2.77,8.01,34.28,5.87,0.1,0,None
2026-09-07T04:13:19.202838,10.4,7.84,34.17,4.69,0.89,1,Thermal Plume
2026-09-07T04:23:19.202838,3.44,7.92,34.66,4.59,0.12,0,None
2026-09-07T04:33:19.202838,3.09,7.81,34.28,4.15,0.89,0,None
2026-09-07T04:43:19.202838,2.08,7.92,34.97,5.57,0.29,0,None
2026-09-07T04:53:19.202838,3.44,7.94,34.55,4.04,0.13,0,None
2026-09-07T05:03:19.202838,3.26,8.01,34.8,4.52,1.0,0,None
2026-09-07T05:13:19.202838,2.93,8.1,34.97,5.74,0.59,0,None
2026-09-07T05:23:19.202838,3.23,8.07,34.71,5.24,0.24,0,None
2026-09-07T05:33:19.202838,3.82,8.1,34.56,5.32,0.56,0,None
2026-09-07T05:43:19.202838,2.22,7.93,34.22,5.65,0.43,0,None
2026-09-07T05:53:19.202838,13.15,7.8,34.46,5.73,1.0,1,Thermal Plume
2026-09-07T06:03:19.202838,3.65,7.95,34.5,5.77,0.34,0,None
2026-09-07T06:13:19.202838,2.19,7.86,34.54,4.09,0.52,0,None
2026-09-07T06:23:19.202838,2.86,7.81,34.03,5.52,0.77,0,None
2026-09-07T06:33:19.202838,3.58,8.07,34.02,5.57,0.76,0,None
2026-09-07T06:43:19.202838,3.81,7.89,34.68,5.77,0.26,0,None
2026-09-07T06:53:19.202838,2.09,7.92,34.79,4.5,0.6,0,None
2026-09-07T07:03:19.202838,3.25,7.96,34.83,5.92,0.6,0,None
2026-09-07T07:13:19.202838,2.51,8.0,34.92,5.53,0.12,0,None
2026-09-07T07:23:19.202838,3.51,8.09,34.9,5.99,0.56,0,None
2026-09-07T07:33:19.202838,2.74,7.97,34.78,4.98,0.15,0,None
2026-09-07T07:43:19.202838,3.41,7.95,34.76,5.9,0.2,0,None
2026-09-07T07:53:19.202838,14.29,8.07,34.45,4.44,0.31,1,Thermal Plume
2026-09-07T08:03:19.202838,2.8,8.03,34.68,4.85,0.64,0,None
2026-09-07T08:13:19.202838,2.76,7.9,34.38,5.01,0.35,0,None
2026-09-07T08:23:19.202838,3.02,7.89,34.01,4.57,0.69,0,None
2026-09-07T08:33:19.202838,3.44,7.85,34.43,5.81,0.28,0,None
2026-09-07T08:43:19.202838,2.72,6.14,34.82,2.28,6.66,1,Chemical Leak
2026-09-07T08:53:19.202838,3.83,7.85,34.6,4.25,0.6,0,None
2026-09-07T09:03:19.202838,2.99,8.01,34.79,5.73,0.85,0,None
2026-09-07T09:13:19.202838,2.32,7.85,34.85,4.45,0.89,0,None
2026-09-07T09:23:19.202838,3.53,7.91,34.01,4.73,0.78,0,None
2026-09-07T09:33:19.202838,2.26,7.97,34.97,4.29,0.36,0,None
2026-09-07T09:43:19.202838,3.99,7.89,34.1,4.74,0.29,0,None
2026-09-07T09:53:19.202838,3.24,7.96,34.14,4.74,0.97,0,None
2026-09-07T10:03:19.202838,2.15,8.02,34.38,4.06,0.44,0,None
2026-09-07T10:13:19.202838,2.69,7.81,34.38,4.4,0.71,0,None
2026-09-07T10:23:19.202838,2.81,8.05,34.87,5.12,0.58,0,None
2026-09-07T10:33:19.202838,2.02,7.8,34.43,4.41,0.99,0,None
2026-09-07T10:43:19.202838,3.87,7.88,34.58,4.78,0.83,0,None
2026-09-07T10:53:19.202838,2.26,7.83,34.55,5.6,0.79,0,None
2026-09-07T11:03:19.202838,2.47,8.04,34.62,4.99,0.54,0,None
2026-09-07T11:13:19.202838,2.74,8.09,34.09,5.8,0.6,0,None
2026-09-07T11:23:19.202838,3.2,8.1,34.13,5.51,0.27,0,None
2026-09-07T11:33:19.202838,2.52,7.81,34.36,5.27,0.89,0,None
2026-09-07T11:43:19.202838,3.44,7.87,34.01,5.97,0.49,0,None
2026-09-07T11:53:19.202838,2.85,8.08,34.46,4.27,0.95,0,None
2026-09-07T12:03:19.202838,2.6,7.95,34.68,4.04,0.47,0,None
2026-09-07T12:13:19.202838,2.89,7.96,34.05,5.35,0.95,0,None
2026-09-07T12:23:19.202838,3.03,8.01,34.14,5.25,0.55,0,None
2026-09-07T12:33:19.202838,2.8,7.81,34.61,4.09,0.84,0,None
2026-09-07T12:43:19.202838,2.78,8.02,34.82,5.3,0.34,0,None
2026-09-07T12:53:19.202838,3.04,7.82,34.07,5.82,0.11,0,None
2026-09-07T13:03:19.202838,2.84,7.87,34.48,4.63,0.85,0,None
2026-09-07T13:13:19.202838,2.14,8.03,34.46,4.24,0.94,0,None
2026-09-07T13:23:19.202838,2.26,7.84,34.97,5.17,0.94,0,None
2026-09-07T13:33:19.202838,3.12,8.01,34.83,4.14,0.14,0,None
2026-09-07T13:43:19.202838,2.01,7.84,34.57,4.58,0.81,0,None
2026-09-07T13:53:19.202838,2.46,8.01,34.36,5.6,0.11,0,None
2026-09-07T14:03:19.202838,2.12,7.83,34.26,4.41,0.89,0,None
2026-09-07T14:13:19.202838,3.66,7.95,34.66,5.4,0.76,0,None
2026-09-07T14:23:19.202838,3.54,7.9,34.3,4.6,0.16,0,None
2026-09-07T14:33:19.202838,3.68,8.04,34.72,4.3,0.67,0,None
2026-09-07T14:43:19.202838,3.53,7.97,34.97,4.17,0.14,0,None
2026-09-07T14:53:19.202838,2.02,7.95,34.98,5.41,0.46,0,None
2026-09-07T15:03:19.202838,3.99,8.02,34.62,5.37,0.67,0,None
2026-09-07T15:13:19.202838,3.33,7.85,34.56,4.88,0.71,0,None
2026-09-07T15:23:19.202838,2.7,8.08,34.79,4.73,0.75,0,None
2026-09-07T15:33:19.202838,2.27,8.05,34.32,5.36,0.86,0,None
2026-09-07T15:43:19.202838,3.01,7.83,34.52,5.22,0.26,0,None
2026-09-07T15:53:19.202838,3.36,8.01,34.61,5.96,0.83,0,None
2026-09-07T16:03:19.202838,2.05,8.06,34.21,5.22,0.83,0,None
2026-09-07T16:13:19.202838,2.84,7.98,34.75,4.39,0.2,0,None
2026-09-07T16:23:19.202838,3.44,7.95,34.46,5.6,0.36,0,None
2026-09-07T16:33:19.202838,3.68,6.78,34.41,2.7,10.67,1,Chemical Leak
2026-09-07T16:43:19.202838,3.65,8.02,34.66,5.46,0.73,0,None
2026-09-07T16:53:19.202838,2.44,8.07,34.03,4.11,0.63,0,None
2026-09-07T17:03:19.202838,3.13,7.86,34.92,4.81,0.47,0,None
2026-09-07T17:13:19.202838,2.17,7.98,34.22,4.06,0.55,0,None
2026-09-07T17:23:19.202838,3.77,7.86,34.79,4.63,0.31,0,None
2026-09-07T17:33:19.202838,3.46,8.02,34.13,5.5,0.54,0,None
2026-09-07T17:43:19.202838,2.21,8.02,34.46,5.41,0.83,0,None
2026-09-07T17:53:19.202838,2.82,7.89,34.43,5.62,0.41,0,None
2026-09-07T18:03:19.202838,2.62,8.05,34.57,5.77,0.44,0,None
2026-09-07T18:13:19.202838,2.01,7.97,34.81,5.62,0.57,0,None
2026-09-07T18:23:19.202838,2.71,7.92,34.71,5.48,0.19,0,None
2026-09-07T18:33:19.202838,12.92,7.93,34.34,4.52,0.13,1,Thermal Plume
2026-09-07T18:43:19.202838,2.85,7.98,34.8,5.87,0.83,0,None
2026-09-07T18:53:19.202838,2.89,7.92,34.68,5.94,0.3,0,None
2026-09-07T19:03:19.202838,2.32,7.84,34.73,4.2,0.49,0,None
2026-09-07T19:13:19.202838,3.26,7.93,34.8,5.51,0.22,0,None
2026-09-07T19:23:19.202838,3.46,8.04,34.19,4.9,0.39,0,None
2026-09-07T19:33:19.202838,2.13,7.86,34.23,4.96,0.51,0,None
2026-09-07T19:43:19.202838,3.95,7.88,34.59,4.8,0.73,0,None
2026-09-07T19:53:19.202838,3.13,7.98,34.22,4.45,0.66,0,None
2026-09-07T20:03:19.202838,3.48,7.91,34.59,5.31,0.18,0,None
2026-09-07T20:13:19.202838,3.83,7.81,34.38,5.88,0.58,0,None
2026-09-07T20:23:19.202838,3.36,7.81,34.63,4.53,0.19,0,None
2026-09-07T20:33:19.202838,3.68,7.97,34.3,5.31,0.16,0,None
2026-09-07T20:43:19.202838,3.91,8.06,34.95,5.49,0.94,0,None
2026-09-07T20:53:19.202838,3.09,7.93,34.05,4.68,0.76,0,None
2026-09-07T21:03:19.202838,3.98,7.93,34.82,5.74,0.7,0,None
2026-09-07T21:13:19.202838,2.27,7.93,34.7,4.9,0.53,0,None
2026-09-07T21:23:19.202838,2.96,7.99,34.23,5.54,0.78,0,None
2026-09-07T21:33:19.202838,3.64,8.0,34.02,5.83,0.93,0,None
2026-09-07T21:43:19.202838,3.13,7.83,34.48,4.41,0.35,0,None
2026-09-07T21:53:19.202838,3.0,7.91,34.03,4.16,0.6,0,None
2026-09-07T22:03:19.202838,2.67,8.04,34.95,5.46,0.23,0,None
2026-09-07T22:13:19.202838,2.61,7.98,34.09,4.5,0.37,0,None
2026-09-07T22:23:19.202838,2.57,7.97,34.13,5.67,0.63,0,None
2026-09-07T22:33:19.202838,3.41,7.86,34.46,4.07,0.73,0,None
2026-09-07T22:43:19.202838,3.05,7.98,34.99,4.56,0.95,0,None
2026-09-07T22:53:19.202838,2.65,8.05,34.74,4.65,0.15,0,None
2026-09-07T23:03:19.202838,3.13,7.9,34.4,5.33,0.26,0,None
2026-09-07T23:13:19.202838,2.25,7.88,34.52,4.9,0.76,0,None
2026-09-07T23:23:19.202838,2.91,8.08,34.35,5.55,0.61,0,None
2026-09-07T23:33:19.202838,2.49,8.0,34.91,4.56,0.8,0,None
2026-09-07T23:43:19.202838,3.69,7.91,34.55,4.01,0.53,0,None
2026-09-07T23:53:19.202838,2.37,8.03,34.69,4.65,0.28,0,None
2026-09-08T00:03:19.202838,2.39,8.1,34.61,5.08,0.72,0,None
2026-09-08T00:13:19.202838,3.11,7.98,34.52,4.27,0.1,0,None
2026-09-08T00:23:19.202838,3.75,8.06,34.49,5.66,0.16,0,None
2026-09-08T00:33:19.202838,3.07,7.94,34.83,4.23,0.36,0,None
2026-09-08T00:43:19.202838,2.91,7.99,34.58,4.79,0.38,0,None
2026-09-08T00:53:19.202838,2.13,8.07,34.34,5.18,0.82,0,None
2026-09-08T01:03:19.202838,2.94,8.06,34.1,4.67,0.69,0,None
2026-09-08T01:13:19.202838,2.19,8.04,34.46,4.12,0.53,0,None
2026-09-08T01:23:19.202838,2.28,8.05,34.2,5.91,0.31,0,None
2026-09-08T01:33:19.202838,3.83,8.02,34.54,4.06,0.73,0,None
2026-09-08T01:43:19.202838,3.16,8.04,34.88,5.28,0.96,0,None
2026-09-08T01:53:19.202838,2.58,7.92,34.13,4.36,0.46,0,None
2026-09-08T02:03:19.202838,3.99,7.85,34.73,4.54,0.59,0,None
2026-09-08T02:13:19.202838,2.95,7.93,34.75,5.23,0.58,0,None
2026-09-08T02:23:19.202838,2.35,7.98,34.77,5.49,0.46,0,None
2026-09-08T02:33:19.202838,2.11,7.88,34.9,5.93,0.34,0,None
2026-09-08T02:43:19.202838,2.75,7.82,34.68,5.67,0.77,0,None
2026-09-08T02:53:19.202838,3.02,7.92,34.96,5.2,0.47,0,None
2026-09-08T03:03:19.202838,2.89,7.89,34.35,4.78,0.68,0,None
2026-09-08T03:13:19.202838,2.93,7.88,34.78,4.42,0.58,0,None
2026-09-08T03:23:19.202838,3.1,7.95,34.24,5.79,0.82,0,None
2026-09-08T03:33:19.202838,2.24,8.07,34.48,5.23,0.64,0,None
2026-09-08T03:43:19.202838,3.25,7.9,34.19,4.41,0.73,0,None
2026-09-08T03:53:19.202838,2.86,8.02,34.28,5.46,0.56,0,None
2026-09-08T04:03:19.202838,2.67,7.97,34.7,4.24,0.15,0,None
2026-09-08T04:13:19.202838,3.28,7.91,34.56,5.87,0.56,0,None
2026-09-08T04:23:19.202838,3.68,8.1,34.8,5.6,0.59,0,None
2026-09-08T04:33:19.202838,2.95,8.07,34.57,5.82,0.53,0,None
2026-09-08T04:43:19.202838,2.77,7.86,34.4,4.61,0.59,0,None
2026-09-08T04:53:19.202838,3.27,7.89,34.37,5.0,0.3,0,None
2026-09-08T05:03:19.202838,2.37,8.06,34.68,4.72,0.31,0,None
2026-09-08T05:13:19.202838,3.97,7.88,34.32,4.26,0.56,0,None
2026-09-08T05:23:19.202838,3.96,8.0,34.09,5.33,0.92,0,None
2026-09-08T05:33:19.202838,3.05,7.99,34.82,5.29,0.4,0,None
2026-09-08T05:43:19.202838,3.74,8.06,34.02,4.31,0.88,0,None
2026-09-08T05:53:19.202838,13.2,8.05,34.98,5.33,0.59,1,Thermal Plume
2026-09-08T06:03:19.202838,3.18,8.05,34.82,5.52,0.74,0,None
2026-09-08T06:13:19.202838,2.01,8.03,34.52,4.03,0.14,0,None
2026-09-08T06:23:19.202838,3.17,7.93,34.86,4.62,0.16,0,None
2026-09-08T06:33:19.202838,2.65,8.07,34.44,5.58,0.21,0,None
2026-09-08T06:43:19.202838,2.61,6.41,34.62,1.41,7.17,1,Chemical Leak
2026-09-08T06:53:19.202838,3.09,8.06,34.37,5.93,0.57,0,None
2026-09-08T07:03:19.202838,14.33,8.02,34.84,4.37,0.3,1,Thermal Plume
2026-09-08T07:13:19.202838,3.12,7.89,34.19,4.17,0.13,0,None
2026-09-08T07:23:19.202838,2.37,7.95,34.78,5.4,0.48,0,None
2026-09-08T07:33:19.202838,2.02,7.9,34.78,5.66,0.56,0,None
2026-09-08T07:43:19.202838,3.4,7.81,34.72,5.4,0.99,0,None
2026-09-08T07:53:19.202838,3.6,7.89,34.64,4.16,0.9,0,None
2026-09-08T08:03:19.202838,12.97,7.85,34.36,4.41,0.2,1,Thermal Plume
2026-09-08T08:13:19.202838,3.63,7.94,34.98,4.78,0.85,0,None
2026-09-08T08:23:19.202838,3.47,8.03,34.05,4.7,0.74,0,None
2026-09-08T08:33:19.202838,2.36,7.8,34.7,5.87,0.86,0,None
2026-09-08T08:43:19.202838,3.83,8.04,34.96,5.67,0.44,0,None
2026-09-08T08:53:19.202838,9.12,7.86,34.33,5.21,0.28,1,Thermal Plume
2026-09-08T09:03:19.202838,2.72,8.07,34.52,5.82,0.47,0,None
2026-09-08T09:13:19.202838,2.48,7.94,34.24,5.5,0.49,0,None
2026-09-08T09:23:19.202838,2.47,7.9,34.15,4.8,0.4,0,None
2026-09-08T09:33:19.202838,2.07,7.95,34.78,4.98,0.42,0,None
2026-09-08T09:43:19.202838,2.07,7.9,34.89,5.11,0.75,0,None
2026-09-08T09:53:19.202838,2.73,7.84,34.37,4.21,0.4,0,None
2026-09-08T10:03:19.202838,2.8,7.89,34.53,5.25,0.8,0,None
2026-09-08T10:13:19.202838,3.27,7.83,34.43,5.36,0.41,0,None
2026-09-08T10:23:19.202838,2.79,7.92,34.16,5.32,0.21,0,None
2026-09-08T10:33:19.202838,3.28,8.03,34.64,5.33,0.68,0,None
2026-09-08T10:43:19.202838,2.63,7.97,34.41,5.99,0.65,0,None
2026-09-08T10:53:19.202838,3.29,7.94,34.76,5.71,0.45,0,None
2026-09-08T11:03:19.202838,2.31,8.09,34.95,4.17,0.41,0,None
2026-09-08T11:13:19.202838,2.09,7.96,34.78,5.22,0.78,0,None
2026-09-08T11:23:19.202838,3.03,8.06,34.21,5.3,0.99,0,None
2026-09-08T11:33:19.202838,3.87,7.95,34.32,4.07,0.24,0,None
2026-09-08T11:43:19.202838,3.25,8.07,34.0,5.03,0.19,0,None
2026-09-08T11:53:19.202838,2.9,7.92,34.16,4.63,0.77,0,None
2026-09-08T12:03:19.202838,2.96,8.02,34.9,5.56,0.62,0,None
2026-09-08T12:13:19.202838,2.25,7.99,34.57,4.2,0.81,0,None
2026-09-08T12:23:19.202838,3.96,8.0,34.98,4.07,0.77,0,None
2026-09-08T12:33:19.202838,3.83,8.06,34.64,5.65,0.9,0,None
2026-09-08T12:43:19.202838,3.42,7.86,34.94,5.73,0.5,0,None
2026-09-08T12:53:19.202838,3.79,6.04,34.33,1.6,12.05,1,Chemical Leak
2026-09-08T13:03:19.202838,2.95,7.89,34.46,4.91,0.35,0,None
2026-09-08T13:13:19.202838,2.46,7.85,34.04,5.33,0.54,0,None
2026-09-08T13:23:19.202838,3.06,8.04,34.42,5.48,0.38,0,None
2026-09-08T13:33:19.202838,14.12,8.0,34.81,4.16,0.83,1,Thermal Plume
2026-09-08T13:43:19.202838,3.43,7.98,34.08,5.52,0.12,0,None
2026-09-08T13:53:19.202838,2.38,6.19,34.8,1.7,11.45,1,Chemical Leak
2026-09-08T14:03:19.202838,2.14,7.84,34.94,5.75,0.61,0,None
2026-09-08T14:13:19.202838,2.95,7.86,34.39,5.07,0.56,0,None
2026-09-08T14:23:19.202838,3.15,7.94,34.35,4.42,0.51,0,None
2026-09-08T14:33:19.202838,3.22,8.06,34.81,5.14,0.18,0,None
2026-09-08T14:43:19.202838,2.35,7.83,34.56,4.22,0.39,0,None
2026-09-08T14:53:19.202838,3.95,7.89,34.07,5.41,0.21,0,None
2026-09-08T15:03:19.202838,2.83,7.99,34.89,4.79,0.83,0,None
2026-09-08T15:13:19.202838,2.34,7.88,34.23,4.57,0.16,0,None
2026-09-08T15:23:19.202838,2.37,8.04,34.58,5.52,0.3,0,None
2026-09-08T15:33:19.202838,2.69,7.8,34.56,5.8,0.26,0,None
2026-09-08T15:43:19.202838,10.63,7.92,34.99,4.89,1.0,1,Thermal Plume
2026-09-08T15:53:19.202838,3.43,7.82,34.32,5.62,0.38,0,None
2026-09-08T16:03:19.202838,3.7,7.97,34.54,5.16,0.55,0,None
2026-09-08T16:13:19.202838,3.21,8.09,34.93,5.14,0.93,0,None
2026-09-08T16:23:19.202838,2.09,8.02,34.54,4.26,0.13,0,None
2026-09-08T16:33:19.202838,3.91,7.99,34.77,4.19,0.36,0,None
2026-09-08T16:43:19.202838,2.05,8.05,34.46,5.64,0.76,0,None
2026-09-08T16:53:19.202838,3.64,7.83,34.62,5.86,0.18,0,None
2026-09-08T17:03:19.202838,2.69,7.96,34.43,4.32,0.61,0,None
2026-09-08T17:13:19.202838,3.18,7.96,34.71,5.61,0.85,0,None
2026-09-08T17:23:19.202838,2.46,7.96,34.83,4.34,0.15,0,None
2026-09-08T17:33:19.202838,2.62,8.06,34.12,4.07,0.36,0,None
2026-09-08T17:43:19.202838,3.3,7.82,34.39,5.74,0.69,0,None
2026-09-08T17:53:19.202838,3.18,7.84,34.15,5.3,0.48,0,None
2026-09-08T18:03:19.202838,2.87,8.05,34.64,5.86,0.14,0,None
2026-09-08T18:13:19.202838,2.06,7.2,34.41,1.67,14.18,1,Chemical Leak
2026-09-08T18:23:19.202838,2.76,7.91,34.77,5.84,0.2,0,None
2026-09-08T18:33:19.202838,3.45,8.04,34.89,5.23,0.31,0,None
2026-09-08T18:43:19.202838,2.53,8.06,34.66,4.35,0.47,0,None
2026-09-08T18:53:19.202838,3.33,8.08,34.03,5.63,0.69,0,None
2026-09-08T19:03:19.202838,2.84,7.92,34.38,5.28,0.89,0,None
2026-09-08T19:13:19.202838,3.67,6.3,34.4,1.68,10.7,1,Chemical Leak
2026-09-08T19:23:19.202838,2.64,7.83,34.37,4.2,0.54,0,None
2026-09-08T19:33:19.202838,3.84,7.85,34.41,4.69,0.66,0,None
2026-09-08T19:43:19.202838,2.25,7.85,34.69,5.04,0.24,0,None
2026-09-08T19:53:19.202838,3.36,7.99,34.83,5.18,0.61,0,None
2026-09-08T20:03:19.202838,2.39,7.86,34.94,4.78,0.37,0,None
2026-09-08T20:13:19.202838,2.86,8.05,34.98,5.97,0.31,0,None
2026-09-08T20:23:19.202838,3.72,7.89,34.48,4.21,0.94,0,None
2026-09-08T20:33:19.202838,2.62,8.07,34.77,4.68,0.49,0,None
2026-09-08T20:43:19.202838,2.99,7.96,34.94,4.73,0.43,0,None
2026-09-08T20:53:19.202838,2.47,7.86,34.13,5.04,0.69,0,None
2026-09-08T21:03:19.202838,2.81,7.85,34.62,4.1,0.18,0,None
2026-09-08T21:13:19.202838,2.66,8.02,34.15,4.43,0.38,0,None
2026-09-08T21:23:19.202838,2.66,7.87,34.83,4.75,0.18,0,None
2026-09-08T21:33:19.202838,3.05,7.93,34.3,5.88,0.96,0,None
2026-09-08T21:43:19.202838,3.94,7.93,34.04,4.92,0.24,0,None
2026-09-08T21:53:19.202838,3.82,7.88,34.41,4.41,0.62,0,None
2026-09-08T22:03:19.202838,3.3,8.06,34.77,4.54,0.56,0,None
2026-09-08T22:13:19.202838,3.22,8.1,34.46,4.8,0.6,0,None
2026-09-08T22:23:19.202838,3.07,7.86,34.94,5.35,0.57,0,None
2026-09-08T22:33:19.202838,3.29,8.04,34.24,4.32,0.17,0,None
2026-09-08T22:43:19.202838,3.8,8.08,34.31,4.24,0.32,0,None
2026-09-08T22:53:19.202838,2.38,8.0,34.59,4.05,0.44,0,None
2026-09-08T23:03:19.202838,2.9,7.83,34.66,4.96,0.45,0,None
2026-09-08T23:13:19.202838,3.88,7.97,34.33,4.21,0.1,0,None
2026-09-08T23:23:19.202838,2.67,8.0,34.25,5.71,0.73,0,None
2026-09-08T23:33:19.202838,2.3,7.9,34.88,5.56,0.43,0,None
2026-09-08T23:43:19.202838,2.34,7.99,34.97,5.4,0.96,0,None
2026-09-08T23:53:19.202838,3.25,7.84,34.63,4.57,0.47,0,None
2026-09-09T00:03:19.202838,2.79,7.85,34.1,4.5,0.21,0,None
2026-09-09T00:13:19.202838,3.03,8.02,34.64,5.5,0.22,0,None
2026-09-09T00:23:19.202838,2.44,7.89,34.86,5.24,0.42,0,None
2026-09-09T00:33:19.202838,3.91,8.09,34.05,4.5,0.35,0,None
2026-09-09T00:43:19.202838,2.16,8.07,34.14,5.94,0.61,0,None
2026-09-09T00:53:19.202838,3.88,7.91,34.37,4.9,0.71,0,None
2026-09-09T01:03:19.202838,3.68,8.02,34.85,4.34,0.85,0,None
2026-09-09T01:13:19.202838,3.56,8.05,34.23,5.89,0.74,0,None
2026-09-09T01:23:19.202838,3.59,7.93,34.21,5.86,0.16,0,None
2026-09-09T01:33:19.202838,2.26,7.8,34.05,5.05,0.61,0,None
2026-09-09T01:43:19.202838,3.63,8.06,34.47,5.03,0.72,0,None
2026-09-09T01:53:19.202838,2.18,8.02,34.54,4.18,0.41,0,None
2026-09-09T02:03:19.202838,3.99,7.98,34.42,4.8,0.79,0,None
2026-09-09T02:13:19.202838,2.55,7.83,34.95,4.69,0.31,0,None
2026-09-09T02:23:19.202838,2.22,8.03,34.87,4.01,0.69,0,None
2026-09-09T02:33:19.202838,2.51,8.03,34.98,4.41,0.82,0,None
2026-09-09T02:43:19.202838,2.11,7.91,34.83,4.04,0.37,0,None
2026-09-09T02:53:19.202838,2.82,8.05,34.37,4.62,0.81,0,None
2026-09-09T03:03:19.202838,2.73,7.87,34.74,5.05,0.18,0,None
2026-09-09T03:13:19.202838,3.34,7.86,34.74,5.83,0.21,0,None
2026-09-09T03:23:19.202838,3.5,8.06,34.3,5.36,0.63,0,None
2026-09-09T03:33:19.202838,3.37,7.99,34.06,5.73,0.19,0,None
2026-09-09T03:43:19.202838,3.15,8.02,34.89,4.41,0.52,0,None
2026-09-09T03:53:19.202838,3.09,7.94,34.11,4.2,0.97,0,None
2026-09-09T04:03:19.202838,2.34,8.1,34.23,5.45,0.87,0,None
2026-09-09T04:13:19.202838,2.33,8.08,34.9,4.26,0.44,0,None
2026-09-09T04:23:19.202838,13.39,7.99,34.67,5.83,0.4,1,Thermal Plume
2026-09-09T04:33:19.202838,3.75,7.97,34.17,5.16,0.43,0,None
2026-09-09T04:43:19.202838,2.89,7.84,34.32,5.37,0.83,0,None
2026-09-09T04:53:19.202838,2.01,8.04,34.97,4.07,0.86,0,None
2026-09-09T05:03:19.202838,3.05,6.87,34.59,2.84,7.48,1,Chemical Leak
2026-09-09T05:13:19.202838,2.76,7.92,34.14,4.35,0.86,0,None
2026-09-09T05:23:19.202838,3.48,7.89,34.02,4.24,0.58,0,None
2026-09-09T05:33:19.202838,2.61,7.96,34.36,4.77,0.53,0,None
2026-09-09T05:43:19.202838,2.27,7.96,34.66,5.9,0.45,0,None
2026-09-09T05:53:19.202838,2.93,8.02,34.05,5.88,0.24,0,None
2026-09-09T06:03:19.202838,12.49,7.98,34.34,5.32,0.81,1,Thermal Plume
2026-09-09T06:13:19.202838,2.17,8.0,34.87,5.46,0.12,0,None
2026-09-09T06:23:19.202838,3.31,8.1,34.54,4.06,0.46,0,None
2026-09-09T06:33:19.202838,2.83,7.99,34.35,4.01,0.16,0,None
2026-09-09T06:43:19.202838,3.97,7.82,34.12,5.65,0.51,0,None
2026-09-09T06:53:19.202838,2.09,7.81,34.87,4.22,0.7,0,None
2026-09-09T07:03:19.202838,2.51,7.81,34.84,4.17,0.2,0,None
2026-09-09T07:13:19.202838,3.25,7.83,34.55,5.46,0.54,0,None
2026-09-09T07:23:19.202838,3.51,7.9,34.64,5.57,0.26,0,None
2026-09-09T07:33:19.202838,3.04,7.82,34.49,5.11,0.52,0,None
2026-09-09T07:43:19.202838,3.75,8.07,34.75,5.57,0.83,0,None
2026-09-09T07:53:19.202838,3.96,7.81,34.74,5.2,0.58,0,None
2026-09-09T08:03:19.202838,2.38,7.97,34.3,4.32,0.84,0,None
2026-09-09T08:13:19.202838,2.29,7.81,34.23,5.83,0.5,0,None
2026-09-09T08:23:19.202838,3.14,8.0,34.5,4.44,0.82,0,None
2026-09-09T08:33:19.202838,3.37,6.5,34.44,1.67,6.76,1,Chemical Leak
2026-09-09T08:43:19.202838,3.34,7.85,34.22,5.52,0.58,0,None
2026-09-09T08:53:19.202838,2.86,8.07,34.92,4.14,0.44,0,None
2026-09-09T09:03:19.202838,3.72,8.02,34.49,5.23,0.14,0,None
2026-09-09T09:13:19.202838,3.94,7.88,34.21,4.87,0.32,0,None
2026-09-09T09:23:19.202838,2.53,6.26,34.9,1.07,13.29,1,Chemical Leak
2026-09-09T09:33:19.202838,3.08,8.04,34.93,4.83,0.48,0,None
2026-09-09T09:43:19.202838,2.01,7.94,34.65,5.95,0.44,0,None
2026-09-09T09:53:19.202838,3.4,7.88,34.18,5.99,0.29,0,None
2026-09-09T10:03:19.202838,2.98,7.91,34.72,4.87,0.4,0,None
2026-09-09T10:13:19.202838,3.36,7.89,34.86,5.2,0.83,0,None
2026-09-09T10:23:19.202838,3.75,7.81,34.17,5.72,0.32,0,None
2026-09-09T10:33:19.202838,3.32,7.89,34.37,5.77,0.14,0,None
2026-09-09T10:43:19.202838,2.06,7.96,34.79,5.65,0.39,0,None
2026-09-09T10:53:19.202838,3.18,8.0,34.96,5.38,0.85,0,None
2026-09-09T11:03:19.202838,3.1,6.75,34.12,1.18,12.83,1,Chemical Leak
2026-09-09T11:13:19.202838,2.58,7.91,34.64,5.17,0.88,0,None
2026-09-09T11:23:19.202838,2.64,8.09,34.05,4.64,0.95,0,None
2026-09-09T11:33:19.202838,3.34,7.84,34.95,4.89,0.38,0,None
2026-09-09T11:43:19.202838,3.05,8.01,34.08,5.13,0.3,0,None
2026-09-09T11:53:19.202838,2.96,7.86,34.46,5.63,0.13,0,None
2026-09-09T12:03:19.202838,3.74,7.82,34.66,5.85,0.62,0,None
2026-09-09T12:13:19.202838,3.06,7.93,34.99,5.88,0.45,0,None
2026-09-09T12:23:19.202838,2.95,8.01,34.32,4.94,0.7,0,None
2026-09-09T12:33:19.202838,2.18,7.95,34.18,4.72,0.35,0,None
2026-09-09T12:43:19.202838,2.11,8.09,34.93,4.45,0.92,0,None
2026-09-09T12:53:19.202838,3.35,7.94,34.13,5.43,0.62,0,None
2026-09-09T13:03:19.202838,2.5,7.95,34.95,5.8,0.17,0,None
2026-09-09T13:13:19.202838,2.18,7.07,34.44,1.43,11.61,1,Chemical Leak
2026-09-09T13:23:19.202838,2.26,7.9,34.59,5.14,0.24,0,None
2026-09-09T13:33:19.202838,2.07,7.85,34.15,4.4,0.94,0,None
2026-09-09T13:43:19.202838,2.35,7.95,34.82,4.21,0.8,0,None
2026-09-09T13:53:19.202838,3.05,7.83,34.1,4.55,0.97,0,None
2026-09-09T14:03:19.202838,3.07,7.88,34.89,5.8,0.32,0,None
2026-09-09T14:13:19.202838,2.22,8.03,34.48,5.3,0.33,0,None
2026-09-09T14:23:19.202838,3.78,8.03,34.09,4.29,0.62,0,None
2026-09-09T14:33:19.202838,2.76,7.97,34.54,4.0,0.44,0,None
2026-09-09T14:43:19.202838,3.36,7.9,34.88,4.65,0.2,0,None
2026-09-09T14:53:19.202838,3.84,7.91,34.22,4.94,0.79,0,None
2026-09-09T15:03:19.202838,8.87,8.04,34.98,4.52,0.27,1,Thermal Plume
2026-09-09T15:13:19.202838,3.61,7.94,34.5,4.75,0.93,0,None
2026-09-09T15:23:19.202838,12.53,8.01,34.55,5.89,0.4,1,Thermal Plume
2026-09-09T15:33:19.202838,2.04,8.0,34.19,5.58,0.89,0,None
2026-09-09T15:43:19.202838,3.93,8.02,34.71,4.02,0.47,0,None
2026-09-09T15:53:19.202838,2.19,7.87,34.86,4.37,0.35,0,None
2026-09-09T16:03:19.202838,2.12,7.92,34.04,5.78,0.35,0,None
2026-09-09T16:13:19.202838,3.82,8.02,34.24,4.47,0.76,0,None
2026-09-09T16:23:19.202838,3.34,8.03,34.38,5.49,0.58,0,None
2026-09-09T16:33:19.202838,3.79,7.84,34.52,5.56,0.63,0,None
2026-09-09T16:43:19.202838,2.41,7.85,34.39,4.85,0.11,0,None
2026-09-09T16:53:19.202838,3.13,7.94,34.3,5.32,0.61,0,None
2026-09-09T17:03:19.202838,2.81,8.04,34.91,5.46,0.61,0,None
2026-09-09T17:13:19.202838,2.17,7.98,34.04,5.83,0.61,0,None
2026-09-09T17:23:19.202838,2.23,7.98,34.85,4.11,0.23,0,None
2026-09-09T17:33:19.202838,3.46,8.07,34.58,4.47,1.0,0,None
2026-09-09T17:43:19.202838,3.89,7.9,34.79,5.54,0.41,0,None
2026-09-09T17:53:19.202838,3.29,7.93,34.91,5.76,0.85,0,None
2026-09-09T18:03:19.202838,3.86,8.08,34.68,4.2,0.58,0,None
2026-09-09T18:13:19.202838,2.45,7.96,34.04,4.44,0.93,0,None
2026-09-09T18:23:19.202838,2.87,8.06,34.84,4.72,0.63,0,None
2026-09-09T18:33:19.202838,2.78,8.02,34.66,4.61,0.53,0,None
2026-09-09T18:43:19.202838,3.84,7.98,34.53,5.48,0.61,0,None
2026-09-09T18:53:19.202838,3.98,8.09,34.52,5.56,0.52,0,None
2026-09-09T19:03:19.202838,3.24,7.99,34.48,4.84,0.19,0,None
2026-09-09T19:13:19.202838,2.01,7.85,34.98,5.61,0.78,0,None
2026-09-09T19:23:19.202838,2.8,7.95,34.23,4.9,0.61,0,None
2026-09-09T19:33:19.202838,2.29,7.92,34.78,4.92,0.17,0,None
2026-09-09T19:43:19.202838,3.47,8.03,34.4,5.88,0.77,0,None
2026-09-09T19:53:19.202838,3.59,8.08,34.38,5.12,0.36,0,None
2026-09-09T20:03:19.202838,3.06,7.91,34.01,5.89,0.54,0,None
2026-09-09T20:13:19.202838,2.08,7.88,34.02,5.76,0.78,0,None
2026-09-09T20:23:19.202838,2.23,7.85,34.69,4.52,0.86,0,None
2026-09-09T20:33:19.202838,2.32,8.01,34.66,5.65,0.63,0,None
2026-09-09T20:43:19.202838,2.42,7.95,34.14,5.22,0.79,0,None
2026-09-09T20:53:19.202838,2.44,7.93,34.53,5.42,0.97,0,None
2026-09-09T21:03:19.202838,3.31,7.84,34.71,4.98,0.35,0,None
2026-09-09T21:13:19.202838,3.87,7.86,34.41,5.59,0.93,0,None
2026-09-09T21:23:19.202838,2.39,7.86,34.43,5.58,0.85,0,None
2026-09-09T21:33:19.202838,3.74,7.92,34.17,4.74,0.44,0,None
2026-09-09T21:43:19.202838,3.08,7.82,34.98,4.14,0.74,0,None
2026-09-09T21:53:19.202838,3.11,7.83,34.99,4.6,0.34,0,None
2026-09-09T22:03:19.202838,3.08,7.94,34.44,5.53,0.15,0,None
2026-09-09T22:13:19.202838,3.32,8.06,34.35,5.85,0.65,0,None
2026-09-09T22:23:19.202838,3.03,7.94,34.56,4.47,0.85,0,None
2026-09-09T22:33:19.202838,2.07,7.9,34.69,4.07,0.77,0,None
2026-09-09T22:43:19.202838,3.59,7.81,34.54,5.38,0.17,0,None
2026-09-09T22:53:19.202838,2.89,7.84,34.88,4.52,0.66,0,None
2026-09-09T23:03:19.202838,3.0,8.09,34.24,4.28,0.53,0,None
2026-09-09T23:13:19.202838,3.01,7.95,34.61,4.8,0.47,0,None
2026-09-09T23:23:19.202838,3.15,7.86,34.17,4.43,0.35,0,None
2026-09-09T23:33:19.202838,3.8,7.95,34.53,5.01,0.74,0,None
2026-09-09T23:43:19.202838,3.1,7.81,34.02,4.36,0.92,0,None
2026-09-09T23:53:19.202838,2.95,8.0,34.33,4.83,0.23,0,None
2026-09-10T00:03:19.202838,2.72,8.06,34.34,4.28,0.53,0,None
2026-09-10T00:13:19.202838,8.88,7.88,34.4,4.54,0.8,1,Thermal Plume
2026-09-10T00:23:19.202838,2.45,8.09,34.75,4.44,0.32,0,None
2026-09-10T00:33:19.202838,3.33,7.87,34.62,4.91,0.82,0,None
2026-09-10T00:43:19.202838,2.7,8.07,34.56,5.18,0.46,0,None
2026-09-10T00:53:19.202838,3.21,7.8,34.27,5.16,0.65,0,None
2026-09-10T01:03:19.202838,3.97,7.99,34.04,5.76,0.38,0,None
2026-09-10T01:13:19.202838,3.44,7.91,34.75,5.27,0.6,0,None
2026-09-10T01:23:19.202838,3.13,7.9,34.03,4.3,0.85,0,None
2026-09-10T01:33:19.202838,3.29,8.04,34.14,4.56,0.65,0,None
2026-09-10T01:43:19.202838,2.95,7.9,34.34,5.44,0.95,0,None
2026-09-10T01:53:19.202838,2.91,8.09,34.76,4.53,0.14,0,None
2026-09-10T02:03:19.202838,2.29,7.92,34.84,4.85,0.78,0,None
2026-09-10T02:13:19.202838,3.11,7.87,35.0,4.94,0.34,0,None
2026-09-10T02:23:19.202838,3.97,7.97,34.8,4.63,0.1,0,None
2026-09-10T02:33:19.202838,3.09,7.89,34.73,5.57,0.17,0,None
2026-09-10T02:43:19.202838,2.71,7.99,34.42,5.51,0.95,0,None
2026-09-10T02:53:19.202838,2.86,8.05,34.16,4.86,0.52,0,None
2026-09-10T03:03:19.202838,2.07,8.04,34.07,5.19,0.74,0,None
2026-09-10T03:13:19.202838,2.89,7.83,34.74,4.9,0.73,0,None
2026-09-10T03:23:19.202838,2.96,8.0,34.2,4.25,0.14,0,None
2026-09-10T03:33:19.202838,3.78,8.0,34.32,4.89,0.99,0,None
2026-09-10T03:43:19.202838,2.55,7.9,34.76,5.0,0.92,0,None
2026-09-10T03:53:19.202838,2.26,8.1,34.44,5.84,0.94,0,None
2026-09-10T04:03:19.202838,3.82,7.95,34.43,4.79,0.87,0,None
2026-09-10T04:13:19.202838,2.98,7.94,34.99,5.42,0.61,0,None
2026-09-10T04:23:19.202838,2.57,7.98,34.28,4.52,0.63,0,None
2026-09-10T04:33:19.202838,2.76,8.01,34.68,4.35,0.35,0,None
2026-09-10T04:43:19.202838,2.07,7.92,34.54,5.89,0.4,0,None
2026-09-10T04:53:19.202838,2.71,7.97,34.13,4.74,0.11,0,None
2026-09-10T05:03:19.202838,2.9,7.92,34.78,5.12,0.27,0,None
2026-09-10T05:13:19.202838,2.86,8.06,34.26,4.94,0.87,0,None
2026-09-10T05:23:19.202838,3.09,7.82,34.62,5.29,0.35,0,None
2026-09-10T05:33:19.202838,2.57,7.99,34.31,5.92,0.23,0,None
2026-09-10T05:43:19.202838,3.65,7.92,34.46,4.59,0.26,0,None
2026-09-10T05:53:19.202838,2.14,8.01,34.34,4.78,0.74,0,None
2026-09-10T06:03:19.202838,2.19,7.81,34.76,5.76,0.47,0,None
2026-09-10T06:13:19.202838,3.25,7.89,34.13,4.99,0.94,0,None
2026-09-10T06:23:19.202838,2.29,8.04,34.04,5.17,0.9,0,None
2026-09-10T06:33:19.202838,3.56,7.87,34.99,4.58,0.95,0,None
2026-09-10T06:43:19.202838,2.59,7.9,34.65,4.56,0.18,0,None
2026-09-10T06:53:19.202838,3.68,7.96,34.08,4.28,0.52,0,None
2026-09-10T07:03:19.202838,2.98,7.85,34.01,5.59,0.28,0,None
2026-09-10T07:13:19.202838,3.53,8.05,34.05,5.34,0.86,0,None
2026-09-10T07:23:19.202838,2.7,8.09,34.45,5.62,0.18,0,None
2026-09-10T07:33:19.202838,2.98,7.96,34.34,5.39,0.62,0,None
2026-09-10T07:43:19.202838,2.1,7.87,34.68,4.86,0.49,0,None
2026-09-10T07:53:19.202838,3.84,8.01,34.74,5.27,0.14,0,None
2026-09-10T08:03:19.202838,4.0,7.87,34.38,4.46,0.19,0,None
2026-09-10T08:13:19.202838,3.73,8.04,34.8,4.06,0.56,0,None
2026-09-10T08:23:19.202838,2.37,8.03,34.81,4.12,0.23,0,None
2026-09-10T08:33:19.202838,2.12,8.01,34.77,5.77,0.65,0,None
2026-09-10T08:43:19.202838,3.88,7.8,34.07,4.61,0.16,0,None
2026-09-10T08:53:19.202838,3.31,8.03,34.64,4.41,0.12,0,None
2026-09-10T09:03:19.202838,3.72,7.85,34.6,4.53,0.69,0,None
2026-09-10T09:13:19.202838,2.43,7.98,34.78,5.94,0.81,0,None
2026-09-10T09:23:19.202838,2.28,8.06,34.32,4.23,0.25,0,None
2026-09-10T09:33:19.202838,2.49,7.92,34.53,4.18,0.48,0,None
2026-09-10T09:43:19.202838,2.65,8.02,34.04,5.17,0.4,0,None
2026-09-10T09:53:19.202838,2.25,7.9,34.51,4.35,0.94,0,None
2026-09-10T10:03:19.202838,2.06,8.05,34.74,5.76,0.17,0,None
2026-09-10T10:13:19.202838,2.9,8.05,34.44,4.98,0.41,0,None
2026-09-10T10:23:19.202838,3.22,8.04,34.59,4.46,0.21,0,None
2026-09-10T10:33:19.202838,2.29,8.07,34.67,4.93,0.78,0,None
2026-09-10T10:43:19.202838,3.68,7.89,34.11,5.88,0.79,0,None
2026-09-10T10:53:19.202838,3.32,8.01,34.43,5.51,0.36,0,None
2026-09-10T11:03:19.202838,3.72,8.03,34.43,4.93,0.82,0,None
2026-09-10T11:13:19.202838,3.28,7.8,34.92,5.2,0.91,0,None
2026-09-10T11:23:19.202838,2.07,8.08,34.58,5.57,0.15,0,None
2026-09-10T11:33:19.202838,3.13,8.01,34.35,5.66,0.76,0,None
2026-09-10T11:43:19.202838,3.99,7.83,34.08,5.65,0.29,0,None
2026-09-10T11:53:19.202838,2.86,7.85,34.95,4.34,0.73,0,None
2026-09-10T12:03:19.202838,2.33,7.84,34.29,4.33,0.55,0,None
2026-09-10T12:13:19.202838,2.66,7.89,34.46,4.36,0.14,0,None
2026-09-10T12:23:19.202838,3.44,7.04,34.51,2.97,6.31,1,Chemical Leak
2026-09-10T12:33:19.202838,2.79,7.11,34.73,2.14,5.12,1,Chemical Leak
2026-09-10T12:43:19.202838,2.21,7.97,34.84,5.84,0.34,0,None
2026-09-10T12:53:19.202838,2.62,7.99,34.8,4.53,0.11,0,None
2026-09-10T13:03:19.202838,2.11,8.09,34.35,5.83,0.83,0,None
2026-09-10T13:13:19.202838,2.34,7.81,34.65,5.2,0.44,0,None
2026-09-10T13:23:19.202838,2.7,8.1,34.6,4.44,0.59,0,None
2026-09-10T13:33:19.202838,9.66,7.81,34.63,4.81,1.0,1,Thermal Plume
2026-09-10T13:43:19.202838,2.75,7.92,34.81,5.48,0.57,0,None
2026-09-10T13:53:19.202838,2.06,8.05,34.26,4.51,0.88,0,None
2026-09-10T14:03:19.202838,3.52,7.91,34.36,4.13,0.15,0,None
2026-09-10T14:13:19.202838,2.71,7.99,34.81,5.94,0.12,0,None
2026-09-10T14:23:19.202838,3.8,7.99,34.32,4.15,0.28,0,None
2026-09-10T14:33:19.202838,2.3,7.98,34.82,5.62,0.45,0,None
2026-09-10T14:43:19.202838,3.98,7.87,34.59,5.69,0.82,0,None
2026-09-10T14:53:19.202838,3.87,7.96,34.72,4.51,0.31,0,None
2026-09-10T15:03:19.202838,2.79,8.02,34.08,5.46,0.92,0,None
2026-09-10T15:13:19.202838,3.71,8.05,34.73,4.85,0.41,0,None
2026-09-10T15:23:19.202838,2.36,7.81,34.36,4.69,0.43,0,None
2026-09-10T15:33:19.202838,2.25,7.87,34.62,5.29,0.21,0,None
2026-09-10T15:43:19.202838,2.95,7.9,34.52,4.97,0.84,0,None
2026-09-10T15:53:19.202838,3.99,8.02,34.86,4.91,0.48,0,None
2026-09-10T16:03:19.202838,3.64,8.01,34.27,5.13,0.26,0,None
2026-09-10T16:13:19.202838,3.94,7.8,34.65,4.78,0.51,0,None
2026-09-10T16:23:19.202838,3.66,7.83,34.36,5.65,0.9,0,None
2026-09-10T16:33:19.202838,2.99,8.06,34.62,5.01,0.94,0,None
2026-09-10T16:43:19.202838,2.84,8.02,34.78,4.21,0.27,0,None
2026-09-10T16:53:19.202838,2.52,8.04,34.48,5.73,0.6,0,None
2026-09-10T17:03:19.202838,2.49,7.84,34.34,5.48,0.7,0,None
2026-09-10T17:13:19.202838,3.48,7.89,34.22,5.57,0.72,0,None
2026-09-10T17:23:19.202838,2.16,7.95,34.07,4.51,0.11,0,None
2026-09-10T17:33:19.202838,3.32,7.87,34.04,5.8,0.14,0,None
2026-09-10T17:43:19.202838,2.19,8.09,34.19,4.78,0.85,0,None
2026-09-10T17:53:19.202838,3.25,7.86,34.83,5.2,0.97,0,None
2026-09-10T18:03:19.202838,2.15,8.09,34.82,4.38,0.58,0,None
2026-09-10T18:13:19.202838,2.01,8.01,34.33,5.05,0.24,0,None
2026-09-10T18:23:19.202838,3.52,7.86,34.29,5.0,0.49,0,None
2026-09-10T18:33:19.202838,2.4,7.9,34.94,4.39,0.99,0,None
2026-09-10T18:43:19.202838,3.88,7.98,34.73,5.95,0.79,0,None
2026-09-10T18:53:19.202838,2.47,7.84,34.73,4.2,0.34,0,None
2026-09-10T19:03:19.202838,3.91,7.89,34.0,5.45,0.32,0,None
2026-09-10T19:13:19.202838,3.96,8.09,34.29,5.73,0.63,0,None
2026-09-10T19:23:19.202838,3.67,7.9,34.45,4.07,0.6,0,None
2026-09-10T19:33:19.202838,2.5,7.98,34.03,5.17,0.75,0,None
2026-09-10T19:43:19.202838,3.43,7.86,35.0,4.83,0.79,0,None
2026-09-10T19:53:19.202838,3.53,7.89,34.88,4.76,0.97,0,None
2026-09-10T20:03:19.202838,2.13,8.09,34.04,4.14,0.32,0,None
2026-09-10T20:13:19.202838,3.17,7.88,34.9,4.9,0.76,0,None
2026-09-10T20:23:19.202838,3.32,8.04,34.48,5.22,0.81,0,None
2026-09-10T20:33:19.202838,3.42,7.88,34.76,4.08,0.78,0,None
2026-09-10T20:43:19.202838,2.82,8.09,34.25,4.08,0.12,0,None
2026-09-10T20:53:19.202838,2.42,7.93,34.07,4.02,0.14,0,None
2026-09-10T21:03:19.202838,2.92,8.08,34.01,5.44,0.7,0,None
2026-09-10T21:13:19.202838,3.21,8.0,34.7,5.43,0.23,0,None
2026-09-10T21:23:19.202838,2.29,7.81,34.76,5.25,0.76,0,None
2026-09-10T21:33:19.202838,2.35,7.84,34.8,5.96,0.92,0,None
2026-09-10T21:43:19.202838,2.71,7.94,34.48,4.32,0.23,0,None
2026-09-10T21:53:19.202838,3.77,7.82,34.4,4.24,0.76,0,None
2026-09-10T22:03:19.202838,2.63,7.87,34.41,5.76,0.44,0,None
2026-09-10T22:13:19.202838,3.06,7.82,34.54,4.22,0.64,0,None
2026-09-10T22:23:19.202838,2.71,8.03,34.89,4.33,0.85,0,None
2026-09-10T22:33:19.202838,2.63,7.9,34.79,4.53,0.91,0,None
2026-09-10T22:43:19.202838,3.73,7.88,34.46,5.05,0.3,0,None
2026-09-10T22:53:19.202838,2.97,7.92,34.68,5.75,0.35,0,None
2026-09-10T23:03:19.202838,2.3,7.85,34.87,5.03,0.47,0,None
2026-09-10T23:13:19.202838,9.39,8.07,34.15,4.88,0.89,1,Thermal Plume
2026-09-10T23:23:19.202838,3.68,7.95,34.84,5.88,0.84,0,None
2026-09-10T23:33:19.202838,3.56,8.09,34.66,4.22,0.76,0,None
2026-09-10T23:43:19.202838,3.67,7.97,34.57,4.97,0.44,0,None
2026-09-10T23:53:19.202838,3.96,8.01,34.8,4.75,0.67,0,None
2026-09-11T00:03:19.202838,3.59,7.96,34.57,5.3,0.79,0,None
2026-09-11T00:13:19.202838,2.3,7.8,34.08,4.31,0.94,0,None
2026-09-11T00:23:19.202838,3.86,7.9,34.21,5.18,0.25,0,None
2026-09-11T00:33:19.202838,2.74,7.82,34.03,5.16,0.72,0,None
2026-09-11T00:43:19.202838,2.16,7.96,34.6,5.45,0.64,0,None
2026-09-11T00:53:19.202838,3.12,7.9,34.77,4.25,0.48,0,None
2026-09-11T01:03:19.202838,2.94,7.95,34.49,5.71,0.73,0,None
2026-09-11T01:13:19.202838,2.42,7.88,34.95,4.53,0.59,0,None
2026-09-11T01:23:19.202838,3.2,7.91,34.1,5.44,0.79,0,None
2026-09-11T01:33:19.202838,2.97,8.06,34.48,5.4,0.39,0,None
2026-09-11T01:43:19.202838,3.69,7.96,34.99,5.26,0.39,0,None
2026-09-11T01:53:19.202838,3.58,7.92,34.18,4.75,0.13,0,None
2026-09-11T02:03:19.202838,2.21,7.86,34.53,4.44,0.76,0,None
2026-09-11T02:13:19.202838,3.3,7.86,34.93,5.49,0.38,0,None
2026-09-11T02:23:19.202838,2.51,7.92,34.01,5.79,0.49,0,None
2026-09-11T02:33:19.202838,3.94,7.91,34.41,5.53,0.24,0,None
2026-09-11T02:43:19.202838,3.1,7.97,34.1,5.93,0.65,0,None
2026-09-11T02:53:19.202838,2.62,7.87,34.84,5.86,0.77,0,None
2026-09-11T03:03:19.202838,3.74,7.96,34.75,5.74,0.94,0,None
2026-09-11T03:13:19.202838,3.71,7.94,34.28,5.62,0.28,0,None
2026-09-11T03:23:19.202838,3.64,8.03,34.52,5.21,0.69,0,None
2026-09-11T03:33:19.202838,2.01,7.84,34.25,5.63,0.47,0,None
2026-09-11T03:43:19.202838,3.68,7.94,34.16,5.51,0.74,0,None
2026-09-11T03:53:19.202838,2.62,7.8,34.37,4.61,0.61,0,None
2026-09-11T04:03:19.202838,3.44,7.84,34.35,5.11,0.55,0,None
2026-09-11T04:13:19.202838,2.17,7.86,34.18,5.34,0.23,0,None
2026-09-11T04:23:19.202838,2.84,7.98,34.24,4.86,0.79,0,None
2026-09-11T04:33:19.202838,2.78,6.51,34.87,2.59,9.49,1,Chemical Leak
2026-09-11T04:43:19.202838,3.31,7.93,34.83,4.3,0.4,0,None
2026-09-11T04:53:19.202838,2.54,8.01,34.81,5.48,0.49,0,None
2026-09-11T05:03:19.202838,3.46,8.0,34.91,5.04,0.39,0,None
2026-09-11T05:13:19.202838,3.27,8.01,34.13,4.56,0.84,0,None
2026-09-11T05:23:19.202838,3.71,7.81,34.48,4.42,0.87,0,None
2026-09-11T05:33:19.202838,2.72,7.83,34.35,4.11,0.96,0,None
2026-09-11T05:43:19.202838,3.39,8.05,34.07,4.92,0.89,0,None
2026-09-11T05:53:19.202838,2.1,7.87,34.74,4.79,0.15,0,None
2026-09-11T06:03:19.202838,3.64,7.81,34.02,4.96,0.63,0,None
2026-09-11T06:13:19.202838,2.82,7.85,34.5,5.96,0.34,0,None
2026-09-11T06:23:19.202838,2.47,8.02,34.3,4.83,0.11,0,None
2026-09-11T06:33:19.202838,3.35,7.86,34.08,5.31,0.22,0,None
2026-09-11T06:43:19.202838,2.0,6.0,34.12,2.62,12.51,1,Chemical Leak
2026-09-11T06:53:19.202838,2.38,7.83,34.26,5.83,0.31,0,None
2026-09-11T07:03:19.202838,2.9,7.81,34.3,5.83,0.13,0,None
2026-09-11T07:13:19.202838,2.5,8.05,34.32,5.57,0.46,0,None
2026-09-11T07:23:19.202838,2.53,7.89,34.92,4.22,0.44,0,None
2026-09-11T07:33:19.202838,3.3,7.96,34.55,4.14,0.73,0,None
2026-09-11T07:43:19.202838,3.34,7.87,34.63,4.04,0.18,0,None
2026-09-11T07:53:19.202838,2.51,7.92,34.18,4.88,0.16,0,None
2026-09-11T08:03:19.202838,2.88,7.94,34.69,4.18,0.41,0,None
2026-09-11T08:13:19.202838,3.13,7.98,34.23,4.74,0.71,0,None
2026-09-11T08:23:19.202838,3.65,7.94,34.71,5.84,0.96,0,None
2026-09-11T08:33:19.202838,2.36,7.85,34.33,5.78,0.9,0,None
2026-09-11T08:43:19.202838,3.83,7.84,34.43,4.18,0.72,0,None
2026-09-11T08:53:19.202838,3.39,7.8,34.12,5.66,0.55,0,None
2026-09-11T09:03:19.202838,3.73,7.93,34.2,5.68,0.19,0,None
2026-09-11T09:13:19.202838,2.28,8.05,34.15,4.91,0.98,0,None
2026-09-11T09:23:19.202838,3.33,7.88,34.92,5.42,0.16,0,None
2026-09-11T09:33:19.202838,3.57,7.92,34.73,5.62,0.86,0,None
2026-09-11T09:43:19.202838,3.32,7.95,34.24,4.89,0.63,0,None
2026-09-11T09:53:19.202838,2.47,7.81,34.91,4.82,0.37,0,None
2026-09-11T10:03:19.202838,3.76,7.98,34.74,5.06,0.73,0,None
2026-09-11T10:13:19.202838,3.41,7.92,34.84,5.05,0.35,0,None
2026-09-11T10:23:19.202838,3.16,8.0,34.3,4.61,0.16,0,None
2026-09-11T10:33:19.202838,3.82,7.91,34.21,4.89,0.75,0,None
2026-09-11T10:43:19.202838,2.85,7.88,34.57,4.52,0.69,0,None
2026-09-11T10:53:19.202838,3.62,6.87,34.82,2.03,14.29,1,Chemical Leak
2026-09-11T11:03:19.202838,2.78,8.1,34.03,4.24,0.65,0,None
2026-09-11T11:13:19.202838,3.05,7.98,34.26,5.79,0.26,0,None
2026-09-11T11:23:19.202838,2.43,7.95,34.99,5.74,0.56,0,None
2026-09-11T11:33:19.202838,2.29,7.93,34.36,4.38,0.78,0,None
2026-09-11T11:43:19.202838,2.5,8.09,34.29,4.4,0.39,0,None
2026-09-11T11:53:19.202838,3.87,7.97,34.29,5.8,0.8,0,None
2026-09-11T12:03:19.202838,3.32,7.89,34.87,5.74,0.75,0,None
2026-09-11T12:13:19.202838,2.87,7.94,34.48,5.19,0.79,0,None
2026-09-11T12:23:19.202838,3.26,7.99,34.77,4.58,0.34,0,None
2026-09-11T12:33:19.202838,2.13,7.86,34.73,5.81,0.36,0,None
2026-09-11T12:43:19.202838,3.45,7.95,34.56,5.2,0.18,0,None
2026-09-11T12:53:19.202838,3.4,7.85,34.04,4.4,0.92,0,None
2026-09-11T13:03:19.202838,3.43,7.96,34.76,5.76,0.21,0,None
2026-09-11T13:13:19.202838,3.58,8.09,34.64,4.08,0.27,0,None
2026-09-11T13:23:19.202838,2.7,7.8,34.39,4.99,0.83,0,None
2026-09-11T13:33:19.202838,2.57,8.09,34.05,5.39,0.1,0,None
2026-09-11T13:43:19.202838,3.65,7.99,34.36,4.22,0.54,0,None
2026-09-11T13:53:19.202838,3.89,7.99,34.44,5.88,0.82,0,None
2026-09-11T14:03:19.202838,2.62,8.0,34.1,4.07,0.94,0,None
2026-09-11T14:13:19.202838,11.88,7.94,34.97,4.51,0.92,1,Thermal Plume
2026-09-11T14:23:19.202838,3.75,8.02,34.16,5.91,0.79,0,None
2026-09-11T14:33:19.202838,3.42,7.9,34.58,5.08,0.95,0,None
2026-09-11T14:43:19.202838,2.81,7.83,34.95,5.02,0.12,0,None
2026-09-11T14:53:19.202838,3.36,7.81,34.77,4.55,0.31,0,None
2026-09-11T15:03:19.202838,2.42,7.82,34.93,4.19,0.3,0,None
2026-09-11T15:13:19.202838,2.97,8.02,34.34,5.26,0.47,0,None
2026-09-11T15:23:19.202838,2.08,7.86,34.96,4.31,0.71,0,None
2026-09-11T15:33:19.202838,3.87,8.01,34.4,5.27,0.76,0,None
2026-09-11T15:43:19.202838,3.94,7.96,34.27,4.08,0.94,0,None
2026-09-11T15:53:19.202838,3.61,7.84,34.17,4.18,0.52,0,None
2026-09-11T16:03:19.202838,3.2,8.04,34.21,4.28,0.78,0,None
2026-09-11T16:13:19.202838,2.29,6.04,34.16,1.48,13.37,1,Chemical Leak
2026-09-11T16:23:19.202838,2.45,7.81,34.2,5.33,0.99,0,None
2026-09-11T16:33:19.202838,2.36,8.08,34.72,4.94,0.3,0,None
2026-09-11T16:43:19.202838,3.26,7.89,34.33,5.53,0.62,0,None
2026-09-11T16:53:19.202838,10.43,7.88,34.48,5.13,0.4,1,Thermal Plume
2026-09-11T17:03:19.202838,2.87,6.88,34.3,2.82,9.86,1,Chemical Leak
2026-09-11T17:13:19.202838,2.82,7.85,34.88,5.44,0.44,0,None
2026-09-11T17:23:19.202838,2.79,7.96,34.07,4.22,0.72,0,None
2026-09-11T17:33:19.202838,2.26,7.98,34.27,5.1,0.81,0,None
2026-09-11T17:43:19.202838,2.87,8.07,34.79,4.95,0.36,0,None
2026-09-11T17:53:19.202838,2.39,8.09,34.92,4.14,0.53,0,None
2026-09-11T18:03:19.202838,3.35,7.96,34.27,5.74,0.54,0,None
2026-09-11T18:13:19.202838,2.14,7.97,34.78,5.62,0.64,0,None
2026-09-11T18:23:19.202838,3.97,7.91,34.47,4.26,0.8,0,None
2026-09-11T18:33:19.202838,3.35,7.92,34.81,5.24,0.46,0,None
2026-09-11T18:43:19.202838,3.08,6.55,34.6,1.39,9.96,1,Chemical Leak
2026-09-11T18:53:19.202838,3.3,7.98,34.26,4.5,0.51,0,None
2026-09-11T19:03:19.202838,3.37,8.09,35.0,4.64,0.18,0,None
2026-09-11T19:13:19.202838,3.7,7.85,34.4,5.06,0.19,0,None
2026-09-11T19:23:19.202838,3.38,7.94,34.73,5.95,0.54,0,None
2026-09-11T19:33:19.202838,3.49,7.9,34.6,4.71,0.21,0,None
2026-09-11T19:43:19.202838,3.36,7.83,34.5,4.05,0.24,0,None
2026-09-11T19:53:19.202838,2.01,7.82,34.2,5.86,0.3,0,None
2026-09-11T20:03:19.202838,2.56,7.89,34.36,4.78,0.79,0,None
2026-09-11T20:13:19.202838,2.01,7.98,34.18,5.24,0.49,0,None
2026-09-11T20:23:19.202838,3.78,7.91,34.83,4.65,0.93,0,None
2026-09-11T20:33:19.202838,2.73,7.9,34.13,4.94,0.48,0,None
2026-09-11T20:43:19.202838,2.12,7.89,34.41,5.49,0.28,0,None
2026-09-11T20:53:19.202838,10.4,7.81,34.82,4.7,0.13,1,Thermal Plume
2026-09-11T21:03:19.202838,3.96,7.97,34.04,5.7,0.23,0,None
2026-09-11T21:13:19.202838,2.25,8.0,34.73,4.25,0.14,0,None
2026-09-11T21:23:19.202838,2.21,7.94,34.05,4.57,0.31,0,None
2026-09-11T21:33:19.202838,2.71,7.81,34.33,4.22,0.79,0,None
2026-09-11T21:43:19.202838,3.98,8.03,34.3,4.65,0.75,0,None
2026-09-11T21:53:19.202838,3.51,7.92,34.32,5.19,0.59,0,None
2026-09-11T22:03:19.202838,2.63,7.96,34.63,5.45,0.41,0,None
2026-09-11T22:13:19.202838,2.43,8.05,34.66,5.88,0.52,0,None
2026-09-11T22:23:19.202838,3.06,8.05,34.15,4.97,0.54,0,None
2026-09-11T22:33:19.202838,3.19,7.97,34.09,4.51,0.82,0,None
2026-09-11T22:43:19.202838,2.73,7.91,34.7,4.55,0.44,0,None
2026-09-11T22:53:19.202838,3.72,7.96,34.29,5.57,0.2,0,None
2026-09-11T23:03:19.202838,3.15,7.94,34.43,5.55,0.3,0,None
2026-09-11T23:13:19.202838,2.87,7.84,34.52,4.92,0.68,0,None
2026-09-11T23:23:19.202838,3.88,7.87,34.34,5.3,0.17,0,None
2026-09-11T23:33:19.202838,2.12,7.82,34.66,5.27,0.81,0,None
2026-09-11T23:43:19.202838,2.88,7.97,34.96,5.48,0.31,0,None
2026-09-11T23:53:19.202838,3.63,8.04,34.59,5.3,0.69,0,None
2026-09-12T00:03:19.202838,2.83,8.05,34.04,4.97,0.31,0,None
2026-09-12T00:13:19.202838,2.59,7.97,34.87,5.93,0.75,0,None
2026-09-12T00:23:19.202838,3.23,8.08,34.62,4.14,0.7,0,None
2026-09-12T00:33:19.202838,3.36,8.01,34.09,5.88,0.38,0,None
2026-09-12T00:43:19.202838,3.04,8.0,34.77,5.72,0.67,0,None
2026-09-12T00:53:19.202838,2.63,6.99,34.54,2.32,7.72,1,Chemical Leak
2026-09-12T01:03:19.202838,2.64,7.99,34.59,4.73,0.39,0,None
2026-09-12T01:13:19.202838,2.23,7.86,34.95,4.05,0.54,0,None
2026-09-12T01:23:19.202838,2.53,8.09,34.04,4.52,0.51,0,None
2026-09-12T01:33:19.202838,2.49,8.02,34.8,5.11,0.23,0,None
2026-09-12T01:43:19.202838,2.44,8.05,34.69,4.98,0.81,0,None
2026-09-12T01:53:19.202838,10.68,7.86,34.7,4.9,0.71,1,Thermal Plume
2026-09-12T02:03:19.202838,2.12,7.95,34.39,5.55,0.95,0,None
2026-09-12T02:13:19.202838,2.56,8.03,34.11,5.61,0.15,0,None
2026-09-12T02:23:19.202838,2.6,7.9,34.36,5.33,0.42,0,None
2026-09-12T02:33:19.202838,3.09,6.58,34.28,2.27,5.21,1,Chemical Leak
2026-09-12T02:43:19.202838,3.34,7.8,34.7,4.65,0.86,0,None
2026-09-12T02:53:19.202838,3.45,8.09,34.03,4.47,0.4,0,None
2026-09-12T03:03:19.202838,3.41,6.72,34.57,2.69,11.02,1,Chemical Leak
2026-09-12T03:13:19.202838,14.99,7.86,34.11,4.02,0.27,1,Thermal Plume
2026-09-12T03:23:19.202838,3.39,7.83,34.39,4.18,0.5,0,None
2026-09-12T03:33:19.202838,4.0,8.01,34.0,5.96,0.32,0,None
2026-09-12T03:43:19.202838,3.34,7.99,34.15,4.84,0.48,0,None
2026-09-12T03:53:19.202838,3.31,7.89,34.71,4.13,0.43,0,None
2026-09-12T04:03:19.202838,3.35,7.82,34.22,4.34,0.57,0,None
2026-09-12T04:13:19.202838,3.76,7.91,34.82,4.6,0.55,0,None
2026-09-12T04:23:19.202838,3.72,7.85,34.37,4.6,0.54,0,None
2026-09-12T04:33:19.202838,2.49,7.88,34.85,5.61,0.19,0,None
2026-09-12T04:43:19.202838,3.58,7.95,34.98,5.55,0.44,0,None
2026-09-12T04:53:19.202838,3.62,7.81,34.59,4.33,0.59,0,None
2026-09-12T05:03:19.202838,3.19,7.97,34.21,5.99,0.42,0,None
2026-09-12T05:13:19.202838,3.6,8.04,34.97,4.52,0.16,0,None
2026-09-12T05:23:19.202838,3.76,8.03,34.9,4.58,0.73,0,None
2026-09-12T05:33:19.202838,4.0,6.18,34.39,1.86,12.18,1,Chemical Leak
2026-09-12T05:43:19.202838,2.45,8.08,34.34,5.52,0.27,0,None
2026-09-12T05:53:19.202838,2.78,7.9,34.85,4.76,0.56,0,None
2026-09-12T06:03:19.202838,2.11,7.95,34.65,5.99,0.54,0,None
2026-09-12T06:13:19.202838,3.58,7.94,34.75,5.47,0.44,0,None
2026-09-12T06:23:19.202838,3.02,7.99,34.38,5.57,0.66,0,None
2026-09-12T06:33:19.202838,2.04,7.84,34.59,5.78,0.74,0,None
2026-09-12T06:43:19.202838,3.57,7.9,34.14,5.54,0.85,0,None
2026-09-12T06:53:19.202838,2.2,8.06,34.02,4.47,0.65,0,None
2026-09-12T07:03:19.202838,2.09,7.88,34.75,5.81,0.23,0,None
2026-09-12T07:13:19.202838,3.06,7.9,34.11,5.94,0.85,0,None
2026-09-12T07:23:19.202838,2.0,7.81,34.87,4.25,0.79,0,None
2026-09-12T07:33:19.202838,3.92,7.94,34.58,5.93,0.77,0,None
2026-09-12T07:43:19.202838,3.89,7.91,34.67,5.1,0.37,0,None
2026-09-12T07:53:19.202838,2.07,8.04,34.16,5.91,0.78,0,None
2026-09-12T08:03:19.202838,3.11,7.88,34.56,4.54,0.94,0,None
2026-09-12T08:13:19.202838,2.37,7.92,34.85,5.48,0.22,0,None
2026-09-12T08:23:19.202838,2.86,7.84,34.08,5.51,0.87,0,None
2026-09-12T08:33:19.202838,3.1,7.93,34.21,5.4,0.35,0,None
2026-09-12T08:43:19.202838,3.53,8.01,34.64,5.58,0.76,0,None
2026-09-12T08:53:19.202838,2.79,7.8,34.53,5.21,0.22,0,None
2026-09-12T09:03:19.202838,2.07,8.03,34.34,5.12,0.41,0,None
2026-09-12T09:13:19.202838,3.12,8.09,34.67,5.64,0.8,0,None
2026-09-12T09:23:19.202838,2.02,7.92,34.98,4.28,0.52,0,None
2026-09-12T09:33:19.202838,2.65,8.08,34.83,4.89,0.73,0,None
2026-09-12T09:43:19.202838,2.85,8.05,34.26,4.32,0.52,0,None
2026-09-12T09:53:19.202838,2.36,8.07,34.8,5.37,0.92,0,None
2026-09-12T10:03:19.202838,2.17,7.92,34.54,4.99,0.32,0,None
2026-09-12T10:13:19.202838,3.33,7.99,34.24,5.95,0.38,0,None
2026-09-12T10:23:19.202838,2.43,7.99,34.85,5.92,0.87,0,None
2026-09-12T10:33:19.202838,3.04,7.94,34.02,5.83,0.35,0,None
2026-09-12T10:43:19.202838,3.51,7.07,34.99,2.02,12.79,1,Chemical Leak
2026-09-12T10:53:19.202838,2.45,7.86,34.1,5.63,0.28,0,None
2026-09-12T11:03:19.202838,3.95,8.03,34.96,5.55,0.55,0,None
2026-09-12T11:13:19.202838,2.19,7.99,34.92,4.62,0.83,0,None
2026-09-12T11:23:19.202838,2.94,7.84,34.25,5.66,0.33,0,None
2026-09-12T11:33:19.202838,3.71,8.01,34.29,5.35,0.14,0,None
2026-09-12T11:43:19.202838,3.93,7.94,34.35,5.5,0.48,0,None
2026-09-12T11:53:19.202838,2.39,7.97,34.37,4.05,0.51,0,None
2026-09-12T12:03:19.202838,2.52,8.02,34.18,4.57,0.16,0,None
2026-09-12T12:13:19.202838,2.34,7.87,34.37,5.26,0.88,0,None
2026-09-12T12:23:19.202838,2.82,7.82,34.99,5.63,0.82,0,None
2026-09-12T12:33:19.202838,2.76,7.91,34.87,5.03,0.73,0,None
2026-09-12T12:43:19.202838,2.61,8.06,34.42,5.11,0.88,0,None
2026-09-12T12:53:19.202838,3.59,7.85,34.4,4.56,0.53,0,None
2026-09-12T13:03:19.202838,3.3,7.81,34.82,5.15,0.32,0,None
2026-09-12T13:13:19.202838,3.0,7.95,34.12,4.5,0.33,0,None
2026-09-12T13:23:19.202838,2.77,7.91,34.57,4.52,0.4,0,None
2026-09-12T13:33:19.202838,2.2,7.82,34.36,4.77,0.74,0,None
2026-09-12T13:43:19.202838,3.65,8.02,34.63,5.57,0.19,0,None
2026-09-12T13:53:19.202838,2.36,8.1,34.85,4.57,0.95,0,None
2026-09-12T14:03:19.202838,2.16,8.02,34.22,5.96,0.95,0,None
2026-09-12T14:13:19.202838,3.42,8.05,34.85,5.64,0.79,0,None
2026-09-12T14:23:19.202838,2.47,8.07,34.45,4.52,0.65,0,None
2026-09-12T14:33:19.202838,3.66,7.83,34.45,4.18,0.91,0,None
2026-09-12T14:43:19.202838,3.65,7.87,34.93,5.61,0.71,0,None
2026-09-12T14:53:19.202838,2.1,7.86,34.21,5.87,0.98,0,None
2026-09-12T15:03:19.202838,3.75,7.83,34.37,5.42,0.74,0,None
2026-09-12T15:13:19.202838,3.7,8.02,34.7,5.33,0.7,0,None
2026-09-12T15:23:19.202838,2.17,7.89,34.06,5.2,0.57,0,None
2026-09-12T15:33:19.202838,3.56,7.82,34.22,5.09,0.2,0,None
2026-09-12T15:43:19.202838,2.33,7.83,34.08,4.82,0.37,0,None
2026-09-12T15:53:19.202838,2.93,7.94,34.87,4.54,0.84,0,None
2026-09-12T16:03:19.202838,2.82,8.0,34.65,5.94,0.26,0,None
2026-09-12T16:13:19.202838,2.77,7.92,34.34,5.88,0.92,0,None
2026-09-12T16:23:19.202838,3.12,7.87,34.69,4.43,0.35,0,None
2026-09-12T16:33:19.202838,3.34,8.06,34.67,4.95,0.41,0,None
2026-09-12T16:43:19.202838,3.54,7.88,34.64,5.51,0.3,0,None
2026-09-12T16:53:19.202838,2.91,7.83,34.32,5.06,0.18,0,None
2026-09-12T17:03:19.202838,2.72,7.92,34.4,5.99,1.0,0,None
2026-09-12T17:13:19.202838,2.28,8.07,34.76,4.67,0.96,0,None
2026-09-12T17:23:19.202838,3.74,7.88,34.6,4.6,0.81,0,None
2026-09-12T17:33:19.202838,10.12,8.04,34.97,5.62,0.86,1,Thermal Plume
2026-09-12T17:43:19.202838,3.47,7.87,34.99,5.53,0.11,0,None
2026-09-12T17:53:19.202838,2.57,8.03,34.22,5.88,0.69,0,None
2026-09-12T18:03:19.202838,3.41,7.8,34.57,5.71,0.12,0,None
2026-09-12T18:13:19.202838,3.54,7.84,34.42,5.68,0.82,0,None
2026-09-12T18:23:19.202838,2.36,7.85,34.33,5.94,0.88,0,None
2026-09-12T18:33:19.202838,2.59,7.99,34.2,4.88,0.2,0,None
2026-09-12T18:43:19.202838,2.89,7.94,34.81,4.45,0.78,0,None
2026-09-12T18:53:19.202838,3.18,7.87,34.37,4.28,0.9,0,None
2026-09-12T19:03:19.202838,2.31,7.92,34.54,5.76,0.91,0,None
2026-09-12T19:13:19.202838,3.5,8.08,34.67,5.18,0.12,0,None
2026-09-12T19:23:19.202838,2.48,8.06,34.98,5.68,0.75,0,None
2026-09-12T19:33:19.202838,3.62,8.0,34.74,4.14,0.12,0,None
2026-09-12T19:43:19.202838,2.91,7.85,34.69,4.99,0.19,0,None
2026-09-12T19:53:19.202838,2.16,7.8,34.15,4.51,0.11,0,None
2026-09-12T20:03:19.202838,3.7,7.98,34.29,5.23,0.27,0,None
2026-09-12T20:13:19.202838,2.26,7.82,34.1,4.11,0.61,0,None
2026-09-12T20:23:19.202838,3.77,7.84,34.95,4.74,0.39,0,None
2026-09-12T20:33:19.202838,2.86,7.82,34.71,4.27,0.12,0,None
2026-09-12T20:43:19.202838,2.81,7.9,34.94,4.16,0.15,0,None
2026-09-12T20:53:19.202838,3.75,7.82,34.41,5.71,0.29,0,None
2026-09-12T21:03:19.202838,3.83,7.95,34.51,5.17,0.26,0,None
2026-09-12T21:13:19.202838,3.16,8.04,34.56,4.14,0.67,0,None
2026-09-12T21:23:19.202838,3.79,7.86,34.37,4.92,0.21,0,None
2026-09-12T21:33:19.202838,2.75,8.01,34.71,4.92,0.79,0,None
2026-09-12T21:43:19.202838,8.6,7.85,34.47,4.59,0.43,1,Thermal Plume
2026-09-12T21:53:19.202838,2.42,6.65,34.74,2.34,6.35,1,Chemical Leak
2026-09-12T22:03:19.202838,2.89,8.1,34.23,5.04,0.83,0,None
2026-09-12T22:13:19.202838,9.28,7.94,34.43,5.29,0.89,1,Thermal Plume
2026-09-12T22:23:19.202838,2.34,7.88,34.71,4.29,0.99,0,None
2026-09-12T22:33:19.202838,14.86,8.03,34.46,5.68,0.72,1,Thermal Plume
2026-09-12T22:43:19.202838,2.71,7.93,34.24,5.2,0.69,0,None
2026-09-12T22:53:19.202838,2.62,7.94,34.2,4.32,1.0,0,None
2026-09-12T23:03:19.202838,2.35,6.36,34.47,1.72,5.93,1,Chemical Leak
2026-09-12T23:13:19.202838,2.87,7.87,34.07,5.76,0.85,0,None
2026-09-12T23:23:19.202838,3.7,8.04,34.97,4.59,0.21,0,None
2026-09-12T23:33:19.202838,2.42,7.85,34.6,5.56,0.49,0,None
2026-09-12T23:43:19.202838,2.94,7.92,34.99,5.3,0.96,0,None
2026-09-12T23:53:19.202838,2.8,8.0,34.55,4.73,0.78,0,None
2026-09-13T00:03:19.202838,3.49,7.83,34.93,5.0,0.75,0,None
2026-09-13T00:13:19.202838,3.85,7.91,34.09,5.04,0.97,0,None
2026-09-13T00:23:19.202838,3.49,8.04,34.81,4.02,0.36,0,None
2026-09-13T00:33:19.202838,3.03,8.07,34.86,4.89,0.92,0,None
2026-09-13T00:43:19.202838,2.19,8.02,34.78,4.43,0.97,0,None
2026-09-13T00:53:19.202838,3.08,7.81,34.5,4.95,0.19,0,None
2026-09-13T01:03:19.202838,3.18,8.06,34.03,5.74,0.89,0,None
2026-09-13T01:13:19.202838,3.36,7.91,34.19,4.47,0.79,0,None
2026-09-13T01:23:19.202838,3.49,7.97,34.49,5.62,0.5,0,None
2026-09-13T01:33:19.202838,2.87,8.07,34.42,5.27,0.54,0,None
2026-09-13T01:43:19.202838,3.95,7.9,34.32,5.45,0.27,0,None
2026-09-13T01:53:19.202838,2.63,7.96,34.77,5.75,0.54,0,None
2026-09-13T02:03:19.202838,2.8,8.1,34.65,5.56,0.54,0,None
2026-09-13T02:13:19.202838,3.47,7.86,34.45,5.03,0.6,0,None
2026-09-13T02:23:19.202838,2.8,7.87,34.84,4.31,0.55,0,None
2026-09-13T02:33:19.202838,2.35,6.05,34.81,1.72,5.97,1,Chemical Leak
2026-09-13T02:43:19.202838,3.18,7.97,34.42,4.59,0.36,0,None
2026-09-13T02:53:19.202838,3.65,7.83,34.8,4.6,0.84,0,None
2026-09-13T03:03:19.202838,3.23,7.97,34.43,4.48,0.37,0,None
2026-09-13T03:13:19.202838,2.24,7.87,34.11,4.41,0.83,0,None
2026-09-13T03:23:19.202838,2.77,8.05,34.79,4.95,0.81,0,None
2026-09-13T03:33:19.202838,3.59,8.04,34.13,5.26,0.22,0,None
2026-09-13T03:43:19.202838,2.43,7.9,34.47,5.72,0.41,0,None
2026-09-13T03:53:19.202838,2.4,8.09,34.88,4.95,1.0,0,None
2026-09-13T04:03:19.202838,2.87,7.98,34.31,4.25,0.46,0,None
2026-09-13T04:13:19.202838,3.53,8.09,34.33,4.84,0.86,0,None
2026-09-13T04:23:19.202838,3.38,7.99,34.75,5.36,0.91,0,None
2026-09-13T04:33:19.202838,3.25,7.86,34.3,5.52,0.85,0,None
2026-09-13T04:43:19.202838,3.2,7.93,34.16,4.34,0.9,0,None
2026-09-13T04:53:19.202838,8.08,7.81,34.71,4.97,0.61,1,Thermal Plume
2026-09-13T05:03:19.202838,2.86,8.07,34.77,5.96,0.75,0,None
2026-09-13T05:13:19.202838,2.74,7.88,34.19,5.16,0.62,0,None
2026-09-13T05:23:19.202838,2.41,7.94,34.22,4.12,0.46,0,None
2026-09-13T05:33:19.202838,3.57,7.98,34.57,5.38,0.13,0,None
2026-09-13T05:43:19.202838,3.11,8.01,34.05,5.23,0.88,0,None
2026-09-13T05:53:19.202838,3.45,7.93,34.51,5.65,0.36,0,None
2026-09-13T06:03:19.202838,2.98,7.92,34.02,4.3,0.99,0,None
2026-09-13T06:13:19.202838,3.24,8.02,34.56,5.74,0.61,0,None
2026-09-13T06:23:19.202838,2.57,8.02,34.6,5.24,0.78,0,None
2026-09-13T06:33:19.202838,2.4,7.83,34.72,5.97,0.45,0,None
2026-09-13T06:43:19.202838,3.76,7.88,34.6,5.22,0.9,0,None
2026-09-13T06:53:19.202838,2.31,7.89,34.88,4.88,0.61,0,None
2026-09-13T07:03:19.202838,3.72,7.84,34.09,5.63,0.43,0,None
2026-09-13T07:13:19.202838,3.61,7.98,34.13,4.66,0.83,0,None
2026-09-13T07:23:19.202838,3.99,7.93,34.35,4.88,0.68,0,None
2026-09-13T07:33:19.202838,3.85,8.06,34.04,4.63,0.3,0,None
2026-09-13T07:43:19.202838,11.63,7.95,34.96,5.25,0.38,1,Thermal Plume
2026-09-13T07:53:19.202838,3.49,7.91,34.67,5.13,0.61,0,None
2026-09-13T08:03:19.202838,3.04,7.98,34.53,5.57,0.82,0,None
2026-09-13T08:13:19.202838,2.41,8.02,34.61,4.24,0.46,0,None
2026-09-13T08:23:19.202838,2.97,7.87,34.01,4.59,0.52,0,None
2026-09-13T08:33:19.202838,2.45,7.9,34.93,4.33,0.83,0,None
2026-09-13T08:43:19.202838,2.39,8.08,34.13,5.64,0.21,0,None
2026-09-13T08:53:19.202838,2.14,8.09,34.59,5.47,0.44,0,None
2026-09-13T09:03:19.202838,2.32,8.03,34.51,4.54,0.75,0,None
2026-09-13T09:13:19.202838,3.42,8.1,34.75,4.13,0.41,0,None
2026-09-13T09:23:19.202838,3.83,8.02,34.96,4.17,0.95,0,None
2026-09-13T09:33:19.202838,2.66,7.88,34.48,5.9,0.58,0,None
2026-09-13T09:43:19.202838,3.12,7.98,34.68,4.65,0.88,0,None
2026-09-13T09:53:19.202838,2.78,6.02,34.6,1.85,6.21,1,Chemical Leak
2026-09-13T10:03:19.202838,3.96,7.96,34.82,5.82,0.65,0,None
2026-09-13T10:13:19.202838,2.75,7.98,34.49,4.71,0.58,0,None
2026-09-13T10:23:19.202838,3.39,7.9,34.54,4.16,0.44,0,None
2026-09-13T10:33:19.202838,2.68,7.86,34.72,5.6,0.76,0,None
2026-09-13T10:43:19.202838,3.52,8.07,34.02,5.99,0.35,0,None
2026-09-13T10:53:19.202838,3.68,7.95,34.52,4.26,0.17,0,None
2026-09-13T11:03:19.202838,3.12,7.99,34.85,5.47,0.51,0,None
2026-09-13T11:13:19.202838,3.09,8.1,34.23,5.97,0.19,0,None
2026-09-13T11:23:19.202838,2.82,7.89,34.41,5.03,0.84,0,None
2026-09-13T11:33:19.202838,2.72,8.03,34.86,5.29,0.24,0,None
2026-09-13T11:43:19.202838,2.93,7.92,34.05,5.27,0.66,0,None
2026-09-13T11:53:19.202838,3.45,7.96,34.69,5.12,0.98,0,None
2026-09-13T12:03:19.202838,2.15,8.09,34.09,5.33,0.5,0,None
2026-09-13T12:13:19.202838,3.67,8.0,34.96,4.18,0.98,0,None
2026-09-13T12:23:19.202838,3.84,7.98,34.46,5.22,0.93,0,None
2026-09-13T12:33:19.202838,2.44,8.07,34.76,4.43,0.69,0,None
2026-09-13T12:43:19.202838,2.28,7.96,34.07,5.06,0.9,0,None
2026-09-13T12:53:19.202838,2.16,7.89,34.22,4.3,0.11,0,None
2026-09-13T13:03:19.202838,2.97,7.98,34.76,4.67,0.6,0,None
2026-09-13T13:13:19.202838,2.49,7.87,34.21,4.68,0.46,0,None
2026-09-13T13:23:19.202838,2.28,7.96,34.85,5.74,0.54,0,None
2026-09-13T13:33:19.202838,2.24,7.87,34.94,5.84,0.65,0,None
2026-09-13T13:43:19.202838,3.27,7.81,34.84,5.56,0.82,0,None
2026-09-13T13:53:19.202838,3.82,7.97,34.77,4.09,0.92,0,None
2026-09-13T14:03:19.202838,3.49,8.07,34.04,5.51,0.98,0,None
2026-09-13T14:13:19.202838,2.37,7.94,34.16,4.52,0.68,0,None
2026-09-13T14:23:19.202838,3.09,7.92,34.58,4.97,0.53,0,None
2026-09-13T14:33:19.202838,2.2,8.07,34.17,5.5,0.17,0,None
2026-09-13T14:43:19.202838,2.12,8.01,34.12,4.56,0.77,0,None
2026-09-13T14:53:19.202838,2.24,7.97,34.61,5.46,0.24,0,None
2026-09-13T15:03:19.202838,2.22,7.85,34.27,5.25,0.56,0,None
2026-09-13T15:13:19.202838,3.51,8.09,34.85,5.67,0.55,0,None
2026-09-13T15:23:19.202838,2.04,7.95,34.88,4.79,0.99,0,None
2026-09-13T15:33:19.202838,3.71,7.98,34.38,5.27,0.68,0,None
2026-09-13T15:43:19.202838,2.64,7.89,34.0,4.98,0.15,0,None
2026-09-13T15:53:19.202838,3.42,7.98,34.84,4.99,0.43,0,None
2026-09-13T16:03:19.202838,3.52,8.08,34.07,4.95,0.82,0,None
2026-09-13T16:13:19.202838,3.14,7.96,34.3,5.03,0.3,0,None
2026-09-13T16:23:19.202838,2.79,8.08,34.16,4.7,0.12,0,None
2026-09-13T16:33:19.202838,2.83,7.88,34.42,4.78,0.31,0,None
2026-09-13T16:43:19.202838,3.72,7.9,34.66,4.92,0.11,0,None
2026-09-13T16:53:19.202838,3.13,7.84,34.71,4.68,0.92,0,None
2026-09-13T17:03:19.202838,3.77,7.85,34.34,4.95,0.67,0,None
2026-09-13T17:13:19.202838,2.73,7.91,34.15,4.53,0.22,0,None
2026-09-13T17:23:19.202838,2.56,7.91,34.73,5.64,0.49,0,None
2026-09-13T17:33:19.202838,3.0,8.08,34.23,5.2,0.93,0,None
2026-09-13T17:43:19.202838,2.51,8.03,34.23,5.03,0.43,0,None
2026-09-13T17:53:19.202838,2.37,8.03,34.6,5.78,0.17,0,None
2026-09-13T18:03:19.202838,2.97,8.02,34.38,5.09,0.6,0,None
2026-09-13T18:13:19.202838,2.45,7.87,34.01,5.63,0.35,0,None
2026-09-13T18:23:19.202838,2.17,8.06,34.53,5.79,1.0,0,None
2026-09-13T18:33:19.202838,2.45,8.01,34.87,5.83,0.28,0,None
2026-09-13T18:43:19.202838,3.15,8.05,34.81,4.16,0.77,0,None
2026-09-13T18:53:19.202838,2.09,8.08,34.22,5.87,0.11,0,None
2026-09-13T19:03:19.202838,3.87,7.93,34.9,5.59,0.36,0,None
2026-09-13T19:13:19.202838,3.13,7.81,34.22,5.27,0.69,0,None
2026-09-13T19:23:19.202838,3.13,8.08,34.57,4.65,0.21,0,None
2026-09-13T19:33:19.202838,2.58,7.84,34.81,5.8,0.34,0,None
2026-09-13T19:43:19.202838,3.09,8.04,34.91,4.42,0.8,0,None
2026-09-13T19:53:19.202838,3.27,7.91,34.0,4.55,0.5,0,None
2026-09-13T20:03:19.202838,3.76,8.03,34.63,4.54,0.22,0,None
2026-09-13T20:13:19.202838,2.91,8.09,34.71,4.72,0.88,0,None
2026-09-13T20:23:19.202838,3.25,7.99,34.37,4.08,0.2,0,None
2026-09-13T20:33:19.202838,2.55,8.01,34.26,4.56,0.76,0,None
2026-09-13T20:43:19.202838,2.11,8.03,34.69,5.63,0.5,0,None
2026-09-13T20:53:19.202838,3.51,8.07,34.84,5.25,0.37,0,None
2026-09-13T21:03:19.202838,3.34,7.91,34.92,5.94,0.94,0,None
2026-09-13T21:13:19.202838,2.66,7.87,34.48,5.25,0.28,0,None
2026-09-13T21:23:19.202838,2.9,7.81,34.43,5.28,0.78,0,None
2026-09-13T21:33:19.202838,3.47,7.93,34.75,5.46,0.56,0,None
2026-09-13T21:43:19.202838,3.45,8.0,34.79,4.31,0.95,0,None
2026-09-13T21:53:19.202838,3.27,8.07,34.96,4.29,0.89,0,None
2026-09-13T22:03:19.202838,12.4,8.05,34.78,5.07,0.68,1,Thermal Plume
2026-09-13T22:13:19.202838,3.87,7.93,34.2,4.9,0.5,0,None
2026-09-13T22:23:19.202838,3.86,8.02,34.47,5.52,0.52,0,None
2026-09-13T22:33:19.202838,3.95,7.96,34.36,4.82,0.44,0,None
2026-09-13T22:43:19.202838,3.44,7.91,34.68,5.29,0.88,0,None
2026-09-13T22:53:19.202838,2.31,8.08,34.46,4.58,0.6,0,None
2026-09-13T23:03:19.202838,3.09,8.08,34.24,5.38,0.38,0,None
2026-09-13T23:13:19.202838,3.14,7.88,34.78,5.81,0.19,0,None
2026-09-13T23:23:19.202838,3.25,7.92,34.77,4.25,0.52,0,None
2026-09-13T23:33:19.202838,3.12,8.07,34.96,4.54,0.14,0,None
2026-09-13T23:43:19.202838,2.93,7.87,34.76,4.6,0.87,0,None
2026-09-13T23:53:19.202838,3.67,8.08,34.15,5.75,0.34,0,None
2026-09-14T00:03:19.202838,2.11,7.97,34.37,5.55,0.33,0,None
2026-09-14T00:13:19.202838,3.17,7.9,34.85,4.88,0.67,0,None
2026-09-14T00:23:19.202838,2.53,7.91,34.49,5.27,0.74,0,None
2026-09-14T00:33:19.202838,3.35,7.89,34.72,5.82,0.97,0,None
2026-09-14T00:43:19.202838,2.78,7.82,34.47,5.69,0.29,0,None
2026-09-14T00:53:19.202838,2.09,8.09,34.08,5.91,0.48,0,None
2026-09-14T01:03:19.202838,3.4,7.86,34.05,5.12,0.35,0,None
2026-09-14T01:13:19.202838,3.85,7.95,34.56,5.23,0.78,0,None
2026-09-14T01:23:19.202838,3.15,7.88,34.17,5.59,0.93,0,None
2026-09-14T01:33:19.202838,2.85,8.0,34.18,4.23,0.7,0,None
2026-09-14T01:43:19.202838,2.7,7.87,34.1,5.35,0.65,0,None
2026-09-14T01:53:19.202838,2.35,7.95,34.44,5.62,0.61,0,None
2026-09-14T02:03:19.202838,2.96,8.08,34.6,4.83,0.72,0,None
2026-09-14T02:13:19.202838,3.47,8.08,34.84,5.96,0.4,0,None
2026-09-14T02:23:19.202838,3.88,8.06,34.34,5.3,0.92,0,None
2026-09-14T02:33:19.202838,3.13,7.83,34.18,5.88,0.74,0,None
2026-09-14T02:43:19.202838,3.53,8.06,34.49,5.43,0.35,0,None
2026-09-14T02:53:19.202838,2.4,8.03,34.44,4.91,0.89,0,None
2026-09-14T03:03:19.202838,3.6,7.91,34.39,5.98,0.42,0,None
2026-09-14T03:13:19.202838,2.32,7.86,34.45,5.79,0.2,0,None
2026-09-14T03:23:19.202838,3.19,7.87,34.8,4.81,0.9,0,None
2026-09-14T03:33:19.202838,3.6,7.92,34.16,4.48,0.42,0,None
2026-09-14T03:43:19.202838,3.39,7.8,34.54,5.55,0.2,0,None
2026-09-14T03:53:19.202838,3.0,7.98,34.74,4.17,0.68,0,None
2026-09-14T04:03:19.202838,3.89,7.8,34.3,4.18,0.92,0,None
2026-09-14T04:13:19.202838,2.24,7.88,34.72,5.2,0.28,0,None
2026-09-14T04:23:19.202838,3.7,7.83,34.24,5.41,0.21,0,None
2026-09-14T04:33:19.202838,2.1,8.0,34.65,5.3,0.39,0,None
2026-09-14T04:43:19.202838,2.96,8.05,34.27,5.92,0.54,0,None
2026-09-14T04:53:19.202838,2.14,8.07,34.5,4.96,0.87,0,None
2026-09-14T05:03:19.202838,2.22,8.02,34.77,5.87,0.14,0,None
2026-09-14T05:13:19.202838,2.62,8.05,34.88,4.67,0.33,0,None
2026-09-14T05:23:19.202838,2.35,8.02,34.77,5.81,0.28,0,None
2026-09-14T05:33:19.202838,2.32,8.06,34.38,4.43,0.23,0,None
2026-09-14T05:43:19.202838,2.09,7.92,34.11,5.66,0.34,0,None
2026-09-14T05:53:19.202838,2.39,8.0,34.36,4.53,0.23,0,None
2026-09-14T06:03:19.202838,2.07,8.0,34.66,4.43,0.29,0,None
2026-09-14T06:13:19.202838,3.92,7.8,34.19,4.63,0.4,0,None
2026-09-14T06:23:19.202838,3.21,8.06,34.4,5.63,0.57,0,None
2026-09-14T06:33:19.202838,3.55,7.94,34.14,4.67,0.42,0,None
2026-09-14T06:43:19.202838,3.41,8.02,34.31,4.4,0.17,0,None
2026-09-14T06:53:19.202838,3.6,7.84,34.14,5.03,0.42,0,None
2026-09-14T07:03:19.202838,2.26,8.07,34.38,5.8,0.18,0,None
2026-09-14T07:13:19.202838,3.77,7.89,34.0,5.4,0.65,0,None
2026-09-14T07:23:19.202838,3.79,7.88,34.74,4.95,0.83,0,None
2026-09-14T07:33:19.202838,2.42,8.03,34.1,4.62,0.87,0,None
2026-09-14T07:43:19.202838,3.07,7.92,34.5,4.18,0.76,0,None
2026-09-14T07:53:19.202838,2.26,8.0,34.71,5.34,0.78,0,None
2026-09-14T08:03:19.202838,2.58,7.86,34.79,5.22,0.12,0,None
2026-09-14T08:13:19.202838,3.81,8.05,34.08,5.07,0.36,0,None
2026-09-14T08:23:19.202838,3.63,7.84,34.41,4.69,0.57,0,None
2026-09-14T08:33:19.202838,2.6,8.04,34.42,5.92,0.28,0,None
2026-09-14T08:43:19.202838,3.35,7.9,34.61,4.03,0.14,0,None
2026-09-14T08:53:19.202838,3.67,7.87,34.43,4.63,0.31,0,None
2026-09-14T09:03:19.202838,2.38,7.81,34.38,5.25,0.94,0,None
2026-09-14T09:13:19.202838,3.59,8.0,34.21,5.24,0.2,0,None
2026-09-14T09:23:19.202838,3.09,7.8,34.24,4.28,0.59,0,None
2026-09-14T09:33:19.202838,3.1,7.83,34.31,5.78,0.83,0,None
2026-09-14T09:43:19.202838,2.62,8.04,34.23,4.01,0.47,0,None
2026-09-14T09:53:19.202838,12.44,7.83,34.5,4.11,0.9,1,Thermal Plume
2026-09-14T10:03:19.202838,3.63,7.89,34.5,5.9,0.82,0,None
2026-09-14T10:13:19.202838,10.09,8.05,34.16,5.03,0.26,1,Thermal Plume
2026-09-14T10:23:19.202838,2.08,7.8,34.44,5.2,0.49,0,None
2026-09-14T10:33:19.202838,2.76,8.02,34.46,5.62,0.28,0,None
2026-09-14T10:43:19.202838,3.23,7.92,34.02,4.1,0.64,0,None
2026-09-14T10:53:19.202838,3.77,7.98,34.94,4.03,0.44,0,None
2026-09-14T11:03:19.202838,3.53,7.83,34.5,4.26,0.85,0,None
2026-09-14T11:13:19.202838,3.87,8.06,34.18,5.74,0.93,0,None
2026-09-14T11:23:19.202838,2.26,8.07,34.17,5.94,0.71,0,None
2026-09-14T11:33:19.202838,2.14,7.91,34.82,5.65,0.3,0,None
2026-09-14T11:43:19.202838,2.05,7.86,34.73,4.93,0.94,0,None
2026-09-14T11:53:19.202838,3.42,7.99,34.82,4.92,0.3,0,None
2026-09-14T12:03:19.202838,2.59,8.08,34.58,4.79,0.23,0,None
2026-09-14T12:13:19.202838,2.84,8.09,34.47,5.4,0.72,0,None
2026-09-14T12:23:19.202838,2.63,7.87,34.74,5.96,0.18,0,None
2026-09-14T12:33:19.202838,3.07,8.01,34.74,5.8,0.28,0,None
2026-09-14T12:43:19.202838,2.46,8.07,34.56,4.9,0.42,0,None
2026-09-14T12:53:19.202838,2.34,7.83,34.66,4.67,0.86,0,None
2026-09-14T13:03:19.202838,2.88,7.94,34.79,4.2,0.94,0,None
2026-09-14T13:13:19.202838,2.63,8.01,34.83,5.19,0.3,0,None
2026-09-14T13:23:19.202838,2.22,7.8,34.25,4.13,0.62,0,None
2026-09-14T13:33:19.202838,3.68,8.06,34.43,5.06,0.35,0,None
2026-09-14T13:43:19.202838,3.58,7.88,34.91,4.82,0.27,0,None
2026-09-14T13:53:19.202838,3.88,8.07,34.15,4.63,0.15,0,None
2026-09-14T14:03:19.202838,3.62,8.06,34.47,4.51,0.79,0,None
2026-09-14T14:13:19.202838,14.42,7.84,34.67,5.63,0.66,1,Thermal Plume
2026-09-14T14:23:19.202838,2.59,7.82,34.55,4.42,0.85,0,None
2026-09-14T14:33:19.202838,3.87,8.08,34.28,5.22,0.75,0,None
2026-09-14T14:43:19.202838,3.54,8.01,34.31,5.19,0.85,0,None
2026-09-14T14:53:19.202838,2.41,7.83,34.51,5.93,0.29,0,None
2026-09-14T15:03:19.202838,2.93,7.1,34.69,1.99,9.6,1,Chemical Leak
2026-09-14T15:13:19.202838,3.65,8.09,34.87,5.48,0.24,0,None
2026-09-14T15:23:19.202838,3.53,7.88,34.47,4.25,0.35,0,None
2026-09-14T15:33:19.202838,2.3,8.01,34.68,5.35,0.22,0,None
2026-09-14T15:43:19.202838,3.78,7.9,34.34,4.84,0.31,0,None
2026-09-14T15:53:19.202838,2.7,7.97,34.02,4.68,0.62,0,None
2026-09-14T16:03:19.202838,8.26,8.05,34.03,4.9,0.96,1,Thermal Plume
2026-09-14T16:13:19.202838,2.95,7.83,34.54,4.02,0.98,0,None
2026-09-14T16:23:19.202838,3.07,8.09,34.96,5.97,0.76,0,None
2026-09-14T16:33:19.202838,3.22,7.83,34.32,4.77,0.8,0,None
2026-09-14T16:43:19.202838,3.47,7.97,34.79,5.38,0.15,0,None
2026-09-14T16:53:19.202838,3.98,7.83,34.1,4.85,0.7,0,None
2026-09-14T17:03:19.202838,4.0,8.06,34.75,5.68,0.48,0,None
2026-09-14T17:13:19.202838,2.74,7.89,34.19,4.25,0.7,0,None
2026-09-14T17:23:19.202838,2.37,8.02,34.1,5.71,0.12,0,None
2026-09-14T17:33:19.202838,3.03,7.98,34.69,4.69,0.23,0,None
2026-09-14T17:43:19.202838,2.71,8.0,34.44,5.49,0.76,0,None
2026-09-14T17:53:19.202838,3.86,8.07,34.62,4.86,0.52,0,None
2026-09-14T18:03:19.202838,2.77,8.01,34.07,5.55,0.31,0,None
2026-09-14T18:13:19.202838,2.49,8.06,34.61,4.79,0.11,0,None
2026-09-14T18:23:19.202838,2.34,7.86,34.73,5.81,0.98,0,None
2026-09-14T18:33:19.202838,2.68,7.82,34.28,5.86,0.34,0,None
2026-09-14T18:43:19.202838,3.59,7.81,34.99,5.59,0.18,0,None
2026-09-14T18:53:19.202838,2.6,7.94,34.2,5.65,0.48,0,None
2026-09-14T19:03:19.202838,3.78,7.16,34.88,1.74,12.87,1,Chemical Leak
2026-09-14T19:13:19.202838,2.05,7.86,34.01,5.37,0.48,0,None
2026-09-14T19:23:19.202838,2.32,8.06,34.22,5.76,0.33,0,None
2026-09-14T19:33:19.202838,3.4,7.91,34.26,5.83,0.7,0,None
2026-09-14T19:43:19.202838,3.73,7.8,34.22,4.88,0.85,0,None
2026-09-14T19:53:19.202838,2.42,7.96,34.75,4.68,0.18,0,None
2026-09-14T20:03:19.202838,2.8,8.06,34.72,4.24,0.36,0,None
2026-09-14T20:13:19.202838,2.89,7.94,34.83,4.78,0.46,0,None
2026-09-14T20:23:19.202838,3.03,8.07,34.13,4.08,0.55,0,None
2026-09-14T20:33:19.202838,2.49,7.97,34.34,4.76,0.42,0,None
2026-09-14T20:43:19.202838,2.7,8.09,34.64,4.72,0.23,0,None
2026-09-14T20:53:19.202838,2.52,7.81,34.99,4.47,0.16,0,None
2026-09-14T21:03:19.202838,3.1,7.95,34.03,6.0,0.71,0,None
2026-09-14T21:13:19.202838,2.94,8.03,34.56,4.13,0.3,0,None
2026-09-14T21:23:19.202838,2.94,7.86,34.36,4.07,0.83,0,None
2026-09-14T21:33:19.202838,2.14,7.87,34.64,4.6,0.93,0,None
2026-09-14T21:43:19.202838,2.49,8.06,34.7,4.75,0.46,0,None
2026-09-14T21:53:19.202838,2.46,7.9,34.42,4.17,0.49,0,None
2026-09-14T22:03:19.202838,3.94,7.92,34.44,5.83,0.92,0,None
2026-09-14T22:13:19.202838,3.9,8.07,34.64,4.12,0.48,0,None
2026-09-14T22:23:19.202838,3.58,7.9,34.64,4.41,0.78,0,None
2026-09-14T22:33:19.202838,2.19,7.89,34.56,4.92,0.9,0,None
2026-09-14T22:43:19.202838,2.53,6.62,34.86,2.38,7.96,1,Chemical Leak
2026-09-14T22:53:19.202838,2.14,8.02,34.54,5.3,0.33,0,None
2026-09-14T23:03:19.202838,2.24,7.98,34.17,5.37,0.46,0,None
2026-09-14T23:13:19.202838,2.35,7.84,34.32,5.26,0.85,0,None
2026-09-14T23:23:19.202838,3.51,7.96,34.97,5.35,0.52,0,None
2026-09-14T23:33:19.202838,2.86,8.09,34.41,5.04,0.92,0,None
2026-09-14T23:43:19.202838,2.2,7.93,34.47,4.38,0.59,0,None
2026-09-14T23:53:19.202838,2.45,7.91,34.9,4.9,0.77,0,None
2026-09-15T00:03:19.202838,2.99,8.08,34.29,5.01,0.21,0,None
2026-09-15T00:13:19.202838,3.34,8.05,34.53,5.19,0.33,0,None
2026-09-15T00:23:19.202838,2.07,7.88,34.62,5.06,0.28,0,None
2026-09-15T00:33:19.202838,2.24,7.93,34.89,4.35,0.38,0,None
2026-09-15T00:43:19.202838,3.06,8.1,34.22,4.8,0.35,0,None
2026-09-15T00:53:19.202838,3.66,7.94,34.11,5.22,0.89,0,None
2026-09-15T01:03:19.202838,3.14,7.98,34.99,5.86,0.31,0,None
2026-09-15T01:13:19.202838,2.03,7.89,34.82,5.14,0.97,0,None
2026-09-15T01:23:19.202838,3.71,7.88,34.78,4.37,0.83,0,None
2026-09-15T01:33:19.202838,3.25,8.01,34.35,5.55,0.54,0,None
2026-09-15T01:43:19.202838,2.51,7.87,34.94,5.85,0.7,0,None
2026-09-15T01:53:19.202838,2.35,8.04,34.44,4.25,0.36,0,None
2026-09-15T02:03:19.202838,3.36,7.88,34.21,4.71,0.24,0,None
2026-09-15T02:13:19.202838,2.58,7.8,34.83,5.01,0.89,0,None
2026-09-15T02:23:19.202838,3.71,7.93,34.91,5.98,0.35,0,None
2026-09-15T02:33:19.202838,3.06,7.9,34.93,4.95,0.27,0,None
2026-09-15T02:43:19.202838,3.64,7.84,34.3,5.27,0.9,0,None
2026-09-15T02:53:19.202838,2.4,8.01,34.01,5.71,0.13,0,None
2026-09-15T03:03:19.202838,2.21,7.91,34.66,5.38,0.52,0,None
2026-09-15T03:13:19.202838,2.08,7.95,34.59,4.48,0.1,0,None
2026-09-15T03:23:19.202838,2.01,6.69,34.85,1.8,8.79,1,Chemical Leak
2026-09-15T03:33:19.202838,3.28,7.9,34.64,4.07,0.55,0,None
2026-09-15T03:43:19.202838,3.2,7.94,34.64,5.73,0.25,0,None
2026-09-15T03:53:19.202838,3.36,8.03,34.87,5.67,0.45,0,None
2026-09-15T04:03:19.202838,3.3,7.87,34.4,5.45,0.98,0,None
2026-09-15T04:13:19.202838,2.35,7.97,34.12,4.96,0.64,0,None
2026-09-15T04:23:19.202838,3.6,7.83,34.4,5.46,0.38,0,None
2026-09-15T04:33:19.202838,2.57,7.96,34.09,4.87,0.25,0,None
2026-09-15T04:43:19.202838,2.24,6.84,34.89,2.36,7.21,1,Chemical Leak
2026-09-15T04:53:19.202838,3.59,7.89,34.89,4.68,0.74,0,None
2026-09-15T05:03:19.202838,2.17,7.92,34.6,4.64,0.45,0,None
2026-09-15T05:13:19.202838,3.14,8.04,34.12,5.0,0.46,0,None
2026-09-15T05:23:19.202838,3.03,7.82,34.38,5.75,0.15,0,None
2026-09-15T05:33:19.202838,3.7,7.97,34.22,5.23,0.55,0,None
2026-09-15T05:43:19.202838,3.35,8.05,34.01,4.15,0.4,0,None
2026-09-15T05:53:19.202838,3.57,8.06,34.03,5.03,0.98,0,None
2026-09-15T06:03:19.202838,3.31,7.83,34.99,5.4,0.89,0,None
2026-09-15T06:13:19.202838,3.11,7.88,34.13,4.17,0.56,0,None
2026-09-15T06:23:19.202838,2.31,7.85,34.46,5.51,0.79,0,None
2026-09-15T06:33:19.202838,2.47,8.07,34.8,5.17,0.18,0,None
2026-09-15T06:43:19.202838,3.48,8.1,34.16,4.52,0.72,0,None
2026-09-15T06:53:19.202838,2.58,8.08,34.95,5.41,0.84,0,None
2026-09-15T07:03:19.202838,2.1,8.03,34.21,4.13,0.63,0,None
2026-09-15T07:13:19.202838,3.4,7.94,34.91,5.42,0.61,0,None
2026-09-15T07:23:19.202838,2.72,8.07,34.78,5.47,0.32,0,None
2026-09-15T07:33:19.202838,3.29,8.01,34.87,4.71,0.11,0,None
2026-09-15T07:43:19.202838,2.5,8.05,34.05,5.06,0.17,0,None
2026-09-15T07:53:19.202838,3.78,7.98,34.3,4.65,0.47,0,None
2026-09-15T08:03:19.202838,3.62,8.09,34.75,4.0,0.17,0,None
2026-09-15T08:13:19.202838,3.09,8.1,34.72,5.74,0.57,0,None
2026-09-15T08:23:19.202838,3.91,7.86,34.9,4.86,0.13,0,None
2026-09-15T08:33:19.202838,3.61,7.98,34.67,4.96,0.13,0,None
2026-09-15T08:43:19.202838,2.5,7.86,34.99,5.3,0.56,0,None
2026-09-15T08:53:19.202838,2.07,7.84,34.77,4.79,0.56,0,None
2026-09-15T09:03:19.202838,3.69,7.95,34.99,4.48,0.4,0,None
2026-09-15T09:13:19.202838,2.46,7.98,34.49,5.81,0.47,0,None
2026-09-15T09:23:19.202838,2.69,7.84,34.53,5.05,0.64,0,None
2026-09-15T09:33:19.202838,2.86,8.0,34.76,4.81,0.18,0,None
2026-09-15T09:43:19.202838,2.61,7.85,34.91,4.11,0.56,0,None
2026-09-15T09:53:19.202838,2.72,7.84,34.15,5.88,0.98,0,None
2026-09-15T10:03:19.202838,3.66,7.95,34.11,5.46,0.54,0,None
2026-09-15T10:13:19.202838,3.49,7.99,34.45,4.04,0.77,0,None
2026-09-15T10:23:19.202838,3.13,7.96,34.0,4.17,0.66,0,None
2026-09-15T10:33:19.202838,2.78,8.03,34.92,5.78,0.51,0,None
2026-09-15T10:43:19.202838,2.07,7.97,34.41,5.45,0.25,0,None
2026-09-15T10:53:19.202838,2.29,7.96,34.83,4.27,0.5,0,None
2026-09-15T11:03:19.202838,3.68,8.03,34.54,4.43,0.86,0,None
2026-09-15T11:13:19.202838,3.47,7.9,34.38,4.25,0.85,0,None
2026-09-15T11:23:19.202838,3.11,7.91,34.9,5.91,0.57,0,None
2026-09-15T11:33:19.202838,3.9,7.84,34.85,4.41,0.77,0,None
2026-09-15T11:43:19.202838,3.42,8.04,34.08,4.72,0.26,0,None
2026-09-15T11:53:19.202838,3.11,7.97,34.98,4.11,0.87,0,None
2026-09-15T12:03:19.202838,2.52,7.86,34.82,5.66,0.32,0,None
2026-09-15T12:13:19.202838,3.47,7.89,34.11,4.99,0.44,0,None
2026-09-15T12:23:19.202838,2.57,7.91,34.26,5.59,0.52,0,None
2026-09-15T12:33:19.202838,2.71,8.07,34.81,5.58,0.49,0,None
2026-09-15T12:43:19.202838,3.8,8.0,34.02,4.04,0.76,0,None
2026-09-15T12:53:19.202838,3.43,8.05,34.27,5.29,0.64,0,None
2026-09-15T13:03:19.202838,2.65,8.08,34.25,5.86,0.15,0,None
2026-09-15T13:13:19.202838,2.17,7.89,34.4,4.09,0.35,0,None
2026-09-15T13:23:19.202838,2.15,8.06,34.81,4.94,0.95,0,None
2026-09-15T13:33:19.202838,3.62,8.0,34.02,4.41,0.87,0,None
2026-09-15T13:43:19.202838,2.63,8.02,34.45,4.65,0.34,0,None
2026-09-15T13:53:19.202838,2.28,7.84,34.89,4.48,0.84,0,None
2026-09-15T14:03:19.202838,3.16,7.83,34.47,5.69,0.47,0,None
2026-09-15T14:13:19.202838,3.13,7.84,34.04,4.15,0.73,0,None
2026-09-15T14:23:19.202838,3.63,7.88,34.53,5.36,0.52,0,None
2026-09-15T14:33:19.202838,3.95,8.05,34.07,5.15,0.14,0,None
2026-09-15T14:43:19.202838,3.57,7.89,34.85,5.39,0.12,0,None
2026-09-15T14:53:19.202838,2.47,7.9,34.32,4.34,0.31,0,None
2026-09-15T15:03:19.202838,3.94,8.01,34.24,4.38,0.67,0,None
2026-09-15T15:13:19.202838,3.22,8.02,34.01,5.99,0.2,0,None
2026-09-15T15:23:19.202838,3.1,7.97,34.18,4.7,0.79,0,None
2026-09-15T15:33:19.202838,2.35,8.08,34.76,5.77,0.98,0,None
2026-09-15T15:43:19.202838,2.99,7.92,34.13,5.45,0.85,0,None
2026-09-15T15:53:19.202838,3.47,8.0,34.97,4.64,0.23,0,None
2026-09-15T16:03:19.202838,2.78,7.96,34.44,5.48,0.28,0,None
2026-09-15T16:13:19.202838,2.71,7.86,34.6,4.65,0.62,0,None
2026-09-15T16:23:19.202838,2.44,7.89,34.59,5.51,0.44,0,None
2026-09-15T16:33:19.202838,2.15,7.85,34.72,5.81,0.44,0,None
2026-09-15T16:43:19.202838,3.53,7.81,34.03,4.37,0.65,0,None
2026-09-15T16:53:19.202838,3.86,8.03,34.61,4.72,0.75,0,None
2026-09-15T17:03:19.202838,3.27,7.93,34.08,4.55,0.3,0,None
2026-09-15T17:13:19.202838,3.53,7.82,34.19,5.77,0.96,0,None
2026-09-15T17:23:19.202838,2.99,7.83,34.39,5.76,0.85,0,None
2026-09-15T17:33:19.202838,3.68,8.01,34.27,5.58,0.81,0,None
2026-09-15T17:43:19.202838,3.67,7.93,34.06,5.41,0.96,0,None
2026-09-15T17:53:19.202838,2.18,7.82,34.38,5.59,0.62,0,None
2026-09-15T18:03:19.202838,3.4,8.09,34.34,4.76,0.58,0,None
2026-09-15T18:13:19.202838,2.08,6.46,34.76,2.62,13.78,1,Chemical Leak
2026-09-15T18:23:19.202838,2.29,7.8,34.3,4.75,0.2,0,None
2026-09-15T18:33:19.202838,2.98,7.92,34.35,5.09,0.55,0,None
2026-09-15T18:43:19.202838,3.99,7.84,34.53,4.12,0.87,0,None
2026-09-15T18:53:19.202838,3.78,8.05,34.98,5.35,0.53,0,None
2026-09-15T19:03:19.202838,3.24,7.95,34.06,4.91,0.47,0,None
2026-09-15T19:13:19.202838,2.67,8.02,34.15,5.36,0.69,0,None
2026-09-15T19:23:19.202838,2.01,7.85,34.18,4.1,0.31,0,None
2026-09-15T19:33:19.202838,2.67,6.36,34.85,1.47,7.51,1,Chemical Leak
2026-09-15T19:43:19.202838,3.21,7.92,34.91,5.04,0.4,0,None
2026-09-15T19:53:19.202838,8.6,7.99,34.58,4.83,0.53,1,Thermal Plume
2026-09-15T20:03:19.202838,3.42,7.97,34.16,5.66,0.69,0,None
2026-09-15T20:13:19.202838,3.03,8.06,34.2,4.32,0.68,0,None
2026-09-15T20:23:19.202838,3.73,8.02,34.44,5.26,0.97,0,None
2026-09-15T20:33:19.202838,3.94,7.88,34.94,5.4,0.55,0,None
2026-09-15T20:43:19.202838,3.22,8.06,34.17,4.49,0.65,0,None
2026-09-15T20:53:19.202838,2.05,7.83,34.92,5.4,0.61,0,None
2026-09-15T21:03:19.202838,14.71,7.86,34.23,5.87,0.83,1,Thermal Plume
2026-09-15T21:13:19.202838,3.17,7.98,34.76,5.61,0.94,0,None
2026-09-15T21:23:19.202838,3.59,7.98,34.9,4.63,0.42,0,None
2026-09-15T21:33:19.202838,3.91,8.04,34.4,5.1,0.3,0,None
2026-09-15T21:43:19.202838,2.96,8.07,34.08,5.33,0.89,0,None
2026-09-15T21:53:19.202838,3.55,7.93,34.01,4.34,0.73,0,None
2026-09-15T22:03:19.202838,10.54,7.96,34.17,5.0,0.61,1,Thermal Plume
2026-09-15T22:13:19.202838,2.02,7.98,34.73,5.69,0.23,0,None
2026-09-15T22:23:19.202838,3.31,8.0,34.99,4.41,0.78,0,None
2026-09-15T22:33:19.202838,10.35,8.09,34.33,4.46,0.3,1,Thermal Plume
2026-09-15T22:43:19.202838,3.41,7.91,34.16,5.92,0.57,0,None
2026-09-15T22:53:19.202838,2.72,8.09,34.46,4.15,0.88,0,None
2026-09-15T23:03:19.202838,3.21,8.02,34.58,4.49,0.83,0,None
2026-09-15T23:13:19.202838,3.48,7.93,34.02,5.68,0.58,0,None
2026-09-15T23:23:19.202838,3.77,7.8,34.27,5.23,0.35,0,None
2026-09-15T23:33:19.202838,3.83,7.88,34.6,5.79,0.64,0,None
2026-09-15T23:43:19.202838,3.94,7.93,34.09,4.16,0.17,0,None
2026-09-15T23:53:19.202838,9.19,8.09,34.15,5.18,0.29,1,Thermal Plume
2026-09-16T00:03:19.202838,3.42,7.85,34.19,5.35,0.5,0,None
2026-09-16T00:13:19.202838,3.11,8.01,34.25,5.3,0.53,0,None
2026-09-16T00:23:19.202838,2.49,7.96,34.16,4.6,0.95,0,None
2026-09-16T00:33:19.202838,3.01,8.1,34.52,4.94,0.59,0,None
2026-09-16T00:43:19.202838,2.62,7.92,34.01,5.64,0.37,0,None
2026-09-16T00:53:19.202838,3.84,8.1,34.75,4.01,0.87,0,None
2026-09-16T01:03:19.202838,3.01,7.91,34.03,5.33,0.68,0,None
2026-09-16T01:13:19.202838,3.61,7.81,34.85,4.0,0.35,0,None
2026-09-16T01:23:19.202838,3.46,8.06,34.51,4.92,0.16,0,None
2026-09-16T01:33:19.202838,2.11,8.02,34.5,5.43,0.92,0,None
2026-09-16T01:43:19.202838,2.2,7.91,34.31,4.66,0.23,0,None
2026-09-16T01:53:19.202838,3.07,8.04,34.38,4.26,0.51,0,None
2026-09-16T02:03:19.202838,2.04,7.86,34.35,4.07,0.14,0,None
2026-09-16T02:13:19.202838,2.51,8.02,34.19,4.32,0.86,0,None
2026-09-16T02:23:19.202838,2.52,7.88,34.86,5.83,0.58,0,None
2026-09-16T02:33:19.202838,3.67,7.91,34.95,5.83,0.96,0,None
2026-09-16T02:43:19.202838,2.37,7.98,34.96,4.82,0.75,0,None
2026-09-16T02:53:19.202838,2.82,7.84,34.35,5.2,0.41,0,None
2026-09-16T03:03:19.202838,3.27,7.99,34.24,4.98,0.57,0,None
2026-09-16T03:13:19.202838,3.34,7.87,34.11,5.89,0.26,0,None
2026-09-16T03:23:19.202838,3.29,8.0,34.05,5.05,0.81,0,None
2026-09-16T03:33:19.202838,3.52,7.87,34.44,4.24,0.22,0,None
2026-09-16T03:43:19.202838,3.64,8.03,34.97,4.6,1.0,0,None
2026-09-16T03:53:19.202838,2.06,8.07,34.57,4.91,0.4,0,None
2026-09-16T04:03:19.202838,3.96,8.03,34.84,4.17,0.53,0,None
2026-09-16T04:13:19.202838,2.41,7.88,34.5,5.41,0.74,0,None
2026-09-16T04:23:19.202838,3.33,8.08,34.51,4.56,0.63,0,None
2026-09-16T04:33:19.202838,3.3,7.94,34.48,5.92,0.28,0,None
2026-09-16T04:43:19.202838,3.89,7.87,34.31,5.44,0.71,0,None
2026-09-16T04:53:19.202838,3.07,8.03,34.46,5.49,0.25,0,None
2026-09-16T05:03:19.202838,2.8,8.04,34.63,5.57,0.74,0,None
2026-09-16T05:13:19.202838,2.14,7.85,34.11,4.66,0.86,0,None
2026-09-16T05:23:19.202838,2.48,7.86,34.91,5.95,0.49,0,None
2026-09-16T05:33:19.202838,3.24,7.95,34.3,5.82,0.37,0,None
2026-09-16T05:43:19.202838,2.75,7.89,34.82,4.47,0.33,0,None
2026-09-16T05:53:19.202838,3.07,7.96,34.14,5.77,0.3,0,None
2026-09-16T06:03:19.202838,2.34,7.84,34.63,5.26,0.25,0,None
2026-09-16T06:13:19.202838,3.09,7.98,34.91,4.07,0.52,0,None
2026-09-16T06:23:19.202838,4.0,7.96,34.7,4.57,0.7,0,None
2026-09-16T06:33:19.202838,2.49,8.0,34.72,5.19,0.45,0,None
2026-09-16T06:43:19.202838,2.78,7.97,34.94,4.19,0.62,0,None
2026-09-16T06:53:19.202838,2.54,7.92,34.34,4.62,0.63,0,None
2026-09-16T07:03:19.202838,14.66,8.01,34.41,5.22,0.66,1,Thermal Plume
2026-09-16T07:13:19.202838,3.9,7.89,34.16,4.19,0.7,0,None
2026-09-16T07:23:19.202838,2.14,7.96,34.92,4.84,0.49,0,None
2026-09-16T07:33:19.202838,3.02,8.05,34.99,4.08,0.33,0,None
2026-09-16T07:43:19.202838,3.78,7.89,34.2,4.65,0.99,0,None
2026-09-16T07:53:19.202838,3.68,7.96,34.08,5.44,0.75,0,None
2026-09-16T08:03:19.202838,3.1,7.95,34.57,5.07,0.83,0,None
2026-09-16T08:13:19.202838,3.82,8.04,34.99,4.32,0.5,0,None
2026-09-16T08:23:19.202838,2.06,7.95,34.96,4.59,0.63,0,None
2026-09-16T08:33:19.202838,3.59,8.01,34.62,5.31,0.78,0,None
2026-09-16T08:43:19.202838,3.19,7.95,34.96,4.25,0.5,0,None
2026-09-16T08:53:19.202838,2.93,8.05,34.79,5.73,0.28,0,None
2026-09-16T09:03:19.202838,2.02,7.88,34.1,5.99,0.5,0,None
2026-09-16T09:13:19.202838,3.43,8.09,34.35,4.77,0.67,0,None
2026-09-16T09:23:19.202838,3.31,7.85,34.6,4.08,0.81,0,None
2026-09-16T09:33:19.202838,2.71,7.88,34.47,5.51,0.38,0,None
2026-09-16T09:43:19.202838,2.46,7.91,34.42,5.35,0.77,0,None
2026-09-16T09:53:19.202838,2.28,7.81,34.48,5.31,0.1,0,None
2026-09-16T10:03:19.202838,2.41,7.88,34.08,4.55,0.92,0,None
2026-09-16T10:13:19.202838,2.54,7.92,34.83,4.98,0.74,0,None
2026-09-16T10:23:19.202838,3.85,7.93,34.08,4.76,0.22,0,None
2026-09-16T10:33:19.202838,3.87,7.96,34.69,5.66,0.85,0,None
2026-09-16T10:43:19.202838,2.36,8.08,34.48,4.14,0.35,0,None
2026-09-16T10:53:19.202838,3.01,8.03,34.42,5.4,0.6,0,None
2026-09-16T11:03:19.202838,3.09,8.04,34.38,5.86,0.27,0,None
2026-09-16T11:13:19.202838,2.75,7.85,34.5,4.42,0.61,0,None
2026-09-16T11:23:19.202838,2.79,7.88,34.93,5.94,0.28,0,None
2026-09-16T11:33:19.202838,3.97,8.04,34.89,4.43,0.56,0,None
2026-09-16T11:43:19.202838,3.39,7.88,34.41,5.81,0.98,0,None
2026-09-16T11:53:19.202838,3.92,8.04,34.93,4.59,0.51,0,None
2026-09-16T12:03:19.202838,2.11,7.93,34.48,4.47,0.23,0,None
2026-09-16T12:13:19.202838,2.16,7.94,34.44,4.27,0.44,0,None
2026-09-16T12:23:19.202838,2.13,6.86,34.96,2.48,6.7,1,Chemical Leak
2026-09-16T12:33:19.202838,2.81,8.05,34.7,5.55,0.35,0,None
2026-09-16T12:43:19.202838,2.89,7.94,34.79,5.44,0.45,0,None
2026-09-16T12:53:19.202838,2.94,7.94,34.8,5.07,0.18,0,None
2026-09-16T13:03:19.202838,3.08,8.06,34.21,4.19,0.24,0,None
2026-09-16T13:13:19.202838,2.91,7.82,34.48,5.84,0.39,0,None
2026-09-16T13:23:19.202838,3.32,8.01,34.73,5.2,0.57,0,None
2026-09-16T13:33:19.202838,2.42,7.87,34.88,4.03,0.71,0,None
2026-09-16T13:43:19.202838,3.37,7.98,34.75,5.1,0.83,0,None
2026-09-16T13:53:19.202838,2.2,8.03,34.7,5.87,0.43,0,None
2026-09-16T14:03:19.202838,2.67,7.8,34.58,4.21,0.47,0,None
2026-09-16T14:13:19.202838,2.98,7.99,34.12,4.04,0.75,0,None
2026-09-16T14:23:19.202838,3.69,7.81,34.95,5.41,0.25,0,None
2026-09-16T14:33:19.202838,2.1,8.08,34.02,4.05,0.22,0,None
2026-09-16T14:43:19.202838,2.33,7.94,34.16,4.06,0.51,0,None
2026-09-16T14:53:19.202838,2.58,8.02,34.73,4.58,0.47,0,None
2026-09-16T15:03:19.202838,2.03,7.91,34.44,5.15,0.15,0,None
2026-09-16T15:13:19.202838,10.53,7.8,34.76,5.48,0.61,1,Thermal Plume
2026-09-16T15:23:19.202838,3.72,8.06,34.76,4.37,0.88,0,None
2026-09-16T15:33:19.202838,3.28,8.05,34.78,4.23,0.26,0,None
2026-09-16T15:43:19.202838,3.52,8.07,34.96,4.36,0.35,0,None
2026-09-16T15:53:19.202838,3.72,8.03,34.26,4.55,0.67,0,None
2026-09-16T16:03:19.202838,3.69,8.02,34.42,5.61,0.13,0,None
2026-09-16T16:13:19.202838,2.95,7.84,34.98,5.89,0.64,0,None
2026-09-16T16:23:19.202838,3.29,7.92,34.2,5.72,0.55,0,None
2026-09-16T16:33:19.202838,3.76,7.87,34.98,4.84,0.19,0,None
2026-09-16T16:43:19.202838,2.12,6.13,34.87,1.03,13.78,1,Chemical Leak
2026-09-16T16:53:19.202838,2.49,7.85,34.91,5.15,0.62,0,None
2026-09-16T17:03:19.202838,3.78,8.0,34.38,4.81,0.19,0,None
2026-09-16T17:13:19.202838,3.08,7.96,34.03,4.04,0.6,0,None
2026-09-16T17:23:19.202838,2.1,8.09,34.7,4.16,0.41,0,None
2026-09-16T17:33:19.202838,2.5,7.99,34.2,5.33,0.98,0,None
2026-09-16T17:43:19.202838,3.25,7.81,34.12,5.38,0.21,0,None
2026-09-16T17:53:19.202838,3.79,7.81,34.28,4.76,0.16,0,None
2026-09-16T18:03:19.202838,3.75,8.09,34.26,5.51,0.69,0,None
2026-09-16T18:13:19.202838,3.23,8.02,34.2,4.45,0.81,0,None
2026-09-16T18:23:19.202838,3.28,7.85,34.5,5.13,0.88,0,None
2026-09-16T18:33:19.202838,2.15,8.02,34.35,4.34,0.27,0,None
2026-09-16T18:43:19.202838,2.29,7.82,34.03,5.52,0.25,0,None
2026-09-16T18:53:19.202838,2.36,7.83,34.52,5.9,0.35,0,None
2026-09-16T19:03:19.202838,3.31,7.98,34.75,4.6,0.66,0,None
2026-09-16T19:13:19.202838,2.82,7.98,34.67,5.9,0.99,0,None
2026-09-16T19:23:19.202838,3.11,7.88,34.59,5.35,0.74,0,None
2026-09-16T19:33:19.202838,3.26,8.04,34.12,4.33,0.38,0,None
2026-09-16T19:43:19.202838,2.02,8.02,34.94,4.24,0.61,0,None
2026-09-16T19:53:19.202838,4.0,8.04,34.33,4.78,0.29,0,None
2026-09-16T20:03:19.202838,2.99,7.94,34.5,5.18,0.51,0,None
2026-09-16T20:13:19.202838,3.18,8.09,34.9,4.69,0.85,0,None
2026-09-16T20:23:19.202838,2.2,7.9,34.33,4.03,0.43,0,None
2026-09-16T20:33:19.202838,2.11,7.83,34.78,5.93,0.84,0,None
2026-09-16T20:43:19.202838,2.86,7.91,34.34,5.23,0.8,0,None
2026-09-16T20:53:19.202838,2.37,7.86,34.89,4.37,0.58,0,None
2026-09-16T21:03:19.202838,3.13,7.82,34.51,4.56,0.11,0,None
2026-09-16T21:13:19.202838,3.95,8.05,34.87,5.02,0.56,0,None
2026-09-16T21:23:19.202838,2.54,6.51,34.48,1.55,12.53,1,Chemical Leak
2026-09-16T21:33:19.202838,3.63,7.98,34.17,4.67,0.53,0,None
2026-09-16T21:43:19.202838,2.45,7.93,34.3,5.74,0.65,0,None
2026-09-16T21:53:19.202838,3.67,7.87,34.84,4.9,0.82,0,None
2026-09-16T22:03:19.202838,2.38,7.87,34.36,5.13,0.26,0,None
2026-09-16T22:13:19.202838,2.13,7.92,34.94,4.14,0.32,0,None
2026-09-16T22:23:19.202838,2.37,7.84,34.15,4.63,0.78,0,None
2026-09-16T22:33:19.202838,3.7,7.88,34.34,4.66,0.91,0,None
2026-09-16T22:43:19.202838,3.52,7.81,34.09,5.42,0.56,0,None
2026-09-16T22:53:19.202838,3.32,7.91,34.65,5.67,0.26,0,None
2026-09-16T23:03:19.202838,3.59,7.98,34.34,5.74,0.24,0,None
2026-09-16T23:13:19.202838,2.47,8.04,35.0,4.7,0.55,0,None
2026-09-16T23:23:19.202838,2.89,7.93,34.83,5.4,0.96,0,None
2026-09-16T23:33:19.202838,2.73,7.9,34.91,5.06,0.88,0,None
2026-09-16T23:43:19.202838,3.58,7.96,34.79,5.21,0.12,0,None
2026-09-16T23:53:19.202838,3.74,8.04,34.57,4.01,0.57,0,None
2026-09-17T00:03:19.202838,2.99,7.98,34.86,5.79,0.27,0,None
2026-09-17T00:13:19.202838,2.19,8.08,34.54,4.77,0.48,0,None
2026-09-17T00:23:19.202838,2.53,7.84,34.23,4.44,0.54,0,None
2026-09-17T00:33:19.202838,2.82,7.87,34.19,4.22,0.71,0,None
2026-09-17T00:43:19.202838,2.71,7.82,34.52,5.79,0.57,0,None
2026-09-17T00:53:19.202838,3.21,8.01,34.68,4.53,0.21,0,None
2026-09-17T01:03:19.202838,2.69,8.09,34.07,4.85,0.67,0,None
2026-09-17T01:13:19.202838,2.49,6.12,34.01,1.74,5.57,1,Chemical Leak
2026-09-17T01:23:19.202838,2.26,8.0,34.87,5.07,0.78,0,None
2026-09-17T01:33:19.202838,2.8,8.0,34.83,4.73,0.52,0,None
2026-09-17T01:43:19.202838,2.62,7.83,34.71,4.13,0.9,0,None
2026-09-17T01:53:19.202838,2.86,7.98,34.68,5.81,0.63,0,None
2026-09-17T02:03:19.202838,2.31,7.85,34.69,5.52,0.27,0,None
2026-09-17T02:13:19.202838,3.01,8.06,34.64,5.97,0.48,0,None
2026-09-17T02:23:19.202838,3.45,8.07,34.74,4.15,0.99,0,None
2026-09-17T02:33:19.202838,2.1,8.04,34.65,4.57,0.47,0,None
2026-09-17T02:43:19.202838,2.41,7.96,34.11,5.13,0.63,0,None
2026-09-17T02:53:19.202838,3.31,8.04,34.28,4.46,0.37,0,None
2026-09-17T03:03:19.202838,2.9,7.89,34.33,5.12,0.8,0,None
2026-09-17T03:13:19.202838,2.76,7.81,34.3,5.64,0.68,0,None
2026-09-17T03:23:19.202838,2.14,7.99,34.26,4.1,0.64,0,None
2026-09-17T03:33:19.202838,2.4,8.08,34.49,4.16,0.96,0,None
2026-09-17T03:43:19.202838,3.83,7.9,34.94,5.77,0.54,0,None
2026-09-17T03:53:19.202838,3.48,8.03,34.24,4.15,0.92,0,None
2026-09-17T04:03:19.202838,2.43,7.87,34.39,4.09,0.42,0,None
2026-09-17T04:13:19.202838,2.25,7.99,34.14,4.89,0.73,0,None
2026-09-17T04:23:19.202838,3.98,7.95,34.04,5.17,0.69,0,None
2026-09-17T04:33:19.202838,3.35,8.07,34.75,5.78,0.26,0,None
2026-09-17T04:43:19.202838,3.71,7.93,34.99,4.42,0.58,0,None
2026-09-17T04:53:19.202838,3.65,7.99,34.03,4.54,0.67,0,None
2026-09-17T05:03:19.202838,2.02,8.01,34.24,4.29,0.16,0,None
2026-09-17T05:13:19.202838,2.82,8.02,34.64,5.05,0.43,0,None
2026-09-17T05:23:19.202838,2.05,7.81,34.95,4.38,0.83,0,None
2026-09-17T05:33:19.202838,2.9,7.86,34.38,4.45,0.22,0,None
2026-09-17T05:43:19.202838,2.1,7.93,34.71,4.82,0.51,0,None
2026-09-17T05:53:19.202838,3.18,7.93,34.62,4.24,0.19,0,None
2026-09-17T06:03:19.202838,13.1,8.08,34.27,5.43,0.19,1,Thermal Plume
2026-09-17T06:13:19.202838,3.49,7.85,34.25,4.28,0.5,0,None
2026-09-17T06:23:19.202838,2.29,8.05,34.98,4.7,0.77,0,None
2026-09-17T06:33:19.202838,3.5,7.91,34.34,5.82,0.4,0,None
2026-09-17T06:43:19.202838,3.79,7.96,34.25,5.51,0.97,0,None
2026-09-17T06:53:19.202838,3.26,7.95,34.9,4.94,0.66,0,None
2026-09-17T07:03:19.202838,2.4,7.95,34.87,4.44,0.71,0,None
2026-09-17T07:13:19.202838,2.22,8.09,34.51,4.7,0.14,0,None
2026-09-17T07:23:19.202838,3.34,7.96,34.54,5.74,0.33,0,None
2026-09-17T07:33:19.202838,3.38,8.02,34.41,5.79,0.81,0,None
2026-09-17T07:43:19.202838,2.59,7.94,34.91,4.43,0.87,0,None
2026-09-17T07:53:19.202838,2.37,8.08,34.5,4.86,0.48,0,None
2026-09-17T08:03:19.202838,3.02,8.07,34.3,4.89,0.15,0,None
2026-09-17T08:13:19.202838,2.76,8.04,34.41,5.47,0.97,0,None
2026-09-17T08:23:19.202838,2.4,7.88,34.83,4.41,0.58,0,None
2026-09-17T08:33:19.202838,2.16,7.96,35.0,4.0,0.87,0,None
2026-09-17T08:43:19.202838,14.17,7.8,34.12,4.85,0.24,1,Thermal Plume
2026-09-17T08:53:19.202838,3.61,7.85,34.76,4.93,0.72,0,None
2026-09-17T09:03:19.202838,2.32,7.99,34.94,4.75,0.84,0,None
2026-09-17T09:13:19.202838,2.64,7.88,34.27,4.06,0.75,0,None
2026-09-17T09:23:19.202838,13.93,7.84,34.26,5.18,0.44,1,Thermal Plume
2026-09-17T09:33:19.202838,3.13,7.95,34.6,5.61,0.15,0,None
2026-09-17T09:43:19.202838,3.3,7.9,34.32,4.51,0.96,0,None
2026-09-17T09:53:19.202838,3.31,8.09,34.03,4.09,0.39,0,None
2026-09-17T10:03:19.202838,3.9,8.02,34.12,5.71,0.14,0,None
2026-09-17T10:13:19.202838,2.65,8.0,34.65,5.83,0.46,0,None
2026-09-17T10:23:19.202838,2.89,8.06,34.05,5.85,0.35,0,None
2026-09-17T10:33:19.202838,3.22,7.94,34.71,5.83,0.57,0,None
2026-09-17T10:43:19.202838,2.67,7.88,34.36,4.66,0.33,0,None
2026-09-17T10:53:19.202838,3.53,7.98,34.9,5.17,0.82,0,None
2026-09-17T11:03:19.202838,3.7,7.81,34.44,5.68,0.41,0,None
2026-09-17T11:13:19.202838,2.55,7.97,34.79,4.81,0.56,0,None
2026-09-17T11:23:19.202838,2.33,7.86,34.26,5.25,0.7,0,None
2026-09-17T11:33:19.202838,3.56,8.07,34.24,4.04,0.58,0,None
2026-09-17T11:43:19.202838,3.91,8.04,34.61,4.55,0.74,0,None
2026-09-17T11:53:19.202838,3.73,7.98,34.06,4.47,0.78,0,None
2026-09-17T12:03:19.202838,3.79,8.05,34.91,5.78,0.82,0,None
2026-09-17T12:13:19.202838,2.63,7.99,34.27,4.71,0.82,0,None
2026-09-17T12:23:19.202838,3.62,7.82,34.19,5.74,0.88,0,None
2026-09-17T12:33:19.202838,2.17,7.97,34.88,4.64,0.33,0,None
2026-09-17T12:43:19.202838,2.33,8.0,34.76,5.68,0.6,0,None
2026-09-17T12:53:19.202838,2.41,8.03,34.05,5.21,0.26,0,None
2026-09-17T13:03:19.202838,3.3,7.83,34.61,4.92,0.53,0,None
2026-09-17T13:13:19.202838,3.11,7.93,34.71,4.92,0.67,0,None
2026-09-17T13:23:19.202838,3.4,7.8,34.54,4.45,0.26,0,None
2026-09-17T13:33:19.202838,2.2,8.08,34.7,5.71,0.2,0,None
2026-09-17T13:43:19.202838,2.6,7.94,34.55,4.13,0.55,0,None
2026-09-17T13:53:19.202838,3.2,6.72,34.56,1.56,6.73,1,Chemical Leak
2026-09-17T14:03:19.202838,3.56,7.9,34.28,4.46,0.7,0,None
2026-09-17T14:13:19.202838,3.69,7.86,34.93,4.07,0.18,0,None
2026-09-17T14:23:19.202838,2.58,8.08,34.18,5.95,0.77,0,None
2026-09-17T14:33:19.202838,3.21,7.87,34.37,4.05,0.12,0,None
2026-09-17T14:43:19.202838,3.45,7.87,34.78,5.59,0.94,0,None
2026-09-17T14:53:19.202838,2.25,8.02,34.63,5.19,0.24,0,None
2026-09-17T15:03:19.202838,3.36,7.93,34.6,5.96,0.64,0,None
2026-09-17T15:13:19.202838,3.56,8.04,34.56,5.79,0.69,0,None
2026-09-17T15:23:19.202838,3.15,7.94,34.37,6.0,0.12,0,None
2026-09-17T15:33:19.202838,2.59,7.85,34.44,4.68,0.97,0,None
2026-09-17T15:43:19.202838,3.58,8.06,34.86,5.66,0.47,0,None
2026-09-17T15:53:19.202838,2.08,8.02,34.81,5.48,0.96,0,None
2026-09-17T16:03:19.202838,3.21,7.95,34.28,5.22,0.27,0,None
2026-09-17T16:13:19.202838,2.54,8.07,34.33,4.61,0.21,0,None
2026-09-17T16:23:19.202838,3.37,7.97,34.27,5.97,0.75,0,None
2026-09-17T16:33:19.202838,2.37,7.96,34.43,4.67,0.19,0,None
2026-09-17T16:43:19.202838,2.29,7.91,34.48,4.6,0.61,0,None
2026-09-17T16:53:19.202838,2.51,7.86,34.3,4.77,0.7,0,None
2026-09-17T17:03:19.202838,2.05,7.87,34.17,5.96,0.2,0,None
2026-09-17T17:13:19.202838,3.23,7.94,34.32,4.08,0.14,0,None
2026-09-17T17:23:19.202838,2.45,7.86,34.8,4.83,0.3,0,None
2026-09-17T17:33:19.202838,2.07,7.84,34.57,5.58,0.5,0,None
2026-09-17T17:43:19.202838,2.51,7.81,35.0,5.11,0.84,0,None
2026-09-17T17:53:19.202838,3.44,7.99,34.92,5.63,0.32,0,None
2026-09-17T18:03:19.202838,2.69,8.09,34.72,4.48,0.46,0,None
2026-09-17T18:13:19.202838,2.66,7.96,34.62,4.46,0.36,0,None
2026-09-17T18:23:19.202838,2.94,7.99,34.55,5.76,0.54,0,None
2026-09-17T18:33:19.202838,2.32,7.85,34.41,5.86,0.72,0,None
2026-09-17T18:43:19.202838,2.7,8.09,34.78,4.24,0.93,0,None
2026-09-17T18:53:19.202838,3.44,7.94,34.05,4.19,0.93,0,None
2026-09-17T19:03:19.202838,3.1,8.1,34.95,5.77,0.93,0,None
2026-09-17T19:13:19.202838,2.31,7.97,34.21,4.3,0.78,0,None
2026-09-17T19:23:19.202838,3.14,7.89,34.33,5.19,0.47,0,None
2026-09-17T19:33:19.202838,2.56,8.02,34.99,4.09,0.46,0,None
2026-09-17T19:43:19.202838,2.63,7.95,34.35,4.21,0.36,0,None
2026-09-17T19:53:19.202838,2.67,8.05,34.37,5.25,0.93,0,None
2026-09-17T20:03:19.202838,2.88,7.94,34.15,4.06,0.46,0,None
2026-09-17T20:13:19.202838,2.21,8.03,34.9,4.53,0.41,0,None
2026-09-17T20:23:19.202838,2.4,7.94,34.46,4.86,0.39,0,None
2026-09-17T20:33:19.202838,2.6,7.87,34.55,4.17,0.64,0,None
2026-09-17T20:43:19.202838,3.18,7.87,34.18,5.74,0.36,0,None
2026-09-17T20:53:19.202838,2.9,8.08,34.4,5.78,0.29,0,None
2026-09-17T21:03:19.202838,3.32,8.06,34.8,5.72,0.78,0,None
2026-09-17T21:13:19.202838,2.51,7.98,34.48,5.43,0.35,0,None
2026-09-17T21:23:19.202838,2.74,7.85,34.07,4.17,0.95,0,None
2026-09-17T21:33:19.202838,2.31,8.07,34.56,4.52,0.21,0,None
2026-09-17T21:43:19.202838,3.25,7.98,34.09,5.88,0.13,0,None
2026-09-17T21:53:19.202838,2.43,8.09,34.32,5.39,0.54,0,None
2026-09-17T22:03:19.202838,2.65,8.05,34.4,4.61,0.45,0,None
2026-09-17T22:13:19.202838,2.52,7.85,34.66,4.29,0.37,0,None
2026-09-17T22:23:19.202838,3.91,8.01,34.24,4.57,0.75,0,None
2026-09-17T22:33:19.202838,3.16,8.03,34.34,4.59,0.89,0,None
2026-09-17T22:43:19.202838,3.32,8.03,34.02,5.05,0.35,0,None
2026-09-17T22:53:19.202838,2.76,8.04,34.41,5.4,0.24,0,None
2026-09-17T23:03:19.202838,2.67,8.02,34.22,4.56,0.76,0,None
2026-09-17T23:13:19.202838,3.3,8.1,34.03,4.02,0.4,0,None
2026-09-17T23:23:19.202838,2.15,7.92,34.26,4.7,0.69,0,None
2026-09-17T23:33:19.202838,2.4,7.02,34.4,1.31,13.51,1,Chemical Leak
2026-09-17T23:43:19.202838,2.85,6.1,34.99,2.67,12.61,1,Chemical Leak
2026-09-17T23:53:19.202838,2.48,7.88,34.3,5.62,0.44,0,None
2026-09-18T00:03:19.202838,3.55,7.85,34.42,5.6,0.22,0,None
2026-09-18T00:13:19.202838,2.21,7.84,34.45,4.64,0.27,0,None
2026-09-18T00:23:19.202838,3.33,7.81,34.11,4.89,0.3,0,None
2026-09-18T00:33:19.202838,2.19,7.99,34.89,5.43,0.8,0,None
2026-09-18T00:43:19.202838,2.58,8.06,34.98,5.78,0.39,0,None
2026-09-18T00:53:19.202838,3.31,7.81,34.04,4.62,0.41,0,None
2026-09-18T01:03:19.202838,3.8,8.02,34.47,4.74,0.63,0,None
2026-09-18T01:13:19.202838,2.79,8.05,34.37,4.54,0.99,0,None
2026-09-18T01:23:19.202838,3.07,8.08,34.56,5.7,0.93,0,None
2026-09-18T01:33:19.202838,2.98,8.06,34.62,5.69,0.56,0,None
2026-09-18T01:43:19.202838,2.43,8.05,34.7,4.79,0.21,0,None
2026-09-18T01:53:19.202838,2.22,7.87,34.79,4.83,0.58,0,None
2026-09-18T02:03:19.202838,2.56,8.07,34.31,4.73,0.5,0,None
2026-09-18T02:13:19.202838,3.31,8.03,34.06,5.05,0.84,0,None
2026-09-18T02:23:19.202838,3.32,7.98,34.95,5.82,0.53,0,None
2026-09-18T02:33:19.202838,2.26,7.98,34.43,5.68,0.44,0,None
2026-09-18T02:43:19.202838,3.07,7.85,34.43,4.54,0.44,0,None
2026-09-18T02:53:19.202838,2.48,7.98,34.25,4.37,0.25,0,None
2026-09-18T03:03:19.202838,2.47,8.02,34.5,4.75,0.19,0,None
2026-09-18T03:13:19.202838,3.65,8.07,34.26,4.03,0.29,0,None
2026-09-18T03:23:19.202838,2.1,7.98,34.12,5.22,0.73,0,None
2026-09-18T03:33:19.202838,3.44,7.88,34.71,4.76,0.76,0,None
2026-09-18T03:43:19.202838,10.15,8.04,34.19,4.65,0.66,1,Thermal Plume
2026-09-18T03:53:19.202838,3.68,7.83,34.23,5.34,0.93,0,None
2026-09-18T04:03:19.202838,2.47,8.02,34.72,4.3,0.8,0,None
2026-09-18T04:13:19.202838,3.97,7.99,34.84,5.66,0.32,0,None
2026-09-18T04:23:19.202838,3.37,7.85,34.67,5.42,0.25,0,None
2026-09-18T04:33:19.202838,2.35,8.07,34.35,5.16,0.47,0,None
2026-09-18T04:43:19.202838,3.76,8.05,34.71,4.2,0.35,0,None
2026-09-18T04:53:19.202838,3.1,7.95,34.03,5.34,0.94,0,None
2026-09-18T05:03:19.202838,2.52,8.02,34.16,4.35,0.28,0,None
2026-09-18T05:13:19.202838,3.82,7.98,34.76,5.39,0.57,0,None
2026-09-18T05:23:19.202838,3.66,7.86,34.08,4.31,0.65,0,None
2026-09-18T05:33:19.202838,3.95,7.81,34.91,4.3,0.51,0,None
2026-09-18T05:43:19.202838,3.46,7.9,34.44,4.68,0.56,0,None
2026-09-18T05:53:19.202838,2.14,7.9,34.44,5.84,0.66,0,None
2026-09-18T06:03:19.202838,2.77,8.06,34.32,4.89,0.93,0,None
2026-09-18T06:13:19.202838,3.94,8.09,34.71,5.08,0.94,0,None
2026-09-18T06:23:19.202838,3.63,8.08,34.83,4.69,0.55,0,None
2026-09-18T06:33:19.202838,2.44,8.07,34.81,5.52,0.18,0,None
2026-09-18T06:43:19.202838,3.9,7.95,34.09,5.18,0.76,0,None
2026-09-18T06:53:19.202838,3.04,7.97,34.25,5.85,0.23,0,None
2026-09-18T07:03:19.202838,2.31,7.97,34.6,4.15,0.23,0,None
2026-09-18T07:13:19.202838,3.98,8.0,34.29,5.39,0.21,0,None
2026-09-18T07:23:19.202838,2.03,7.99,34.89,4.28,0.63,0,None
2026-09-18T07:33:19.202838,8.25,7.97,34.98,5.34,0.88,1,Thermal Plume
2026-09-18T07:43:19.202838,3.47,8.01,34.87,5.87,0.36,0,None
2026-09-18T07:53:19.202838,3.75,7.89,34.89,5.68,0.8,0,None
2026-09-18T08:03:19.202838,3.92,7.93,34.52,4.16,0.17,0,None
2026-09-18T08:13:19.202838,2.2,8.0,34.06,5.55,0.12,0,None
2026-09-18T08:23:19.202838,2.86,7.95,34.72,4.85,0.79,0,None
2026-09-18T08:33:19.202838,2.36,8.08,34.41,4.32,0.15,0,None
2026-09-18T08:43:19.202838,2.6,7.8,34.59,5.38,0.97,0,None
2026-09-18T08:53:19.202838,3.66,7.82,34.29,5.84,0.16,0,None
2026-09-18T09:03:19.202838,14.44,8.08,34.98,5.8,0.64,1,Thermal Plume
2026-09-18T09:13:19.202838,3.37,7.96,34.15,5.78,0.75,0,None
2026-09-18T09:23:19.202838,4.0,7.95,34.28,4.83,0.34,0,None
2026-09-18T09:33:19.202838,2.93,7.82,34.48,4.66,0.65,0,None
2026-09-18T09:43:19.202838,2.25,7.9,34.1,5.96,0.43,0,None
2026-09-18T09:53:19.202838,2.04,7.98,34.41,4.68,0.26,0,None
2026-09-18T10:03:19.202838,3.78,8.02,34.27,5.18,0.3,0,None
2026-09-18T10:13:19.202838,3.61,7.8,34.79,5.04,0.6,0,None
2026-09-18T10:23:19.202838,3.55,7.93,34.17,4.62,0.75,0,None
2026-09-18T10:33:19.202838,12.65,8.01,34.38,5.08,0.47,1,Thermal Plume
2026-09-18T10:43:19.202838,2.93,7.88,34.74,4.48,0.99,0,None
2026-09-18T10:53:19.202838,2.05,7.92,34.05,4.59,0.66,0,None
2026-09-18T11:03:19.202838,2.66,7.89,34.34,5.44,0.44,0,None
2026-09-18T11:13:19.202838,3.17,7.94,34.19,5.6,0.47,0,None
2026-09-18T11:23:19.202838,3.97,8.01,34.71,4.8,0.32,0,None
2026-09-18T11:33:19.202838,3.53,8.04,34.38,5.48,0.25,0,None
2026-09-18T11:43:19.202838,2.53,8.06,34.55,4.23,0.39,0,None
2026-09-18T11:53:19.202838,2.67,7.99,34.14,5.31,0.8,0,None
2026-09-18T12:03:19.202838,2.38,8.05,34.29,5.48,0.98,0,None
2026-09-18T12:13:19.202838,2.51,8.03,34.2,5.57,0.74,0,None
2026-09-18T12:23:19.202838,3.05,7.89,34.02,4.09,0.52,0,None
2026-09-18T12:33:19.202838,2.26,7.85,34.6,5.8,0.72,0,None
2026-09-18T12:43:19.202838,3.25,8.01,34.76,4.44,0.34,0,None
2026-09-18T12:53:19.202838,3.65,8.05,34.26,4.56,0.14,0,None
2026-09-18T13:03:19.202838,2.76,7.87,34.38,5.04,0.67,0,None
2026-09-18T13:13:19.202838,2.49,7.96,34.95,5.07,0.29,0,None
2026-09-18T13:23:19.202838,3.13,8.03,34.65,5.82,0.75,0,None
2026-09-18T13:33:19.202838,3.97,8.02,34.71,4.51,0.73,0,None
2026-09-18T13:43:19.202838,3.62,8.03,34.95,5.32,0.24,0,None
2026-09-18T13:53:19.202838,3.19,7.99,34.92,4.84,0.22,0,None
2026-09-18T14:03:19.202838,2.52,8.05,34.36,4.01,0.22,0,None
2026-09-18T14:13:19.202838,13.75,8.06,34.32,4.41,0.69,1,Thermal Plume
2026-09-18T14:23:19.202838,2.54,7.87,34.08,5.28,0.61,0,None
2026-09-18T14:33:19.202838,2.05,7.93,34.45,5.15,0.42,0,None
2026-09-18T14:43:19.202838,3.97,8.0,34.2,4.44,0.87,0,None
2026-09-18T14:53:19.202838,3.52,7.9,34.23,4.95,0.71,0,None
2026-09-18T15:03:19.202838,2.95,8.08,34.6,4.53,0.51,0,None
2026-09-18T15:13:19.202838,2.43,7.87,34.93,5.84,0.37,0,None
2026-09-18T15:23:19.202838,3.24,7.9,34.33,5.55,1.0,0,None
2026-09-18T15:33:19.202838,3.63,8.03,34.15,5.39,0.74,0,None
2026-09-18T15:43:19.202838,2.34,8.01,34.17,5.22,0.98,0,None
2026-09-18T15:53:19.202838,3.16,7.97,34.12,5.8,0.57,0,None
2026-09-18T16:03:19.202838,2.66,8.0,34.31,4.32,0.18,0,None
2026-09-18T16:13:19.202838,3.83,8.04,34.16,5.41,0.93,0,None
2026-09-18T16:23:19.202838,3.66,8.02,34.22,5.49,0.57,0,None
2026-09-18T16:33:19.202838,3.26,6.45,34.03,1.74,11.82,1,Chemical Leak
2026-09-18T16:43:19.202838,2.16,8.08,34.43,4.16,0.39,0,None
2026-09-18T16:53:19.202838,3.54,7.9,34.4,4.83,0.92,0,None
2026-09-18T17:03:19.202838,3.53,7.88,34.52,4.14,0.98,0,None
2026-09-18T17:13:19.202838,2.17,8.03,34.05,4.05,0.5,0,None
2026-09-18T17:23:19.202838,3.24,7.89,34.16,4.68,0.61,0,None
2026-09-18T17:33:19.202838,3.66,8.07,34.54,4.88,0.35,0,None
2026-09-18T17:43:19.202838,2.4,8.03,34.08,5.95,0.57,0,None
2026-09-18T17:53:19.202838,3.79,6.72,34.38,2.67,8.2,1,Chemical Leak
2026-09-18T18:03:19.202838,3.86,7.8,34.09,4.96,0.52,0,None
2026-09-18T18:13:19.202838,2.66,8.07,34.78,5.12,0.53,0,None
2026-09-18T18:23:19.202838,2.14,7.96,34.92,5.55,0.6,0,None
2026-09-18T18:33:19.202838,2.22,7.93,34.46,5.8,0.87,0,None
2026-09-18T18:43:19.202838,3.3,7.94,34.01,5.62,0.74,0,None
2026-09-18T18:53:19.202838,3.1,7.91,34.92,4.23,0.28,0,None
2026-09-18T19:03:19.202838,3.99,8.03,34.36,5.56,0.32,0,None
2026-09-18T19:13:19.202838,2.76,7.94,34.29,5.56,0.13,0,None
2026-09-18T19:23:19.202838,3.8,8.09,34.03,4.08,0.88,0,None
2026-09-18T19:33:19.202838,3.72,7.99,34.43,5.3,0.44,0,None
2026-09-18T19:43:19.202838,2.28,7.92,34.77,5.46,0.93,0,None
2026-09-18T19:53:19.202838,2.0,7.88,34.43,5.42,0.26,0,None
2026-09-18T20:03:19.202838,3.84,8.07,34.15,5.08,0.37,0,None
2026-09-18T20:13:19.202838,2.46,7.99,34.07,4.42,0.79,0,None
2026-09-18T20:23:19.202838,2.22,7.92,34.94,4.27,0.98,0,None
2026-09-18T20:33:19.202838,3.21,8.05,34.64,5.98,0.99,0,None
2026-09-18T20:43:19.202838,3.83,7.9,34.36,5.6,0.65,0,None
2026-09-18T20:53:19.202838,2.73,8.06,34.15,5.27,0.8,0,None
2026-09-18T21:03:19.202838,2.25,7.92,34.87,4.95,0.59,0,None
2026-09-18T21:13:19.202838,2.84,7.92,34.15,5.86,0.64,0,None
2026-09-18T21:23:19.202838,3.9,7.96,34.14,5.74,0.18,0,None
2026-09-18T21:33:19.202838,3.95,7.81,34.63,5.46,0.35,0,None
2026-09-18T21:43:19.202838,3.4,7.93,34.35,4.32,0.57,0,None
2026-09-18T21:53:19.202838,2.62,7.85,34.4,4.31,0.53,0,None
2026-09-18T22:03:19.202838,3.43,8.01,34.34,4.14,0.61,0,None
2026-09-18T22:13:19.202838,3.75,8.04,34.6,5.74,0.9,0,None
2026-09-18T22:23:19.202838,3.61,7.84,34.73,4.97,0.43,0,None
2026-09-18T22:33:19.202838,2.72,8.07,34.86,5.43,0.11,0,None
2026-09-18T22:43:19.202838,2.8,8.08,34.75,4.65,0.49,0,None
2026-09-18T22:53:19.202838,12.99,7.93,34.29,4.38,0.38,1,Thermal Plume
2026-09-18T23:03:19.202838,3.38,7.99,34.72,4.01,0.42,0,None
2026-09-18T23:13:19.202838,3.57,7.95,34.38,4.93,0.19,0,None
2026-09-18T23:23:19.202838,2.17,7.95,34.02,5.62,0.8,0,None
2026-09-18T23:33:19.202838,2.86,8.0,34.37,4.16,0.15,0,None
2026-09-18T23:43:19.202838,3.49,7.84,34.39,5.24,0.45,0,None
2026-09-18T23:53:19.202838,3.68,7.84,34.24,4.99,0.85,0,None
2026-09-19T00:03:19.202838,3.78,8.06,34.64,4.33,0.79,0,None
2026-09-19T00:13:19.202838,3.9,7.95,34.02,4.91,0.57,0,None
2026-09-19T00:23:19.202838,3.86,8.02,34.67,4.73,0.29,0,None
2026-09-19T00:33:19.202838,3.6,7.89,34.74,4.06,0.23,0,None
2026-09-19T00:43:19.202838,2.83,8.01,34.51,4.4,0.42,0,None
2026-09-19T00:53:19.202838,3.63,8.02,34.73,5.5,0.56,0,None
2026-09-19T01:03:19.202838,3.07,8.02,34.13,4.25,0.45,0,None
2026-09-19T01:13:19.202838,2.19,7.84,34.38,4.55,0.23,0,None
2026-09-19T01:23:19.202838,3.52,8.08,34.34,5.5,0.96,0,None
2026-09-19T01:33:19.202838,3.5,7.85,34.15,5.43,0.27,0,None
2026-09-19T01:43:19.202838,2.98,7.96,34.62,5.55,0.92,0,None
2026-09-19T01:53:19.202838,3.96,7.85,34.95,5.96,0.36,0,None
2026-09-19T02:03:19.202838,2.59,8.03,34.61,5.72,0.77,0,None
2026-09-19T02:13:19.202838,3.36,7.95,34.31,5.18,0.32,0,None
2026-09-19T02:23:19.202838,3.56,8.0,34.11,4.76,0.91,0,None
2026-09-19T02:33:19.202838,2.94,8.06,34.47,4.88,0.58,0,None
2026-09-19T02:43:19.202838,3.52,7.98,34.81,5.63,0.43,0,None
2026-09-19T02:53:19.202838,3.61,8.06,34.4,4.81,0.75,0,None
2026-09-19T03:03:19.202838,2.91,7.99,34.3,4.42,0.34,0,None
2026-09-19T03:13:19.202838,3.13,8.01,34.26,4.54,0.79,0,None
2026-09-19T03:23:19.202838,2.08,8.02,34.5,5.04,0.67,0,None
2026-09-19T03:33:19.202838,3.19,7.9,34.79,4.37,0.97,0,None
2026-09-19T03:43:19.202838,3.16,7.83,34.17,5.49,0.19,0,None
2026-09-19T03:53:19.202838,2.92,7.97,34.44,4.63,0.4,0,None
2026-09-19T04:03:19.202838,2.0,8.06,34.87,5.13,0.97,0,None
2026-09-19T04:13:19.202838,3.58,7.87,34.11,5.45,0.83,0,None
2026-09-19T04:23:19.202838,2.46,7.88,34.15,4.56,0.16,0,None
2026-09-19T04:33:19.202838,2.34,7.92,34.12,5.49,0.37,0,None
2026-09-19T04:43:19.202838,3.01,7.9,34.63,5.79,0.18,0,None
2026-09-19T04:53:19.202838,3.4,7.88,34.31,5.25,0.41,0,None
2026-09-19T05:03:19.202838,3.13,7.82,34.29,5.47,0.1,0,None
2026-09-19T05:13:19.202838,3.8,8.01,34.1,5.4,0.4,0,None
2026-09-19T05:23:19.202838,2.4,8.01,34.58,5.74,0.41,0,None
2026-09-19T05:33:19.202838,2.85,8.01,34.36,5.06,0.67,0,None
2026-09-19T05:43:19.202838,3.25,8.07,34.49,5.17,0.85,0,None
2026-09-19T05:53:19.202838,2.68,7.91,34.3,4.8,0.53,0,None
2026-09-19T06:03:19.202838,2.05,7.86,34.05,4.26,0.95,0,None
2026-09-19T06:13:19.202838,2.42,7.95,34.38,5.38,0.27,0,None
2026-09-19T06:23:19.202838,2.06,8.09,34.8,5.51,0.81,0,None
2026-09-19T06:33:19.202838,3.09,7.83,34.69,4.14,0.75,0,None
2026-09-19T06:43:19.202838,3.69,8.08,34.64,4.96,0.78,0,None
2026-09-19T06:53:19.202838,3.44,8.09,34.1,5.96,0.57,0,None
2026-09-19T07:03:19.202838,2.75,7.89,34.86,4.57,0.99,0,None
2026-09-19T07:13:19.202838,3.02,7.92,34.08,5.27,0.31,0,None
2026-09-19T07:23:19.202838,2.47,7.95,34.63,4.99,0.28,0,None
2026-09-19T07:33:19.202838,3.97,8.05,34.2,5.08,0.38,0,None
2026-09-19T07:43:19.202838,2.15,8.05,34.1,4.27,0.61,0,None
2026-09-19T07:53:19.202838,2.27,7.85,34.21,5.13,0.71,0,None
2026-09-19T08:03:19.202838,3.78,8.08,34.52,5.26,0.12,0,None
2026-09-19T08:13:19.202838,2.07,7.96,34.99,4.05,0.87,0,None
2026-09-19T08:23:19.202838,2.0,8.04,34.94,4.44,0.91,0,None
2026-09-19T08:33:19.202838,3.9,6.21,34.22,2.46,14.59,1,Chemical Leak
2026-09-19T08:43:19.202838,2.24,7.91,34.23,5.28,0.83,0,None
2026-09-19T08:53:19.202838,3.96,7.89,34.19,5.2,0.98,0,None
2026-09-19T09:03:19.202838,3.21,7.87,34.57,5.78,0.48,0,None
2026-09-19T09:13:19.202838,2.8,7.9,34.52,5.48,0.81,0,None
2026-09-19T09:23:19.202838,3.27,7.96,34.51,5.45,0.46,0,None
2026-09-19T09:33:19.202838,2.83,7.98,34.2,4.89,0.71,0,None
2026-09-19T09:43:19.202838,3.62,8.05,34.35,5.42,0.72,0,None
2026-09-19T09:53:19.202838,3.07,7.88,34.88,4.35,0.79,0,None
2026-09-19T10:03:19.202838,3.65,7.85,34.74,4.0,0.58,0,None
2026-09-19T10:13:19.202838,2.42,7.98,34.13,5.18,0.97,0,None
2026-09-19T10:23:19.202838,2.89,7.84,34.96,5.38,0.55,0,None
2026-09-19T10:33:19.202838,2.17,8.07,34.6,4.81,0.78,0,None
2026-09-19T10:43:19.202838,2.46,7.94,34.24,4.4,0.41,0,None
2026-09-19T10:53:19.202838,2.13,7.93,34.99,5.2,0.25,0,None
2026-09-19T11:03:19.202838,2.5,7.88,34.57,4.46,0.39,0,None
2026-09-19T11:13:19.202838,2.42,8.03,34.69,5.22,0.66,0,None
2026-09-19T11:23:19.202838,2.68,8.02,34.95,4.59,0.72,0,None
2026-09-19T11:33:19.202838,3.88,7.92,34.9,5.25,0.94,0,None
2026-09-19T11:43:19.202838,3.56,7.96,34.98,5.47,0.82,0,None
2026-09-19T11:53:19.202838,2.01,7.8,34.0,4.14,0.89,0,None
2026-09-19T12:03:19.202838,3.3,7.97,34.11,5.76,0.34,0,None
2026-09-19T12:13:19.202838,2.07,8.05,34.66,4.01,0.98,0,None
2026-09-19T12:23:19.202838,2.51,7.9,34.76,4.63,0.8,0,None
2026-09-19T12:33:19.202838,3.49,7.85,34.04,4.33,0.38,0,None
2026-09-19T12:43:19.202838,2.33,6.08,34.93,1.66,9.7,1,Chemical Leak
2026-09-19T12:53:19.202838,3.03,7.9,34.95,4.12,0.45,0,None
2026-09-19T13:03:19.202838,3.16,8.03,34.24,4.33,0.13,0,None
2026-09-19T13:13:19.202838,3.49,8.07,34.29,5.66,0.18,0,None
2026-09-19T13:23:19.202838,3.49,7.82,34.85,4.53,0.62,0,None
2026-09-19T13:33:19.202838,3.59,8.09,34.47,4.23,0.95,0,None
2026-09-19T13:43:19.202838,2.07,8.09,34.31,4.27,0.34,0,None
2026-09-19T13:53:19.202838,2.44,7.95,34.44,4.8,0.49,0,None
2026-09-19T14:03:19.202838,2.91,8.07,34.28,5.57,0.44,0,None
2026-09-19T14:13:19.202838,3.27,7.91,34.13,4.99,0.12,0,None
2026-09-19T14:23:19.202838,2.14,7.98,34.98,5.21,0.78,0,None
2026-09-19T14:33:19.202838,2.18,7.83,34.29,5.69,0.21,0,None
2026-09-19T14:43:19.202838,2.49,7.99,34.08,5.77,0.19,0,None
2026-09-19T14:53:19.202838,3.77,8.03,34.64,5.22,0.93,0,None
2026-09-19T15:03:19.202838,3.51,8.09,34.18,5.58,0.61,0,None
2026-09-19T15:13:19.202838,4.0,7.11,34.87,2.29,11.94,1,Chemical Leak
2026-09-19T15:23:19.202838,2.65,7.87,34.02,4.25,0.22,0,None
2026-09-19T15:33:19.202838,2.84,7.83,34.73,4.04,0.88,0,None
2026-09-19T15:43:19.202838,3.54,7.95,34.52,4.88,0.55,0,None
2026-09-19T15:53:19.202838,3.03,7.85,34.19,4.14,0.36,0,None
2026-09-19T16:03:19.202838,3.37,8.09,34.59,5.85,0.34,0,None
2026-09-19T16:13:19.202838,2.5,8.05,34.5,5.38,0.62,0,None
2026-09-19T16:23:19.202838,3.84,8.1,34.12,4.68,0.86,0,None
2026-09-19T16:33:19.202838,3.39,7.98,34.63,4.57,0.35,0,None
2026-09-19T16:43:19.202838,3.26,7.95,34.74,5.68,0.44,0,None
2026-09-19T16:53:19.202838,3.93,8.02,34.21,4.24,0.33,0,None
2026-09-19T17:03:19.202838,13.19,7.88,34.91,4.53,0.92,1,Thermal Plume
2026-09-19T17:13:19.202838,3.48,7.83,34.36,4.38,0.81,0,None
2026-09-19T17:23:19.202838,3.51,8.04,34.02,4.85,0.67,0,None
2026-09-19T17:33:19.202838,14.0,7.96,34.83,5.25,0.43,1,Thermal Plume
2026-09-19T17:43:19.202838,2.31,7.99,34.99,5.99,0.46,0,None
2026-09-19T17:53:19.202838,2.39,7.98,34.21,5.54,0.84,0,None
2026-09-19T18:03:19.202838,3.45,8.04,34.51,5.08,0.97,0,None
2026-09-19T18:13:19.202838,2.62,7.87,34.97,4.94,0.48,0,None
2026-09-19T18:23:19.202838,3.88,7.92,34.44,4.02,0.43,0,None
2026-09-19T18:33:19.202838,3.33,8.09,34.76,4.91,0.44,0,None
2026-09-19T18:43:19.202838,2.63,7.98,34.57,4.74,0.52,0,None
2026-09-19T18:53:19.202838,3.79,7.98,34.6,5.3,0.57,0,None
2026-09-19T19:03:19.202838,3.63,7.81,34.8,5.47,0.39,0,None
2026-09-19T19:13:19.202838,2.37,8.06,34.65,5.42,0.4,0,None
2026-09-19T19:23:19.202838,3.44,6.95,34.78,2.53,13.99,1,Chemical Leak
2026-09-19T19:33:19.202838,2.78,8.07,34.32,4.56,0.27,0,None
2026-09-19T19:43:19.202838,2.3,8.01,34.86,5.0,0.87,0,None
2026-09-19T19:53:19.202838,2.4,8.05,34.44,4.38,0.72,0,None
2026-09-19T20:03:19.202838,2.86,7.94,34.71,5.49,0.81,0,None
2026-09-19T20:13:19.202838,2.66,7.95,34.36,5.61,0.81,0,None
2026-09-19T20:23:19.202838,3.43,8.06,34.4,4.92,0.11,0,None
2026-09-19T20:33:19.202838,2.11,6.38,34.45,1.18,5.73,1,Chemical Leak
2026-09-19T20:43:19.202838,2.14,7.88,34.39,4.85,0.3,0,None
2026-09-19T20:53:19.202838,2.13,7.96,34.76,5.34,0.27,0,None
2026-09-19T21:03:19.202838,3.48,7.82,34.86,5.51,0.31,0,None
2026-09-19T21:13:19.202838,2.09,7.92,34.22,5.18,0.38,0,None
2026-09-19T21:23:19.202838,2.98,7.9,34.56,4.28,0.66,0,None
2026-09-19T21:33:19.202838,2.96,7.91,34.68,5.92,0.6,0,None
2026-09-19T21:43:19.202838,2.84,7.95,34.28,5.77,0.63,0,None
2026-09-19T21:53:19.202838,3.14,8.03,34.78,5.91,0.75,0,None
2026-09-19T22:03:19.202838,2.34,8.09,34.16,4.51,0.43,0,None
2026-09-19T22:13:19.202838,3.26,8.06,34.59,5.25,0.46,0,None
2026-09-19T22:23:19.202838,2.44,8.04,34.26,4.02,0.43,0,None
2026-09-19T22:33:19.202838,2.78,8.1,34.78,5.4,0.27,0,None
2026-09-19T22:43:19.202838,3.93,8.06,34.42,5.73,0.46,0,None
2026-09-19T22:53:19.202838,3.87,7.85,34.28,4.22,0.91,0,None
2026-09-19T23:03:19.202838,3.64,8.03,34.04,5.67,0.25,0,None
2026-09-19T23:13:19.202838,2.84,7.95,34.25,4.78,0.5,0,None
2026-09-19T23:23:19.202838,2.95,7.86,34.66,5.78,0.25,0,None
2026-09-19T23:33:19.202838,3.87,7.91,34.53,5.72,0.75,0,None
2026-09-19T23:43:19.202838,2.42,8.05,34.27,5.45,0.66,0,None
2026-09-19T23:53:19.202838,3.3,7.81,34.97,5.4,0.76,0,None
2026-09-20T00:03:19.202838,3.91,7.95,34.88,4.22,0.11,0,None
2026-09-20T00:13:19.202838,3.75,7.92,34.59,4.38,0.93,0,None
2026-09-20T00:23:19.202838,2.0,8.05,34.09,5.66,0.79,0,None
2026-09-20T00:33:19.202838,2.26,8.03,34.65,5.28,0.5,0,None
2026-09-20T00:43:19.202838,3.25,7.88,34.8,5.0,0.9,0,None
2026-09-20T00:53:19.202838,3.38,7.97,34.46,5.25,0.33,0,None
2026-09-20T01:03:19.202838,3.25,7.83,34.9,5.11,0.91,0,None
2026-09-20T01:13:19.202838,3.33,8.04,34.7,4.71,0.21,0,None
2026-09-20T01:23:19.202838,3.75,7.87,34.2,4.26,0.44,0,None
2026-09-20T01:33:19.202838,3.0,7.86,34.21,4.13,0.7,0,None
2026-09-20T01:43:19.202838,2.07,7.93,34.76,4.08,0.6,0,None
2026-09-20T01:53:19.202838,3.39,7.88,34.28,5.39,0.18,0,None
2026-09-20T02:03:19.202838,2.47,8.04,34.94,4.99,0.28,0,None
2026-09-20T02:13:19.202838,3.9,7.85,34.71,5.19,0.11,0,None
2026-09-20T02:23:19.202838,2.17,6.25,34.05,2.01,5.53,1,Chemical Leak
2026-09-20T02:33:19.202838,2.99,7.9,34.24,5.53,0.99,0,None
2026-09-20T02:43:19.202838,3.79,8.1,34.34,5.6,0.56,0,None
2026-09-20T02:53:19.202838,3.5,7.98,34.24,4.4,0.68,0,None
2026-09-20T03:03:19.202838,3.78,8.04,34.29,5.52,0.76,0,None
2026-09-20T03:13:19.202838,3.21,7.85,34.56,4.14,0.34,0,None
2026-09-20T03:23:19.202838,3.43,8.03,34.4,5.97,0.1,0,None
2026-09-20T03:33:19.202838,2.29,7.89,34.36,5.99,0.54,0,None
2026-09-20T03:43:19.202838,2.63,7.83,34.07,5.16,0.35,0,None
2026-09-20T03:53:19.202838,3.8,8.04,34.26,4.6,0.78,0,None
2026-09-20T04:03:19.202838,3.53,8.04,34.89,5.24,0.31,0,None
2026-09-20T04:13:19.202838,3.01,8.01,34.64,5.42,0.97,0,None
2026-09-20T04:23:19.202838,2.53,7.9,34.2,5.79,0.57,0,None
2026-09-20T04:33:19.202838,3.83,7.9,34.48,5.63,0.25,0,None
2026-09-20T04:43:19.202838,3.19,7.82,34.67,4.56,0.52,0,None
2026-09-20T04:53:19.202838,2.82,7.96,34.2,5.51,0.56,0,None
2026-09-20T05:03:19.202838,3.33,6.84,34.02,2.96,13.77,1,Chemical Leak
2026-09-20T05:13:19.202838,2.67,8.05,34.41,5.7,0.31,0,None
2026-09-20T05:23:19.202838,11.99,7.94,34.78,5.93,0.54,1,Thermal Plume
2026-09-20T05:33:19.202838,3.81,8.04,34.42,5.68,0.92,0,None
2026-09-20T05:43:19.202838,2.87,7.83,34.98,5.14,0.14,0,None
2026-09-20T05:53:19.202838,2.38,7.93,34.12,4.86,0.93,0,None
2026-09-20T06:03:19.202838,3.08,7.95,34.68,5.32,0.92,0,None
2026-09-20T06:13:19.202838,12.49,7.92,34.67,4.7,0.79,1,Thermal Plume
2026-09-20T06:23:19.202838,12.2,7.81,34.53,5.38,0.87,1,Thermal Plume
2026-09-20T06:33:19.202838,2.54,7.98,34.33,5.5,0.95,0,None
2026-09-20T06:43:19.202838,3.91,7.87,34.69,5.05,0.45,0,None
2026-09-20T06:53:19.202838,2.01,7.88,34.23,5.04,0.81,0,None
2026-09-20T07:03:19.202838,8.63,7.89,34.32,4.85,0.72,1,Thermal Plume
2026-09-20T07:13:19.202838,3.96,7.86,34.98,4.07,0.49,0,None
2026-09-20T07:23:19.202838,3.16,7.87,34.9,5.29,0.51,0,None
2026-09-20T07:33:19.202838,3.53,7.87,34.22,5.81,0.71,0,None
2026-09-20T07:43:19.202838,2.75,7.98,34.71,5.41,0.69,0,None
2026-09-20T07:53:19.202838,2.71,7.88,34.62,4.68,0.3,0,None
2026-09-20T08:03:19.202838,3.74,7.89,34.5,5.06,0.82,0,None
2026-09-20T08:13:19.202838,3.07,7.93,34.65,5.89,0.47,0,None
2026-09-20T08:23:19.202838,2.17,7.87,34.08,5.17,0.47,0,None
2026-09-20T08:33:19.202838,3.73,7.83,34.11,4.56,0.49,0,None
2026-09-20T08:43:19.202838,2.43,7.93,34.17,5.04,0.59,0,None
2026-09-20T08:53:19.202838,2.22,8.03,34.15,4.49,0.88,0,None
2026-09-20T09:03:19.202838,2.64,8.06,34.33,4.65,0.98,0,None
2026-09-20T09:13:19.202838,2.18,8.01,34.6,5.04,0.49,0,None
2026-09-20T09:23:19.202838,2.72,8.09,34.69,4.48,0.79,0,None
2026-09-20T09:33:19.202838,3.26,7.99,34.73,4.93,0.92,0,None
2026-09-20T09:43:19.202838,2.01,8.04,34.08,5.46,0.47,0,None
2026-09-20T09:53:19.202838,2.5,8.05,34.26,4.66,0.56,0,None
2026-09-20T10:03:19.202838,3.43,7.97,34.81,5.61,0.53,0,None
2026-09-20T10:13:19.202838,3.68,8.01,34.12,5.91,0.63,0,None
2026-09-20T10:23:19.202838,2.28,7.88,34.11,4.87,0.3,0,None
2026-09-20T10:33:19.202838,3.61,7.94,34.01,4.55,0.56,0,None
2026-09-20T10:43:19.202838,2.97,7.84,34.05,4.76,0.13,0,None
2026-09-20T10:53:19.202838,2.46,7.87,34.29,5.21,0.99,0,None
2026-09-20T11:03:19.202838,3.92,7.84,34.87,4.09,0.17,0,None
2026-09-20T11:13:19.202838,2.42,7.92,34.48,5.34,0.82,0,None
2026-09-20T11:23:19.202838,2.96,7.89,34.4,5.98,0.23,0,None
2026-09-20T11:33:19.202838,3.94,8.06,34.94,4.77,0.74,0,None
2026-09-20T11:43:19.202838,3.86,7.99,34.89,4.18,0.14,0,None
2026-09-20T11:53:19.202838,2.77,7.95,34.65,4.61,0.39,0,None
2026-09-20T12:03:19.202838,3.52,6.4,34.34,1.14,9.46,1,Chemical Leak
2026-09-20T12:13:19.202838,2.33,7.95,34.61,4.84,0.34,0,None
2026-09-20T12:23:19.202838,2.16,8.03,34.08,5.98,0.91,0,None
2026-09-20T12:33:19.202838,2.55,7.96,34.6,4.73,0.97,0,None
2026-09-20T12:43:19.202838,2.29,7.97,34.93,4.03,0.72,0,None
2026-09-20T12:53:19.202838,2.69,7.88,34.34,5.06,0.89,0,None
2026-09-20T13:03:19.202838,2.17,7.9,34.53,5.51,0.18,0,None
2026-09-20T13:13:19.202838,3.47,8.04,34.09,5.3,0.8,0,None
2026-09-20T13:23:19.202838,2.69,7.96,34.33,5.87,0.14,0,None
2026-09-20T13:33:19.202838,3.27,7.98,34.64,5.67,0.31,0,None
2026-09-20T13:43:19.202838,3.07,8.05,34.69,5.17,0.56,0,None
2026-09-20T13:53:19.202838,2.36,7.94,34.82,5.39,0.39,0,None
2026-09-20T14:03:19.202838,2.49,7.85,34.57,5.52,0.57,0,None
2026-09-20T14:13:19.202838,3.07,7.89,34.09,4.58,0.41,0,None
2026-09-20T14:23:19.202838,3.63,7.86,34.59,5.46,0.88,0,None
2026-09-20T14:33:19.202838,3.03,6.4,34.81,1.1,8.7,1,Chemical Leak
2026-09-20T14:43:19.202838,2.2,7.84,34.06,4.65,0.26,0,None
2026-09-20T14:53:19.202838,2.92,7.83,34.3,5.5,0.46,0,None
2026-09-20T15:03:19.202838,2.99,7.82,34.81,5.87,0.55,0,None
2026-09-20T15:13:19.202838,2.73,7.87,34.73,5.94,0.19,0,None
2026-09-20T15:23:19.202838,2.1,7.94,34.01,4.37,0.44,0,None
2026-09-20T15:33:19.202838,2.79,8.1,35.0,5.72,0.19,0,None
2026-09-20T15:43:19.202838,2.7,7.96,34.94,5.22,0.11,0,None
2026-09-20T15:53:19.202838,2.07,7.86,34.86,5.68,0.76,0,None
2026-09-20T16:03:19.202838,2.56,7.81,34.96,4.34,0.35,0,None
2026-09-20T16:13:19.202838,3.51,7.87,34.66,6.0,0.8,0,None
2026-09-20T16:23:19.202838,3.07,8.07,34.92,4.08,0.86,0,None
2026-09-20T16:33:19.202838,3.22,7.88,34.61,5.16,0.54,0,None
2026-09-20T16:43:19.202838,2.95,8.0,34.61,5.15,0.28,0,None
2026-09-20T16:53:19.202838,2.06,7.82,34.43,4.55,0.68,0,None
2026-09-20T17:03:19.202838,3.51,7.91,34.47,4.48,0.6,0,None
2026-09-20T17:13:19.202838,3.06,7.86,34.19,4.47,0.18,0,None
2026-09-20T17:23:19.202838,2.81,7.9,34.77,5.53,0.97,0,None
2026-09-20T17:33:19.202838,3.38,7.94,34.72,5.07,0.95,0,None
2026-09-20T17:43:19.202838,3.35,7.98,34.13,5.32,0.22,0,None
2026-09-20T17:53:19.202838,3.59,8.06,34.83,4.31,0.38,0,None
2026-09-20T18:03:19.202838,2.54,8.02,34.79,4.71,0.11,0,None
2026-09-20T18:13:19.202838,3.21,8.01,34.04,5.56,0.53,0,None
2026-09-20T18:23:19.202838,2.04,7.9,34.83,4.24,0.21,0,None
2026-09-20T18:33:19.202838,3.38,7.94,34.06,4.95,0.71,0,None
2026-09-20T18:43:19.202838,3.02,7.86,34.23,5.43,0.82,0,None
2026-09-20T18:53:19.202838,2.54,8.07,34.51,5.2,0.96,0,None
2026-09-20T19:03:19.202838,2.21,7.98,34.13,5.83,0.29,0,None
2026-09-20T19:13:19.202838,2.0,7.94,34.04,5.23,0.19,0,None
2026-09-20T19:23:19.202838,3.31,8.0,34.96,5.64,0.11,0,None
2026-09-20T19:33:19.202838,2.65,8.03,34.63,4.74,0.88,0,None
2026-09-20T19:43:19.202838,2.01,7.98,34.55,5.97,0.11,0,None
2026-09-20T19:53:19.202838,2.28,7.88,34.47,4.24,0.18,0,None
2026-09-20T20:03:19.202838,3.4,7.81,34.41,5.84,0.42,0,None
2026-09-20T20:13:19.202838,2.13,7.95,34.73,4.22,0.94,0,None
2026-09-20T20:23:19.202838,2.98,8.09,34.13,4.02,0.27,0,None
2026-09-20T20:33:19.202838,2.07,8.08,35.0,5.09,0.47,0,None
2026-09-20T20:43:19.202838,2.11,7.84,34.67,5.14,0.27,0,None
2026-09-20T20:53:19.202838,3.17,7.89,34.2,4.81,0.13,0,None
2026-09-20T21:03:19.202838,3.68,7.85,34.9,5.25,0.5,0,None
2026-09-20T21:13:19.202838,3.01,8.01,34.75,4.11,0.85,0,None
2026-09-20T21:23:19.202838,2.87,8.05,34.61,4.49,0.77,0,None
2026-09-20T21:33:19.202838,3.22,7.92,34.4,4.62,0.52,0,None
2026-09-20T21:43:19.202838,3.98,7.85,34.39,4.86,0.21,0,None
2026-09-20T21:53:19.202838,3.84,7.89,34.97,4.12,0.84,0,None
2026-09-20T22:03:19.202838,2.52,7.81,34.59,5.87,0.99,0,None
2026-09-20T22:13:19.202838,2.99,7.89,34.67,4.77,1.0,0,None
2026-09-20T22:23:19.202838,2.34,8.04,34.79,5.62,0.71,0,None
2026-09-20T22:33:19.202838,2.76,8.04,34.45,4.58,0.37,0,None
2026-09-20T22:43:19.202838,2.47,7.97,34.29,5.51,0.67,0,None
2026-09-20T22:53:19.202838,3.04,7.97,34.3,4.21,0.93,0,None
2026-09-20T23:03:19.202838,2.02,7.9,34.32,4.15,0.39,0,None
2026-09-20T23:13:19.202838,3.96,7.84,34.57,5.34,0.19,0,None
2026-09-20T23:23:19.202838,2.59,7.86,34.31,5.7,0.52,0,None
2026-09-20T23:33:19.202838,3.97,7.94,34.73,5.77,0.58,0,None
2026-09-20T23:43:19.202838,2.56,7.82,34.38,5.32,0.54,0,None
2026-09-20T23:53:19.202838,2.57,7.9,34.27,5.05,0.41,0,None
2026-09-21T00:03:19.202838,3.92,7.95,34.28,4.78,0.36,0,None
2026-09-21T00:13:19.202838,2.16,6.95,34.46,1.4,10.11,1,Chemical Leak
2026-09-21T00:23:19.202838,3.03,8.0,34.98,4.03,0.51,0,None
2026-09-21T00:33:19.202838,2.42,7.97,34.77,5.73,0.24,0,None
2026-09-21T00:43:19.202838,14.85,8.08,34.23,5.5,0.73,1,Thermal Plume
2026-09-21T00:53:19.202838,2.42,8.02,34.47,4.74,0.32,0,None
2026-09-21T01:03:19.202838,2.88,7.89,34.46,5.02,0.78,0,None
2026-09-21T01:13:19.202838,2.6,8.01,34.93,5.93,0.98,0,None
2026-09-21T01:23:19.202838,2.15,7.96,34.44,5.42,0.61,0,None
2026-09-21T01:33:19.202838,3.25,7.87,34.88,4.05,0.38,0,None
2026-09-21T01:43:19.202838,3.77,7.91,34.72,5.36,0.16,0,None
2026-09-21T01:53:19.202838,2.95,7.94,34.86,5.22,0.29,0,None
2026-09-21T02:03:19.202838,2.28,7.99,34.62,5.3,0.27,0,None
2026-09-21T02:13:19.202838,2.9,8.04,34.44,5.89,0.48,0,None
2026-09-21T02:23:19.202838,3.51,7.98,34.05,5.73,0.24,0,None
2026-09-21T02:33:19.202838,2.75,8.02,34.03,4.54,0.93,0,None
2026-09-21T02:43:19.202838,3.53,7.93,34.31,5.89,0.65,0,None
2026-09-21T02:53:19.202838,3.25,8.02,34.56,5.6,0.82,0,None
2026-09-21T03:03:19.202838,3.87,7.88,34.97,4.11,0.99,0,None
2026-09-21T03:13:19.202838,3.9,7.93,34.56,4.77,0.99,0,None
2026-09-21T03:23:19.202838,2.17,7.98,34.21,4.86,0.66,0,None
2026-09-21T03:33:19.202838,3.55,6.61,34.53,1.01,10.37,1,Chemical Leak
2026-09-21T03:43:19.202838,3.13,6.87,34.19,1.2,9.07,1,Chemical Leak
2026-09-21T03:53:19.202838,3.19,7.83,34.91,4.82,0.54,0,None
2026-09-21T04:03:19.202838,2.27,7.82,34.9,5.44,0.86,0,None
2026-09-21T04:13:19.202838,3.45,7.99,34.12,5.97,0.94,0,None
2026-09-21T04:23:19.202838,2.21,7.91,34.4,4.59,0.37,0,None
2026-09-21T04:33:19.202838,2.97,7.93,34.9,4.19,0.16,0,None
2026-09-21T04:43:19.202838,2.3,7.84,34.51,5.89,0.85,0,None
2026-09-21T04:53:19.202838,3.88,7.87,34.65,4.27,0.29,0,None
2026-09-21T05:03:19.202838,2.22,7.9,34.68,5.15,0.45,0,None
2026-09-21T05:13:19.202838,2.89,7.88,34.44,5.05,0.33,0,None
2026-09-21T05:23:19.202838,11.1,7.94,34.18,5.27,0.46,1,Thermal Plume
2026-09-21T05:33:19.202838,3.14,7.92,34.95,5.12,0.63,0,None
2026-09-21T05:43:19.202838,3.09,8.04,34.06,4.51,0.22,0,None
2026-09-21T05:53:19.202838,2.59,7.89,34.84,5.07,0.91,0,None
2026-09-21T06:03:19.202838,3.61,7.88,34.01,5.31,0.11,0,None
2026-09-21T06:13:19.202838,3.1,8.05,34.76,4.3,0.62,0,None
2026-09-21T06:23:19.202838,3.53,7.88,34.1,5.02,0.48,0,None
2026-09-21T06:33:19.202838,2.82,8.08,34.43,5.81,0.29,0,None
2026-09-21T06:43:19.202838,2.6,8.03,34.32,5.51,0.86,0,None
2026-09-21T06:53:19.202838,3.42,8.05,34.21,4.58,0.6,0,None
2026-09-21T07:03:19.202838,3.17,7.91,34.2,4.15,0.56,0,None
2026-09-21T07:13:19.202838,2.8,7.96,34.64,4.72,0.79,0,None
2026-09-21T07:23:19.202838,3.81,8.08,34.45,4.06,0.21,0,None
2026-09-21T07:33:19.202838,3.16,7.83,34.59,5.23,0.2,0,None
2026-09-21T07:43:19.202838,2.28,7.9,34.51,5.83,0.4,0,None
2026-09-21T07:53:19.202838,3.3,7.82,34.59,4.6,0.46,0,None
2026-09-21T08:03:19.202838,3.22,8.08,34.24,4.09,0.11,0,None
2026-09-21T08:13:19.202838,2.97,7.99,34.25,5.64,0.19,0,None
2026-09-21T08:23:19.202838,3.75,8.0,34.31,5.68,0.12,0,None
2026-09-21T08:33:19.202838,2.71,8.05,34.55,4.56,0.76,0,None
2026-09-21T08:43:19.202838,2.25,8.0,34.62,5.49,0.9,0,None
2026-09-21T08:53:19.202838,3.45,8.1,34.37,4.51,0.26,0,None
2026-09-21T09:03:19.202838,3.03,7.84,34.92,4.52,0.47,0,None
2026-09-21T09:13:19.202838,3.48,7.08,34.47,2.79,6.56,1,Chemical Leak
2026-09-21T09:23:19.202838,3.57,7.93,34.48,5.51,0.53,0,None
2026-09-21T09:33:19.202838,2.07,7.88,34.19,5.47,0.21,0,None
2026-09-21T09:43:19.202838,2.0,8.04,34.91,4.0,0.45,0,None
2026-09-21T09:53:19.202838,2.29,7.86,34.17,4.75,0.63,0,None
2026-09-21T10:03:19.202838,2.18,8.04,34.49,4.84,0.14,0,None
2026-09-21T10:13:19.202838,2.99,8.03,34.31,5.54,0.21,0,None
2026-09-21T10:23:19.202838,2.86,8.09,34.68,4.54,0.6,0,None
2026-09-21T10:33:19.202838,3.51,7.99,34.4,4.07,0.16,0,None
2026-09-21T10:43:19.202838,10.78,8.1,34.82,5.52,0.13,1,Thermal Plume
2026-09-21T10:53:19.202838,2.47,7.85,34.43,4.17,0.33,0,None
2026-09-21T11:03:19.202838,2.83,7.84,34.58,5.47,0.43,0,None
2026-09-21T11:13:19.202838,2.34,8.07,34.76,4.46,0.13,0,None
2026-09-21T11:23:19.202838,2.95,8.04,34.17,5.06,0.89,0,None
2026-09-21T11:33:19.202838,2.34,7.9,34.38,4.92,0.76,0,None
2026-09-21T11:43:19.202838,3.77,7.9,34.15,5.68,0.46,0,None
2026-09-21T11:53:19.202838,2.39,8.06,34.62,4.18,0.96,0,None
2026-09-21T12:03:19.202838,2.29,8.06,34.89,4.37,0.4,0,None
2026-09-21T12:13:19.202838,3.87,8.1,34.56,4.69,0.32,0,None
2026-09-21T12:23:19.202838,3.22,7.8,34.75,5.36,0.67,0,None
2026-09-21T12:33:19.202838,2.15,7.95,34.79,5.33,0.34,0,None
2026-09-21T12:43:19.202838,2.42,7.87,34.27,4.88,0.13,0,None
2026-09-21T12:53:19.202838,3.43,8.01,34.27,4.17,0.76,0,None
2026-09-21T13:03:19.202838,3.56,7.97,34.36,4.99,0.5,0,None
2026-09-21T13:13:19.202838,3.98,7.93,34.76,5.64,0.47,0,None
2026-09-21T13:23:19.202838,3.83,7.13,34.04,2.86,14.81,1,Chemical Leak
2026-09-21T13:33:19.202838,3.92,7.95,34.0,5.89,0.24,0,None
2026-09-21T13:43:19.202838,3.76,7.87,34.94,4.6,0.29,0,None
2026-09-21T13:53:19.202838,11.33,7.98,34.59,5.52,0.55,1,Thermal Plume
2026-09-21T14:03:19.202838,3.48,7.88,34.23,5.36,0.18,0,None
2026-09-21T14:13:19.202838,3.52,7.93,34.41,5.39,0.29,0,None
2026-09-21T14:23:19.202838,13.78,7.81,34.64,4.05,0.22,1,Thermal Plume
2026-09-21T14:33:19.202838,3.19,7.98,34.2,5.74,0.21,0,None
2026-09-21T14:43:19.202838,2.33,7.96,34.67,5.57,0.4,0,None
2026-09-21T14:53:19.202838,2.2,8.05,34.25,4.01,0.19,0,None
2026-09-21T15:03:19.202838,3.21,8.09,34.22,4.15,0.3,0,None
2026-09-21T15:13:19.202838,14.42,7.96,34.97,5.59,0.64,1,Thermal Plume
2026-09-21T15:23:19.202838,2.78,7.88,34.28,4.07,0.66,0,None
2026-09-21T15:33:19.202838,3.85,8.08,34.63,5.52,0.95,0,None
2026-09-21T15:43:19.202838,2.62,8.06,34.9,5.36,0.71,0,None
2026-09-21T15:53:19.202838,2.77,7.81,34.9,5.87,0.72,0,None
2026-09-21T16:03:19.202838,3.38,7.99,34.46,4.99,0.93,0,None
2026-09-21T16:13:19.202838,3.18,7.91,34.18,5.99,0.14,0,None
2026-09-21T16:23:19.202838,3.52,7.93,34.73,4.23,0.39,0,None
2026-09-21T16:33:19.202838,3.46,8.07,35.0,4.55,0.85,0,None
2026-09-21T16:43:19.202838,2.12,7.97,34.36,4.58,0.62,0,None
2026-09-21T16:53:19.202838,2.28,8.04,34.98,5.75,0.22,0,None
2026-09-21T17:03:19.202838,3.62,8.06,34.14,5.33,0.45,0,None
2026-09-21T17:13:19.202838,3.23,8.09,34.51,4.75,0.93,0,None
2026-09-21T17:23:19.202838,3.44,7.9,34.12,4.55,0.25,0,None
2026-09-21T17:33:19.202838,3.51,7.8,34.41,5.34,0.88,0,None
2026-09-21T17:43:19.202838,11.1,7.82,34.34,5.15,0.85,1,Thermal Plume
2026-09-21T17:53:19.202838,2.77,8.08,34.61,5.19,0.45,0,None
2026-09-21T18:03:19.202838,2.35,7.95,34.23,4.56,0.53,0,None
2026-09-21T18:13:19.202838,2.99,7.87,34.26,4.31,0.15,0,None
2026-09-21T18:23:19.202838,2.53,6.88,35.0,2.44,13.66,1,Chemical Leak
2026-09-21T18:33:19.202838,3.97,7.81,34.42,5.59,0.9,0,None
2026-09-21T18:43:19.202838,2.75,8.03,34.23,4.2,0.39,0,None
2026-09-21T18:53:19.202838,2.73,8.01,34.33,5.71,0.39,0,None
2026-09-21T19:03:19.202838,3.85,8.05,34.74,5.19,0.3,0,None
2026-09-21T19:13:19.202838,3.29,7.99,34.59,4.33,0.99,0,None
2026-09-21T19:23:19.202838,2.93,6.74,34.0,1.88,7.47,1,Chemical Leak
2026-09-21T19:33:19.202838,3.85,6.72,34.93,2.9,6.22,1,Chemical Leak
2026-09-21T19:43:19.202838,3.72,7.93,34.02,4.2,0.51,0,None
2026-09-21T19:53:19.202838,2.85,7.91,34.48,5.66,0.13,0,None
2026-09-21T20:03:19.202838,2.18,7.89,34.96,4.12,0.43,0,None
2026-09-21T20:13:19.202838,3.34,7.9,34.88,4.07,0.89,0,None
2026-09-21T20:23:19.202838,2.08,7.84,34.97,5.0,0.3,0,None
2026-09-21T20:33:19.202838,3.22,8.01,34.45,4.19,0.72,0,None
2026-09-21T20:43:19.202838,3.31,7.85,34.13,5.54,0.89,0,None
2026-09-21T20:53:19.202838,11.7,7.91,34.07,5.84,0.66,1,Thermal Plume
2026-09-21T21:03:19.202838,2.42,7.98,34.93,5.01,0.62,0,None
2026-09-21T21:13:19.202838,3.82,7.94,34.35,4.56,0.11,0,None
2026-09-21T21:23:19.202838,3.22,7.83,34.89,5.27,0.24,0,None
2026-09-21T21:33:19.202838,2.77,7.94,34.03,5.13,0.95,0,None
2026-09-21T21:43:19.202838,3.93,7.95,34.66,5.92,0.99,0,None
2026-09-21T21:53:19.202838,3.03,8.01,34.93,5.58,0.29,0,None
2026-09-21T22:03:19.202838,2.7,7.84,34.14,4.99,0.47,0,None
2026-09-21T22:13:19.202838,2.82,7.92,34.68,5.41,1.0,0,None
2026-09-21T22:23:19.202838,3.81,7.94,34.13,5.98,0.63,0,None
2026-09-21T22:33:19.202838,3.02,8.01,34.42,5.15,0.55,0,None
2026-09-21T22:43:19.202838,3.15,8.03,34.33,4.5,0.71,0,None
2026-09-21T22:53:19.202838,3.4,7.98,34.47,5.9,0.39,0,None
2026-09-21T23:03:19.202838,2.37,7.95,34.79,5.58,0.14,0,None
2026-09-21T23:13:19.202838,3.12,8.0,34.72,4.42,0.65,0,None
2026-09-21T23:23:19.202838,3.03,7.88,34.19,4.03,0.64,0,None
2026-09-21T23:33:19.202838,2.42,7.87,34.06,5.26,0.68,0,None
2026-09-21T23:43:19.202838,3.92,7.99,34.26,5.39,0.12,0,None
2026-09-21T23:53:19.202838,3.0,7.84,34.39,4.74,0.49,0,None
2026-09-22T00:03:19.202838,2.12,8.01,34.01,4.21,0.75,0,None
2026-09-22T00:13:19.202838,2.88,8.01,34.55,4.43,0.66,0,None
2026-09-22T00:23:19.202838,2.2,7.95,34.07,5.89,0.47,0,None
2026-09-22T00:33:19.202838,3.85,7.88,34.46,5.46,0.75,0,None
2026-09-22T00:43:19.202838,2.42,8.06,34.04,5.39,0.4,0,None
2026-09-22T00:53:19.202838,2.16,7.87,34.55,5.66,0.46,0,None
2026-09-22T01:03:19.202838,2.0,7.89,34.54,5.42,0.8,0,None
2026-09-22T01:13:19.202838,2.54,7.9,34.94,5.28,0.67,0,None
2026-09-22T01:23:19.202838,3.75,7.98,34.64,4.27,0.56,0,None
2026-09-22T01:33:19.202838,3.41,7.81,34.94,5.16,0.75,0,None
2026-09-22T01:43:19.202838,3.05,7.87,34.43,5.02,0.94,0,None
2026-09-22T01:53:19.202838,3.11,7.87,34.64,4.86,0.14,0,None
2026-09-22T02:03:19.202838,2.1,8.03,34.79,5.43,0.97,0,None
2026-09-22T02:13:19.202838,2.12,7.84,34.77,5.61,0.75,0,None
2026-09-22T02:23:19.202838,2.14,7.98,34.57,4.96,0.21,0,None
2026-09-22T02:33:19.202838,2.72,8.06,34.77,5.52,0.55,0,None
2026-09-22T02:43:19.202838,2.97,8.01,34.43,5.82,0.65,0,None
2026-09-22T02:53:19.202838,2.42,7.87,34.13,4.76,0.44,0,None
2026-09-22T03:03:19.202838,2.7,7.86,34.04,4.92,0.99,0,None
2026-09-22T03:13:19.202838,2.91,7.97,34.59,5.37,0.94,0,None
2026-09-22T03:23:19.202838,11.52,7.93,34.23,4.76,0.94,1,Thermal Plume
2026-09-22T03:33:19.202838,2.2,7.86,34.63,5.92,0.15,0,None
2026-09-22T03:43:19.202838,2.18,7.83,34.74,5.26,0.55,0,None
2026-09-22T03:53:19.202838,3.97,8.0,34.62,4.69,0.94,0,None
2026-09-22T04:03:19.202838,2.71,8.07,34.3,4.08,0.25,0,None
2026-09-22T04:13:19.202838,2.85,8.05,34.13,5.27,0.35,0,None
2026-09-22T04:23:19.202838,2.95,7.89,34.5,5.65,1.0,0,None
2026-09-22T04:33:19.202838,2.75,7.98,34.93,5.96,0.52,0,None
2026-09-22T04:43:19.202838,2.38,7.99,34.33,4.12,0.33,0,None
2026-09-22T04:53:19.202838,2.26,7.88,34.1,5.54,0.71,0,None
2026-09-22T05:03:19.202838,3.51,7.84,34.12,5.52,0.46,0,None
2026-09-22T05:13:19.202838,2.51,8.01,34.23,5.77,0.66,0,None
2026-09-22T05:23:19.202838,3.01,8.08,34.66,5.36,0.57,0,None
2026-09-22T05:33:19.202838,3.65,8.03,34.91,4.72,0.46,0,None
2026-09-22T05:43:19.202838,3.6,8.03,34.48,5.69,0.8,0,None
2026-09-22T05:53:19.202838,2.0,7.88,34.02,5.77,0.92,0,None
2026-09-22T06:03:19.202838,3.11,7.99,34.62,4.06,0.2,0,None
2026-09-22T06:13:19.202838,8.35,7.8,34.55,5.79,0.14,1,Thermal Plume
2026-09-22T06:23:19.202838,11.57,8.04,34.59,5.5,0.73,1,Thermal Plume
2026-09-22T06:33:19.202838,2.97,7.81,34.64,5.32,0.48,0,None
2026-09-22T06:43:19.202838,2.65,8.03,34.79,5.99,0.18,0,None
2026-09-22T06:53:19.202838,2.33,8.06,34.14,5.01,0.12,0,None
2026-09-22T07:03:19.202838,3.44,8.08,34.16,5.99,1.0,0,None
2026-09-22T07:13:19.202838,2.21,6.44,34.53,1.66,8.72,1,Chemical Leak
2026-09-22T07:23:19.202838,3.86,7.81,34.31,4.97,0.53,0,None
2026-09-22T07:33:19.202838,3.35,7.83,34.8,5.01,0.31,0,None
2026-09-22T07:43:19.202838,2.34,7.96,34.01,4.57,0.82,0,None
2026-09-22T07:53:19.202838,2.98,7.95,34.02,5.19,0.47,0,None
2026-09-22T08:03:19.202838,2.24,7.92,34.28,5.73,0.19,0,None
2026-09-22T08:13:19.202838,2.93,8.03,34.74,4.35,0.12,0,None
2026-09-22T08:23:19.202838,3.18,8.09,34.98,5.47,0.6,0,None
2026-09-22T08:33:19.202838,3.31,7.88,34.64,4.75,0.68,0,None
2026-09-22T08:43:19.202838,3.26,7.82,34.22,5.55,0.27,0,None
2026-09-22T08:53:19.202838,2.41,8.06,34.2,4.08,0.55,0,None
2026-09-22T09:03:19.202838,2.82,8.09,34.34,4.59,0.96,0,None
2026-09-22T09:13:19.202838,3.91,7.81,34.41,4.75,0.79,0,None
2026-09-22T09:23:19.202838,2.77,7.92,34.34,4.64,0.36,0,None
2026-09-22T09:33:19.202838,2.68,8.04,34.63,4.73,0.74,0,None
2026-09-22T09:43:19.202838,2.28,7.97,34.19,5.98,0.75,0,None
2026-09-22T09:53:19.202838,3.38,8.08,34.61,4.63,0.62,0,None
2026-09-22T10:03:19.202838,2.99,8.02,34.35,5.38,0.85,0,None
2026-09-22T10:13:19.202838,2.49,8.01,34.59,5.76,0.9,0,None
2026-09-22T10:23:19.202838,3.99,7.88,34.22,4.89,0.87,0,None
2026-09-22T10:33:19.202838,2.26,7.84,34.72,4.1,0.94,0,None
2026-09-22T10:43:19.202838,8.04,7.91,34.99,4.01,0.31,1,Thermal Plume
2026-09-22T10:53:19.202838,2.34,8.06,34.02,5.46,0.9,0,None
2026-09-22T11:03:19.202838,2.17,7.8,34.52,5.98,0.54,0,None
2026-09-22T11:13:19.202838,3.41,8.01,34.86,5.98,0.84,0,None
2026-09-22T11:23:19.202838,2.74,6.19,34.67,2.1,9.19,1,Chemical Leak
2026-09-22T11:33:19.202838,3.11,7.92,34.76,5.44,0.78,0,None
2026-09-22T11:43:19.202838,3.27,7.9,34.55,5.21,0.43,0,None
2026-09-22T11:53:19.202838,2.3,8.06,34.61,4.33,0.99,0,None
2026-09-22T12:03:19.202838,3.08,8.04,34.73,5.33,0.37,0,None
2026-09-22T12:13:19.202838,12.92,7.91,34.31,5.09,0.96,1,Thermal Plume
2026-09-22T12:23:19.202838,2.53,7.86,34.64,5.33,0.66,0,None
2026-09-22T12:33:19.202838,2.95,8.09,34.23,4.79,0.95,0,None
2026-09-22T12:43:19.202838,3.82,7.96,34.04,4.96,0.44,0,None
2026-09-22T12:53:19.202838,3.31,7.86,34.28,4.69,0.88,0,None
2026-09-22T13:03:19.202838,3.54,8.05,35.0,5.39,0.75,0,None
2026-09-22T13:13:19.202838,4.0,7.94,34.32,5.17,0.66,0,None
2026-09-22T13:23:19.202838,2.88,8.0,34.65,5.04,0.86,0,None
2026-09-22T13:33:19.202838,3.75,7.85,34.18,5.66,0.51,0,None
2026-09-22T13:43:19.202838,2.44,8.0,34.99,5.64,0.8,0,None
2026-09-22T13:53:19.202838,2.55,7.8,34.39,5.48,0.87,0,None
2026-09-22T14:03:19.202838,2.74,7.93,34.74,4.21,0.56,0,None
2026-09-22T14:13:19.202838,2.94,7.82,34.17,4.44,0.36,0,None
2026-09-22T14:23:19.202838,3.73,8.05,34.43,5.2,0.97,0,None
2026-09-22T14:33:19.202838,3.73,7.92,34.25,4.72,0.18,0,None
2026-09-22T14:43:19.202838,2.99,8.08,34.56,4.65,0.92,0,None
2026-09-22T14:53:19.202838,3.46,7.81,34.76,5.8,0.8,0,None
2026-09-22T15:03:19.202838,3.37,8.08,34.52,4.45,0.62,0,None
2026-09-22T15:13:19.202838,3.11,8.02,34.77,4.42,0.57,0,None
2026-09-22T15:23:19.202838,3.39,7.83,34.72,5.11,0.39,0,None
2026-09-22T15:33:19.202838,3.32,7.91,34.22,4.44,0.84,0,None
2026-09-22T15:43:19.202838,3.16,7.93,34.67,5.59,0.19,0,None
2026-09-22T15:53:19.202838,9.5,7.95,34.05,4.36,0.69,1,Thermal Plume
2026-09-22T16:03:19.202838,3.71,7.83,34.24,5.19,0.31,0,None
2026-09-22T16:13:19.202838,3.36,8.06,34.18,5.27,0.42,0,None
2026-09-22T16:23:19.202838,2.32,8.04,34.23,5.28,0.73,0,None
2026-09-22T16:33:19.202838,2.53,7.93,34.03,4.67,0.74,0,None
2026-09-22T16:43:19.202838,3.42,7.96,34.73,4.46,0.18,0,None
2026-09-22T16:53:19.202838,2.6,7.98,34.6,4.31,0.94,0,None
2026-09-22T17:03:19.202838,3.78,7.86,34.39,4.27,0.73,0,None
2026-09-22T17:13:19.202838,2.54,7.81,34.64,5.38,0.31,0,None
2026-09-22T17:23:19.202838,3.61,8.02,34.87,5.58,0.76,0,None
2026-09-22T17:33:19.202838,3.77,7.85,34.88,4.66,0.82,0,None
2026-09-22T17:43:19.202838,2.66,7.87,34.4,5.29,0.37,0,None
2026-09-22T17:53:19.202838,2.85,7.89,34.31,4.67,0.44,0,None
2026-09-22T18:03:19.202838,2.04,8.07,34.93,5.16,0.67,0,None
2026-09-22T18:13:19.202838,2.48,8.06,34.33,5.13,0.26,0,None
2026-09-22T18:23:19.202838,2.16,8.08,34.1,4.21,0.32,0,None
2026-09-22T18:33:19.202838,2.84,8.09,34.26,5.92,0.63,0,None
2026-09-22T18:43:19.202838,3.23,7.97,34.38,5.74,0.26,0,None
2026-09-22T18:53:19.202838,3.74,8.09,34.55,4.79,0.67,0,None
2026-09-22T19:03:19.202838,3.03,8.08,34.16,5.82,0.77,0,None
2026-09-22T19:13:19.202838,3.43,7.96,34.12,5.11,0.46,0,None
2026-09-22T19:23:19.202838,2.84,8.09,34.98,5.95,0.69,0,None
2026-09-22T19:33:19.202838,13.32,7.98,34.78,5.38,0.41,1,Thermal Plume
2026-09-22T19:43:19.202838,3.55,8.07,34.32,5.9,0.25,0,None
2026-09-22T19:53:19.202838,3.85,8.08,34.63,4.42,0.92,0,None
2026-09-22T20:03:19.202838,2.3,7.82,34.72,5.88,0.76,0,None
2026-09-22T20:13:19.202838,3.69,7.88,34.89,5.52,0.31,0,None
2026-09-22T20:23:19.202838,2.1,8.02,34.8,4.81,0.3,0,None
2026-09-22T20:33:19.202838,3.58,7.95,34.15,5.24,0.53,0,None
2026-09-22T20:43:19.202838,2.13,6.93,34.69,1.99,12.68,1,Chemical Leak
2026-09-22T20:53:19.202838,3.83,8.02,34.99,5.71,0.18,0,None
2026-09-22T21:03:19.202838,2.93,8.01,34.43,4.45,0.61,0,None
2026-09-22T21:13:19.202838,2.96,8.01,34.96,4.31,0.26,0,None
2026-09-22T21:23:19.202838,3.48,7.95,34.29,4.07,0.58,0,None
2026-09-22T21:33:19.202838,2.62,8.09,34.98,4.41,0.15,0,None
2026-09-22T21:43:19.202838,3.24,7.97,34.41,5.8,0.77,0,None
2026-09-22T21:53:19.202838,2.19,7.92,34.37,4.44,0.17,0,None
2026-09-22T22:03:19.202838,2.57,7.81,34.87,5.58,0.34,0,None
2026-09-22T22:13:19.202838,2.45,7.86,34.44,4.85,0.37,0,None
2026-09-22T22:23:19.202838,2.05,7.81,34.67,5.09,0.65,0,None
2026-09-22T22:33:19.202838,3.92,7.94,34.76,5.44,0.64,0,None
2026-09-22T22:43:19.202838,3.2,6.28,34.39,2.73,8.0,1,Chemical Leak
2026-09-22T22:53:19.202838,3.27,7.93,34.9,4.84,0.11,0,None
2026-09-22T23:03:19.202838,3.33,6.19,34.43,1.08,14.59,1,Chemical Leak
2026-09-22T23:13:19.202838,3.36,7.86,34.98,5.04,0.1,0,None
2026-09-22T23:23:19.202838,3.56,8.0,34.56,5.79,0.8,0,None
2026-09-22T23:33:19.202838,3.89,7.96,34.42,5.26,0.33,0,None
2026-09-22T23:43:19.202838,11.09,7.91,34.08,4.69,0.54,1,Thermal Plume
2026-09-22T23:53:19.202838,2.81,8.01,34.17,4.34,0.7,0,None
2026-09-23T00:03:19.202838,3.69,7.98,34.68,4.49,0.44,0,None
2026-09-23T00:13:19.202838,3.17,7.82,34.46,4.28,0.19,0,None
2026-09-23T00:23:19.202838,2.16,8.01,34.46,4.47,0.61,0,None
2026-09-23T00:33:19.202838,2.09,7.82,34.12,4.04,0.71,0,None
2026-09-23T00:43:19.202838,3.56,7.91,34.26,5.92,0.97,0,None
2026-09-23T00:53:19.202838,4.0,7.94,34.27,4.52,0.72,0,None
2026-09-23T01:03:19.202838,2.39,7.92,34.65,4.49,0.67,0,None
2026-09-23T01:13:19.202838,2.57,7.82,34.98,5.36,0.77,0,None
2026-09-23T01:23:19.202838,3.09,7.88,34.81,5.89,0.84,0,None
2026-09-23T01:33:19.202838,3.06,8.06,34.7,5.42,0.71,0,None
2026-09-23T01:43:19.202838,3.28,8.09,34.38,5.28,0.89,0,None
2026-09-23T01:53:19.202838,2.48,7.95,34.82,5.57,0.81,0,None
2026-09-23T02:03:19.202838,3.57,7.99,34.5,5.27,0.12,0,None
2026-09-23T02:13:19.202838,2.15,8.07,34.02,5.87,0.18,0,None
2026-09-23T02:23:19.202838,2.13,8.02,34.57,5.29,0.51,0,None
2026-09-23T02:33:19.202838,2.88,8.01,34.32,5.77,0.85,0,None
2026-09-23T02:43:19.202838,2.53,7.9,34.81,5.4,0.15,0,None
2026-09-23T02:53:19.202838,2.63,8.04,34.8,5.23,0.57,0,None
2026-09-23T03:03:19.202838,2.3,7.86,34.56,4.63,0.32,0,None
2026-09-23T03:13:19.202838,3.24,8.02,34.79,5.85,0.32,0,None
2026-09-23T03:23:19.202838,2.77,7.95,34.45,4.27,0.4,0,None
2026-09-23T03:33:19.202838,2.96,8.08,34.27,5.32,0.19,0,None
2026-09-23T03:43:19.202838,2.3,8.02,34.55,5.39,0.12,0,None
2026-09-23T03:53:19.202838,3.93,7.86,34.58,4.47,0.18,0,None
2026-09-23T04:03:19.202838,2.08,7.97,34.91,5.28,0.83,0,None
2026-09-23T04:13:19.202838,3.45,7.88,34.32,4.18,0.27,0,None
2026-09-23T04:23:19.202838,2.62,7.94,34.6,4.63,0.81,0,None
2026-09-23T04:33:19.202838,2.71,7.9,34.24,5.02,0.63,0,None
2026-09-23T04:43:19.202838,3.46,7.86,34.37,4.43,0.34,0,None
2026-09-23T04:53:19.202838,2.81,7.98,34.54,4.94,0.35,0,None
2026-09-23T05:03:19.202838,3.78,6.85,34.27,2.29,14.15,1,Chemical Leak
2026-09-23T05:13:19.202838,3.29,7.98,34.02,4.74,0.79,0,None
2026-09-23T05:23:19.202838,13.24,7.93,34.19,5.21,0.79,1,Thermal Plume
2026-09-23T05:33:19.202838,3.86,8.06,34.75,4.57,0.64,0,None
2026-09-23T05:43:19.202838,3.45,7.99,34.15,4.69,0.91,0,None
2026-09-23T05:53:19.202838,3.57,8.1,34.86,5.07,0.66,0,None
2026-09-23T06:03:19.202838,2.26,7.93,34.69,4.89,0.87,0,None
2026-09-23T06:13:19.202838,2.97,8.08,34.7,4.49,0.7,0,None
2026-09-23T06:23:19.202838,2.06,7.89,34.86,4.81,0.64,0,None
2026-09-23T06:33:19.202838,3.84,8.05,34.75,5.28,0.91,0,None
2026-09-23T06:43:19.202838,2.55,8.1,34.1,5.88,0.48,0,None
2026-09-23T06:53:19.202838,2.89,7.81,34.4,4.41,0.9,0,None
2026-09-23T07:03:19.202838,2.78,7.85,34.6,4.56,0.11,0,None
2026-09-23T07:13:19.202838,3.36,7.98,34.67,5.45,0.21,0,None
2026-09-23T07:23:19.202838,2.83,7.94,34.99,4.25,0.48,0,None
2026-09-23T07:33:19.202838,2.76,8.02,34.4,5.85,0.36,0,None
2026-09-23T07:43:19.202838,2.05,7.96,34.31,5.79,0.26,0,None
2026-09-23T07:53:19.202838,2.98,8.01,34.02,5.23,0.59,0,None
2026-09-23T08:03:19.202838,2.78,7.84,34.36,4.91,0.61,0,None
2026-09-23T08:13:19.202838,2.84,7.81,34.36,4.26,0.61,0,None
2026-09-23T08:23:19.202838,2.03,6.09,34.02,2.58,10.85,1,Chemical Leak
2026-09-23T08:33:19.202838,3.16,7.84,34.3,5.67,0.9,0,None
2026-09-23T08:43:19.202838,14.85,7.91,34.25,5.58,0.85,1,Thermal Plume
2026-09-23T08:53:19.202838,2.57,7.88,34.16,4.37,0.83,0,None
2026-09-23T09:03:19.202838,3.5,7.86,34.14,4.43,0.41,0,None
2026-09-23T09:13:19.202838,2.71,7.86,34.19,5.14,0.42,0,None
2026-09-23T09:23:19.202838,3.23,8.03,34.6,5.79,0.5,0,None
2026-09-23T09:33:19.202838,3.97,8.01,34.63,4.58,0.82,0,None
2026-09-23T09:43:19.202838,3.02,7.95,34.15,5.26,0.77,0,None
2026-09-23T09:53:19.202838,3.31,7.88,34.91,4.12,0.98,0,None
2026-09-23T10:03:19.202838,3.97,8.02,34.96,5.75,0.88,0,None
2026-09-23T10:13:19.202838,2.42,8.08,34.67,5.71,0.22,0,None
2026-09-23T10:23:19.202838,2.09,7.99,34.42,5.37,0.12,0,None
2026-09-23T10:33:19.202838,3.85,8.07,34.99,4.95,0.5,0,None
2026-09-23T10:43:19.202838,3.01,7.94,34.22,5.32,0.66,0,None
2026-09-23T10:53:19.202838,2.56,7.9,34.91,5.27,0.75,0,None
2026-09-23T11:03:19.202838,2.96,6.17,34.03,1.41,9.8,1,Chemical Leak
2026-09-23T11:13:19.202838,2.08,8.08,34.97,5.29,0.96,0,None
2026-09-23T11:23:19.202838,3.71,7.83,34.46,4.08,0.58,0,None
2026-09-23T11:33:19.202838,3.41,7.97,34.68,4.93,0.39,0,None
2026-09-23T11:43:19.202838,3.74,8.1,34.89,5.2,0.18,0,None
2026-09-23T11:53:19.202838,3.76,8.02,34.32,5.97,0.61,0,None
2026-09-23T12:03:19.202838,3.55,7.96,34.19,4.61,0.14,0,None
2026-09-23T12:13:19.202838,2.0,7.94,34.8,5.57,0.8,0,None
2026-09-23T12:23:19.202838,2.74,7.9,34.58,5.65,0.63,0,None
2026-09-23T12:33:19.202838,2.03,7.88,34.37,4.5,0.62,0,None
2026-09-23T12:43:19.202838,3.65,8.01,34.71,5.56,0.25,0,None
2026-09-23T12:53:19.202838,2.85,7.81,34.38,5.62,0.62,0,None
2026-09-23T13:03:19.202838,2.01,8.07,34.14,5.72,0.71,0,None
2026-09-23T13:13:19.202838,2.68,7.99,34.88,5.28,0.98,0,None
2026-09-23T13:23:19.202838,2.01,8.1,34.64,5.14,0.91,0,None
2026-09-23T13:33:19.202838,2.65,8.1,34.33,5.47,0.22,0,None
2026-09-23T13:43:19.202838,2.52,7.8,34.02,4.2,0.41,0,None
2026-09-23T13:53:19.202838,3.83,7.95,34.23,4.44,0.56,0,None
2026-09-23T14:03:19.202838,3.66,7.87,34.58,4.1,0.66,0,None
2026-09-23T14:13:19.202838,2.31,7.83,34.51,4.03,0.38,0,None
2026-09-23T14:23:19.202838,3.89,8.0,34.27,5.57,0.86,0,None
2026-09-23T14:33:19.202838,3.21,7.9,34.2,4.4,0.6,0,None
2026-09-23T14:43:19.202838,2.45,7.84,34.38,5.87,0.72,0,None
2026-09-23T14:53:19.202838,3.18,7.86,34.06,4.59,0.18,0,None
2026-09-23T15:03:19.202838,2.82,6.67,34.76,2.49,10.47,1,Chemical Leak
2026-09-23T15:13:19.202838,3.51,8.07,34.85,4.1,0.25,0,None
2026-09-23T15:23:19.202838,3.63,7.85,34.26,5.3,0.66,0,None
2026-09-23T15:33:19.202838,11.58,7.83,34.42,4.92,0.83,1,Thermal Plume
2026-09-23T15:43:19.202838,3.28,8.08,34.62,4.74,0.42,0,None
2026-09-23T15:53:19.202838,2.08,7.97,34.81,5.9,0.88,0,None
2026-09-23T16:03:19.202838,3.6,7.98,34.34,5.74,0.73,0,None
2026-09-23T16:13:19.202838,3.84,8.06,34.52,5.47,0.48,0,None
2026-09-23T16:23:19.202838,2.77,7.92,34.14,4.48,0.39,0,None
2026-09-23T16:33:19.202838,2.66,7.89,34.2,4.17,0.93,0,None
2026-09-23T16:43:19.202838,2.09,7.97,34.42,4.86,0.19,0,None
2026-09-23T16:53:19.202838,3.08,7.82,34.14,4.61,0.17,0,None
2026-09-23T17:03:19.202838,2.97,7.8,34.97,5.48,0.61,0,None
2026-09-23T17:13:19.202838,2.1,7.95,34.47,4.16,0.96,0,None
2026-09-23T17:23:19.202838,3.14,8.05,34.93,5.1,0.53,0,None
2026-09-23T17:33:19.202838,2.81,8.04,34.24,4.71,0.97,0,None
2026-09-23T17:43:19.202838,3.16,8.04,34.24,5.3,0.92,0,None
2026-09-23T17:53:19.202838,2.35,7.83,34.4,5.52,0.71,0,None
2026-09-23T18:03:19.202838,3.31,7.93,34.61,4.25,0.22,0,None
2026-09-23T18:13:19.202838,2.39,8.07,34.25,4.69,0.73,0,None
2026-09-23T18:23:19.202838,3.98,7.85,34.06,5.1,0.68,0,None
2026-09-23T18:33:19.202838,3.21,8.03,34.95,5.53,0.73,0,None
2026-09-23T18:43:19.202838,3.33,7.87,34.76,5.05,0.45,0,None
2026-09-23T18:53:19.202838,3.92,7.91,34.81,4.0,0.84,0,None
2026-09-23T19:03:19.202838,3.02,8.09,34.99,4.89,0.71,0,None
2026-09-23T19:13:19.202838,2.74,7.86,34.75,4.93,0.37,0,None
2026-09-23T19:23:19.202838,3.12,7.95,34.71,5.32,0.81,0,None
2026-09-23T19:33:19.202838,3.28,7.95,34.65,5.48,0.61,0,None
2026-09-23T19:43:19.202838,3.38,7.89,34.51,4.06,0.17,0,None
2026-09-23T19:53:19.202838,3.24,7.87,34.91,4.16,0.47,0,None
2026-09-23T20:03:19.202838,2.05,8.1,34.01,4.6,0.81,0,None
2026-09-23T20:13:19.202838,2.69,7.89,34.87,4.72,0.18,0,None
2026-09-23T20:23:19.202838,3.68,8.03,34.53,4.29,0.61,0,None
2026-09-23T20:33:19.202838,2.58,8.02,34.97,5.7,0.7,0,None
2026-09-23T20:43:19.202838,2.43,8.04,34.95,4.9,0.25,0,None
2026-09-23T20:53:19.202838,3.62,8.04,34.67,5.12,0.29,0,None
2026-09-23T21:03:19.202838,2.39,8.02,34.55,5.92,0.78,0,None
2026-09-23T21:13:19.202838,2.76,8.09,34.34,5.39,0.85,0,None
2026-09-23T21:23:19.202838,2.74,8.1,34.58,5.6,0.2,0,None
2026-09-23T21:33:19.202838,3.83,7.94,34.35,5.42,0.45,0,None
2026-09-23T21:43:19.202838,3.65,8.0,34.91,5.8,0.29,0,None
2026-09-23T21:53:19.202838,2.12,7.91,34.11,4.09,0.88,0,None
2026-09-23T22:03:19.202838,3.46,7.82,34.62,5.98,0.71,0,None
2026-09-23T22:13:19.202838,2.84,8.08,34.89,5.85,0.75,0,None
2026-09-23T22:23:19.202838,3.45,7.83,34.91,5.57,0.16,0,None
2026-09-23T22:33:19.202838,2.5,7.85,34.55,4.22,0.49,0,None
2026-09-23T22:43:19.202838,2.62,7.85,34.92,5.37,0.75,0,None
2026-09-23T22:53:19.202838,3.0,7.81,34.26,4.21,0.34,0,None
2026-09-23T23:03:19.202838,3.86,8.03,34.01,5.75,0.17,0,None
2026-09-23T23:13:19.202838,2.06,7.89,34.47,4.55,0.72,0,None
2026-09-23T23:23:19.202838,13.59,7.98,34.92,5.48,0.49,1,Thermal Plume
2026-09-23T23:33:19.202838,3.14,8.06,34.43,4.07,0.39,0,None
2026-09-23T23:43:19.202838,2.18,7.83,34.74,5.52,0.76,0,None
2026-09-23T23:53:19.202838,2.86,8.04,34.05,5.34,0.55,0,None
2026-09-24T00:03:19.202838,3.09,7.97,34.22,4.3,0.49,0,None
2026-09-24T00:13:19.202838,2.61,7.92,34.67,5.87,0.82,0,None
2026-09-24T00:23:19.202838,3.89,7.86,34.38,4.4,0.39,0,None
2026-09-24T00:33:19.202838,3.71,7.93,34.09,4.95,0.96,0,None
2026-09-24T00:43:19.202838,2.02,7.8,34.29,5.78,0.68,0,None
2026-09-24T00:53:19.202838,3.95,7.94,34.42,5.69,0.86,0,None
2026-09-24T01:03:19.202838,3.1,7.95,34.72,5.03,0.33,0,None
2026-09-24T01:13:19.202838,2.37,8.07,34.59,5.02,0.36,0,None
2026-09-24T01:23:19.202838,2.83,7.9,34.62,4.04,0.66,0,None
2026-09-24T01:33:19.202838,3.8,7.86,34.42,4.48,0.46,0,None
2026-09-24T01:43:19.202838,3.88,8.1,34.27,4.08,0.18,0,None
2026-09-24T01:53:19.202838,3.5,7.8,34.13,4.81,0.86,0,None
2026-09-24T02:03:19.202838,3.93,7.9,34.87,5.23,0.8,0,None
2026-09-24T02:13:19.202838,3.85,7.99,34.07,5.64,0.88,0,None
2026-09-24T02:23:19.202838,3.16,7.95,34.8,5.34,0.23,0,None
2026-09-24T02:33:19.202838,3.54,7.87,34.03,4.44,0.42,0,None
2026-09-24T02:43:19.202838,3.92,7.88,34.72,4.69,0.8,0,None
2026-09-24T02:53:19.202838,2.12,7.92,34.27,4.76,0.41,0,None
2026-09-24T03:03:19.202838,12.71,7.87,34.53,4.96,0.53,1,Thermal Plume
2026-09-24T03:13:19.202838,2.57,7.81,34.27,4.61,0.7,0,None
2026-09-24T03:23:19.202838,3.24,7.83,34.49,4.7,0.88,0,None
2026-09-24T03:33:19.202838,13.13,7.83,34.38,4.59,0.4,1,Thermal Plume
2026-09-24T03:43:19.202838,2.89,8.09,34.93,4.97,0.74,0,None
2026-09-24T03:53:19.202838,2.05,7.84,34.44,5.75,0.2,0,None
2026-09-24T04:03:19.202838,3.85,7.82,34.63,4.27,0.96,0,None
2026-09-24T04:13:19.202838,2.79,7.87,34.09,4.04,0.32,0,None
2026-09-24T04:23:19.202838,2.52,8.08,34.71,4.93,0.71,0,None
2026-09-24T04:33:19.202838,2.56,7.85,34.86,5.55,0.94,0,None
2026-09-24T04:43:19.202838,3.52,7.91,34.66,5.29,0.34,0,None
2026-09-24T04:53:19.202838,3.85,8.1,34.48,4.72,0.73,0,None
2026-09-24T05:03:19.202838,3.18,7.84,34.65,4.81,0.28,0,None
2026-09-24T05:13:19.202838,2.82,7.93,34.36,5.03,0.97,0,None
2026-09-24T05:23:19.202838,2.34,7.82,34.91,4.75,0.67,0,None
2026-09-24T05:33:19.202838,2.19,8.05,34.88,4.93,0.86,0,None
2026-09-24T05:43:19.202838,2.09,7.88,34.7,5.5,0.3,0,None
2026-09-24T05:53:19.202838,3.97,8.01,34.43,5.14,0.3,0,None
2026-09-24T06:03:19.202838,3.73,7.87,34.59,4.77,0.21,0,None
2026-09-24T06:13:19.202838,2.46,8.07,34.68,5.26,0.25,0,None
2026-09-24T06:23:19.202838,3.74,7.8,34.24,4.21,0.39,0,None
2026-09-24T06:33:19.202838,2.85,8.02,34.4,5.09,0.91,0,None
2026-09-24T06:43:19.202838,3.53,8.07,34.9,5.79,0.59,0,None
2026-09-24T06:53:19.202838,2.96,7.89,34.52,4.94,0.86,0,None
2026-09-24T07:03:19.202838,3.91,8.06,34.49,4.89,0.23,0,None
2026-09-24T07:13:19.202838,2.74,7.99,34.89,5.28,0.91,0,None
2026-09-24T07:23:19.202838,2.29,8.03,34.01,4.84,0.42,0,None
2026-09-24T07:33:19.202838,2.2,8.04,34.51,4.55,0.98,0,None
2026-09-24T07:43:19.202838,11.59,7.94,34.49,5.34,0.35,1,Thermal Plume
2026-09-24T07:53:19.202838,3.82,8.05,34.33,4.59,0.92,0,None
2026-09-24T08:03:19.202838,3.01,8.04,34.72,5.0,0.64,0,None
2026-09-24T08:13:19.202838,3.45,7.94,34.33,5.63,0.77,0,None
2026-09-24T08:23:19.202838,3.37,7.89,34.54,4.82,0.38,0,None
2026-09-24T08:33:19.202838,3.96,8.09,34.85,4.2,0.54,0,None
2026-09-24T08:43:19.202838,3.03,8.02,34.95,5.87,0.91,0,None
2026-09-24T08:53:19.202838,3.47,8.01,34.7,5.99,0.51,0,None
2026-09-24T09:03:19.202838,2.3,7.87,34.92,5.8,0.72,0,None
2026-09-24T09:13:19.202838,2.14,8.09,34.96,4.6,0.86,0,None
2026-09-24T09:23:19.202838,2.3,7.93,34.69,5.5,0.25,0,None
2026-09-24T09:33:19.202838,3.96,8.0,34.24,5.45,0.98,0,None
2026-09-24T09:43:19.202838,2.81,7.89,34.02,5.65,0.69,0,None
2026-09-24T09:53:19.202838,3.34,7.89,34.9,5.93,0.13,0,None
2026-09-24T10:03:19.202838,3.82,8.07,34.88,5.78,0.97,0,None
2026-09-24T10:13:19.202838,3.11,7.99,34.05,4.01,0.84,0,None
2026-09-24T10:23:19.202838,3.17,7.96,34.14,5.21,0.29,0,None
2026-09-24T10:33:19.202838,2.44,7.85,34.03,4.42,0.13,0,None
2026-09-24T10:43:19.202838,2.18,7.84,34.6,5.12,0.24,0,None
2026-09-24T10:53:19.202838,2.86,8.01,34.91,4.12,0.85,0,None
2026-09-24T11:03:19.202838,3.14,8.0,34.83,5.06,0.69,0,None
2026-09-24T11:13:19.202838,2.09,8.08,34.93,5.34,0.65,0,None
2026-09-24T11:23:19.202838,3.23,8.0,34.94,4.86,0.22,0,None
2026-09-24T11:33:19.202838,3.23,7.86,34.94,5.94,0.82,0,None
2026-09-24T11:43:19.202838,3.38,8.08,34.55,4.68,0.71,0,None
2026-09-24T11:53:19.202838,2.18,8.1,34.51,4.08,0.14,0,None
2026-09-24T12:03:19.202838,2.16,7.96,34.24,5.18,0.98,0,None
2026-09-24T12:13:19.202838,3.88,7.83,34.72,4.15,0.65,0,None
2026-09-24T12:23:19.202838,2.99,7.87,34.46,5.54,0.92,0,None
2026-09-24T12:33:19.202838,2.71,7.9,34.88,4.82,0.77,0,None
2026-09-24T12:43:19.202838,2.28,7.86,34.94,4.87,0.25,0,None
2026-09-24T12:53:19.202838,3.76,7.87,34.73,4.04,0.81,0,None
2026-09-24T13:03:19.202838,3.74,8.05,34.93,4.42,0.4,0,None
2026-09-24T13:13:19.202838,3.57,8.04,34.11,5.76,0.37,0,None
2026-09-24T13:23:19.202838,3.86,7.82,34.96,5.96,0.32,0,None
2026-09-24T13:33:19.202838,3.83,7.87,34.52,4.55,0.93,0,None
2026-09-24T13:43:19.202838,2.59,7.84,34.8,4.58,0.19,0,None
2026-09-24T13:53:19.202838,3.57,7.92,34.57,4.9,0.12,0,None
2026-09-24T14:03:19.202838,3.25,7.94,34.43,5.13,0.2,0,None
2026-09-24T14:13:19.202838,2.83,8.08,34.68,5.87,0.43,0,None
2026-09-24T14:23:19.202838,2.14,8.04,34.49,4.44,0.36,0,None
2026-09-24T14:33:19.202838,3.37,8.08,34.28,4.59,0.88,0,None
2026-09-24T14:43:19.202838,2.64,8.06,34.37,4.01,0.42,0,None
2026-09-24T14:53:19.202838,2.37,8.05,34.36,5.75,0.78,0,None
2026-09-24T15:03:19.202838,3.72,7.93,34.36,4.17,0.46,0,None
2026-09-24T15:13:19.202838,2.17,8.09,34.32,4.87,0.6,0,None
2026-09-24T15:23:19.202838,3.91,7.91,34.41,5.29,0.59,0,None
2026-09-24T15:33:19.202838,12.27,7.8,34.99,4.35,0.82,1,Thermal Plume
2026-09-24T15:43:19.202838,2.84,7.85,34.78,4.79,0.93,0,None
2026-09-24T15:53:19.202838,2.16,7.97,34.71,4.19,0.6,0,None
2026-09-24T16:03:19.202838,3.51,7.95,34.26,4.76,0.92,0,None
2026-09-24T16:13:19.202838,3.6,7.92,34.21,5.97,0.54,0,None
2026-09-24T16:23:19.202838,3.6,8.03,34.29,5.77,0.4,0,None
2026-09-24T16:33:19.202838,2.28,8.02,34.27,5.85,0.5,0,None
2026-09-24T16:43:19.202838,3.33,8.09,34.35,5.89,0.78,0,None
2026-09-24T16:53:19.202838,2.1,7.97,34.95,5.82,0.44,0,None
2026-09-24T17:03:19.202838,2.48,8.02,34.6,5.09,0.62,0,None
2026-09-24T17:13:19.202838,2.98,7.86,34.26,5.92,0.22,0,None
2026-09-24T17:23:19.202838,3.89,7.95,34.06,4.72,0.69,0,None
2026-09-24T17:33:19.202838,3.07,8.02,34.69,4.1,0.88,0,None
2026-09-24T17:43:19.202838,2.52,7.99,34.35,4.71,0.53,0,None
2026-09-24T17:53:19.202838,3.28,8.03,34.23,4.07,0.95,0,None
2026-09-24T18:03:19.202838,2.25,7.89,34.61,5.53,0.73,0,None
2026-09-24T18:13:19.202838,3.41,7.88,34.56,5.1,0.87,0,None
2026-09-24T18:23:19.202838,3.39,8.08,34.79,5.34,0.27,0,None
2026-09-24T18:33:19.202838,3.77,7.94,34.1,5.34,0.41,0,None
2026-09-24T18:43:19.202838,2.75,7.81,34.68,5.66,0.9,0,None
2026-09-24T18:53:19.202838,2.49,8.05,34.53,5.34,0.56,0,None
2026-09-24T19:03:19.202838,3.33,8.07,34.89,4.81,0.79,0,None
2026-09-24T19:13:19.202838,2.13,8.09,34.96,5.14,0.41,0,None
2026-09-24T19:23:19.202838,3.21,7.81,34.39,5.59,0.76,0,None
2026-09-24T19:33:19.202838,3.06,8.06,34.82,4.76,0.77,0,None
2026-09-24T19:43:19.202838,2.45,8.0,34.83,5.36,0.79,0,None
2026-09-24T19:53:19.202838,3.45,7.81,34.69,5.72,0.79,0,None
2026-09-24T20:03:19.202838,3.57,8.06,34.75,5.38,0.97,0,None
2026-09-24T20:13:19.202838,2.05,8.0,34.18,5.56,0.87,0,None
2026-09-24T20:23:19.202838,2.58,7.83,34.11,5.66,0.44,0,None
2026-09-24T20:33:19.202838,3.23,8.06,34.98,5.44,0.51,0,None
2026-09-24T20:43:19.202838,2.27,7.81,34.93,5.4,0.6,0,None
2026-09-24T20:53:19.202838,2.54,7.83,34.29,4.71,0.82,0,None
2026-09-24T21:03:19.202838,3.76,7.93,34.85,4.93,0.36,0,None
2026-09-24T21:13:19.202838,3.91,6.65,34.97,2.49,11.58,1,Chemical Leak
2026-09-24T21:23:19.202838,2.79,7.87,34.04,4.85,0.35,0,None
2026-09-24T21:33:19.202838,2.39,6.14,34.72,2.63,6.98,1,Chemical Leak
2026-09-24T21:43:19.202838,3.89,7.95,34.2,4.91,0.72,0,None
2026-09-24T21:53:19.202838,3.91,8.05,34.51,5.45,0.7,0,None
2026-09-24T22:03:19.202838,3.48,8.08,34.83,5.32,0.33,0,None
2026-09-24T22:13:19.202838,3.82,8.06,34.64,4.25,0.39,0,None
2026-09-24T22:23:19.202838,2.01,7.88,34.39,4.8,0.22,0,None
2026-09-24T22:33:19.202838,3.93,8.02,34.01,5.55,0.54,0,None
2026-09-24T22:43:19.202838,3.16,8.04,34.58,5.58,0.51,0,None
2026-09-24T22:53:19.202838,2.95,7.98,34.75,4.12,0.47,0,None
2026-09-24T23:03:19.202838,3.45,7.86,34.75,5.77,0.76,0,None
2026-09-24T23:13:19.202838,3.63,7.87,34.88,4.24,0.87,0,None
2026-09-24T23:23:19.202838,3.9,8.04,34.31,5.95,0.46,0,None
2026-09-24T23:33:19.202838,3.22,8.03,34.54,4.53,0.63,0,None
2026-09-24T23:43:19.202838,3.29,7.86,34.77,5.75,0.41,0,None
2026-09-24T23:53:19.202838,2.55,8.05,34.74,4.59,0.39,0,None
2026-09-25T00:03:19.202838,2.62,8.05,34.83,4.21,0.8,0,None
2026-09-25T00:13:19.202838,3.3,8.06,34.77,4.54,0.44,0,None
2026-09-25T00:23:19.202838,2.4,7.97,34.59,4.27,0.87,0,None
2026-09-25T00:33:19.202838,2.19,7.86,34.21,4.85,0.94,0,None
2026-09-25T00:43:19.202838,3.68,8.02,34.41,4.86,0.79,0,None
2026-09-25T00:53:19.202838,3.63,7.99,34.07,5.96,0.53,0,None
2026-09-25T01:03:19.202838,2.46,8.09,34.13,5.66,0.15,0,None
2026-09-25T01:13:19.202838,3.55,8.03,34.82,4.47,0.5,0,None
2026-09-25T01:23:19.202838,3.31,8.09,34.25,5.44,0.14,0,None
2026-09-25T01:33:19.202838,3.04,7.91,34.62,5.84,0.74,0,None
2026-09-25T01:43:19.202838,3.35,7.93,34.9,5.23,0.83,0,None
2026-09-25T01:53:19.202838,2.96,7.83,34.23,4.37,0.43,0,None
2026-09-25T02:03:19.202838,2.93,8.1,34.4,5.55,0.98,0,None
2026-09-25T02:13:19.202838,2.46,7.82,34.7,5.13,0.2,0,None
2026-09-25T02:23:19.202838,3.03,7.86,34.4,4.73,0.16,0,None
2026-09-25T02:33:19.202838,2.62,7.97,34.96,5.74,0.32,0,None
2026-09-25T02:43:19.202838,2.77,7.96,34.11,4.61,0.73,0,None
2026-09-25T02:53:19.202838,3.88,7.93,34.93,4.21,0.49,0,None
2026-09-25T03:03:19.202838,3.16,7.99,34.47,4.87,0.44,0,None
2026-09-25T03:13:19.202838,3.43,8.07,34.86,4.73,0.49,0,None
2026-09-25T03:23:19.202838,3.45,7.87,34.06,4.51,0.53,0,None
2026-09-25T03:33:19.202838,3.44,8.03,34.65,5.93,0.14,0,None
2026-09-25T03:43:19.202838,2.73,7.87,34.76,6.0,0.25,0,None
2026-09-25T03:53:19.202838,2.48,8.0,34.5,4.73,0.85,0,None
2026-09-25T04:03:19.202838,2.4,7.94,34.93,4.96,0.75,0,None
2026-09-25T04:13:19.202838,2.97,7.83,34.66,5.07,0.16,0,None
2026-09-25T04:23:19.202838,2.22,7.86,34.37,5.37,0.43,0,None
2026-09-25T04:33:19.202838,3.07,8.07,34.4,5.95,0.76,0,None
2026-09-25T04:43:19.202838,2.84,7.82,34.99,5.5,0.67,0,None
2026-09-25T04:53:19.202838,3.52,8.1,34.8,4.71,0.55,0,None
2026-09-25T05:03:19.202838,2.13,7.98,34.35,5.05,0.92,0,None
2026-09-25T05:13:19.202838,2.24,7.89,34.71,4.13,0.89,0,None
2026-09-25T05:23:19.202838,2.93,7.91,34.89,4.41,0.63,0,None
2026-09-25T05:33:19.202838,2.94,8.03,34.8,4.32,0.46,0,None
2026-09-25T05:43:19.202838,3.79,7.83,34.8,5.14,0.45,0,None
2026-09-25T05:53:19.202838,3.66,8.01,34.57,4.67,0.83,0,None
2026-09-25T06:03:19.202838,2.49,7.81,34.53,5.27,0.63,0,None
2026-09-25T06:13:19.202838,2.25,7.81,34.25,4.42,0.78,0,None
2026-09-25T06:23:19.202838,3.05,8.0,34.82,4.07,0.64,0,None
2026-09-25T06:33:19.202838,3.23,8.09,34.44,5.29,0.6,0,None
2026-09-25T06:43:19.202838,3.03,7.91,34.55,5.72,0.62,0,None
2026-09-25T06:53:19.202838,2.67,7.88,34.94,5.36,0.49,0,None
2026-09-25T07:03:19.202838,2.74,7.93,34.8,5.62,0.23,0,None
2026-09-25T07:13:19.202838,3.04,8.01,34.46,5.8,0.44,0,None
2026-09-25T07:23:19.202838,3.23,7.88,34.27,4.19,0.79,0,None
2026-09-25T07:33:19.202838,2.22,7.95,34.55,4.36,0.81,0,None
2026-09-25T07:43:19.202838,2.36,7.94,34.27,5.7,0.97,0,None
2026-09-25T07:53:19.202838,2.78,8.05,34.43,4.49,0.83,0,None
2026-09-25T08:03:19.202838,2.1,7.91,34.57,5.04,0.12,0,None
2026-09-25T08:13:19.202838,2.52,7.97,34.98,4.4,0.22,0,None
2026-09-25T08:23:19.202838,2.55,7.83,34.59,5.19,0.62,0,None
2026-09-25T08:33:19.202838,3.1,7.95,34.87,5.11,0.4,0,None
2026-09-25T08:43:19.202838,2.8,7.81,34.6,4.41,0.33,0,None
2026-09-25T08:53:19.202838,3.53,8.03,34.42,4.8,0.8,0,None
2026-09-25T09:03:19.202838,3.96,8.1,34.23,5.14,0.19,0,None
2026-09-25T09:13:19.202838,3.48,8.09,34.91,4.62,0.31,0,None
2026-09-25T09:23:19.202838,3.15,8.04,34.54,5.52,0.67,0,None
2026-09-25T09:33:19.202838,3.12,7.91,34.42,4.76,0.24,0,None
2026-09-25T09:43:19.202838,2.29,8.02,34.02,5.29,0.26,0,None
2026-09-25T09:53:19.202838,3.2,8.07,34.18,5.44,0.58,0,None
2026-09-25T10:03:19.202838,3.12,7.98,34.02,5.44,0.45,0,None
2026-09-25T10:13:19.202838,3.19,7.86,34.14,4.31,0.94,0,None
2026-09-25T10:23:19.202838,3.15,7.87,34.73,5.54,0.39,0,None
2026-09-25T10:33:19.202838,3.98,8.07,34.36,5.77,0.11,0,None
2026-09-25T10:43:19.202838,3.49,7.99,34.97,4.63,0.26,0,None
2026-09-25T10:53:19.202838,2.03,8.02,35.0,5.36,0.74,0,None
2026-09-25T11:03:19.202838,2.44,7.87,34.46,5.53,0.53,0,None
2026-09-25T11:13:19.202838,2.8,7.98,34.87,4.99,0.94,0,None
2026-09-25T11:23:19.202838,2.82,8.01,34.89,5.35,0.81,0,None
2026-09-25T11:33:19.202838,2.87,7.85,34.52,4.9,0.51,0,None
2026-09-25T11:43:19.202838,2.5,7.91,34.78,4.41,0.23,0,None
2026-09-25T11:53:19.202838,2.76,8.02,34.93,5.74,0.44,0,None
2026-09-25T12:03:19.202838,2.54,6.65,34.84,1.95,14.34,1,Chemical Leak
2026-09-25T12:13:19.202838,3.53,7.91,34.01,4.22,0.28,0,None
2026-09-25T12:23:19.202838,2.18,8.01,34.0,5.13,0.74,0,None
2026-09-25T12:33:19.202838,2.9,7.91,34.46,5.94,0.26,0,None
2026-09-25T12:43:19.202838,3.64,7.91,34.54,5.99,0.43,0,None
2026-09-25T12:53:19.202838,3.1,8.07,34.2,4.32,0.63,0,None
2026-09-25T13:03:19.202838,3.69,7.87,34.33,5.52,0.52,0,None
2026-09-25T13:13:19.202838,2.37,7.83,34.57,5.08,0.87,0,None
2026-09-25T13:23:19.202838,2.56,8.03,34.84,5.2,0.62,0,None
2026-09-25T13:33:19.202838,3.68,7.82,34.92,4.92,0.26,0,None
2026-09-25T13:43:19.202838,3.98,7.85,34.69,4.05,0.53,0,None
2026-09-25T13:53:19.202838,2.73,7.82,34.7,4.36,0.95,0,None
2026-09-25T14:03:19.202838,2.91,7.95,34.5,5.46,0.62,0,None
2026-09-25T14:13:19.202838,3.6,8.05,34.79,4.25,0.45,0,None
2026-09-25T14:23:19.202838,3.32,8.05,34.55,5.98,0.84,0,None
2026-09-25T14:33:19.202838,3.25,8.05,34.08,4.95,0.35,0,None
2026-09-25T14:43:19.202838,2.29,7.88,34.17,5.77,0.7,0,None
2026-09-25T14:53:19.202838,2.54,7.99,34.99,5.16,0.58,0,None
2026-09-25T15:03:19.202838,2.35,7.89,34.91,4.04,0.99,0,None
2026-09-25T15:13:19.202838,2.87,8.05,34.85,5.76,0.93,0,None
2026-09-25T15:23:19.202838,3.53,7.89,34.11,5.57,0.29,0,None
2026-09-25T15:33:19.202838,3.85,8.05,34.85,5.91,0.94,0,None
2026-09-25T15:43:19.202838,2.67,7.86,34.88,5.85,0.39,0,None
2026-09-25T15:53:19.202838,3.56,7.82,34.35,5.63,0.38,0,None
2026-09-25T16:03:19.202838,2.5,8.03,34.67,5.57,0.65,0,None
2026-09-25T16:13:19.202838,2.24,7.97,34.58,5.89,0.14,0,None
2026-09-25T16:23:19.202838,3.4,7.82,34.04,4.09,0.13,0,None
2026-09-25T16:33:19.202838,2.54,7.96,34.68,5.93,0.32,0,None
2026-09-25T16:43:19.202838,2.69,7.93,34.26,5.83,0.34,0,None
2026-09-25T16:53:19.202838,3.59,8.02,34.67,4.76,0.15,0,None
2026-09-25T17:03:19.202838,2.42,8.04,34.47,4.39,0.51,0,None
2026-09-25T17:13:19.202838,3.22,7.97,34.46,5.8,0.81,0,None
2026-09-25T17:23:19.202838,3.67,7.86,34.13,5.61,0.3,0,None
2026-09-25T17:33:19.202838,2.4,8.03,34.11,5.2,0.17,0,None
2026-09-25T17:43:19.202838,2.37,7.84,34.42,5.58,0.99,0,None
2026-09-25T17:53:19.202838,2.23,8.02,34.17,5.49,0.26,0,None
2026-09-25T18:03:19.202838,3.15,7.83,34.71,4.17,0.83,0,None
2026-09-25T18:13:19.202838,2.98,7.94,34.19,4.46,0.48,0,None
2026-09-25T18:23:19.202838,3.54,7.94,34.03,5.3,0.17,0,None
2026-09-25T18:33:19.202838,2.67,7.86,34.52,5.46,0.24,0,None
2026-09-25T18:43:19.202838,2.41,8.1,34.68,4.4,0.32,0,None
2026-09-25T18:53:19.202838,3.31,8.0,34.5,5.15,0.41,0,None
2026-09-25T19:03:19.202838,2.78,8.02,34.92,5.37,0.99,0,None
2026-09-25T19:13:19.202838,3.93,7.83,34.47,5.14,0.48,0,None
2026-09-25T19:23:19.202838,2.63,7.8,34.49,5.06,0.51,0,None
2026-09-25T19:33:19.202838,2.18,7.93,34.0,4.81,0.71,0,None
2026-09-25T19:43:19.202838,3.23,7.86,34.86,5.28,0.16,0,None
2026-09-25T19:53:19.202838,3.56,7.9,34.9,5.88,0.38,0,None
2026-09-25T20:03:19.202838,2.67,7.89,34.32,5.03,0.41,0,None
2026-09-25T20:13:19.202838,2.86,8.08,34.4,5.36,0.48,0,None
2026-09-25T20:23:19.202838,2.16,7.96,34.71,4.31,0.69,0,None
2026-09-25T20:33:19.202838,12.32,7.92,34.94,4.58,0.52,1,Thermal Plume
2026-09-25T20:43:19.202838,3.73,7.93,34.6,5.3,0.57,0,None
2026-09-25T20:53:19.202838,11.17,7.9,34.16,4.97,0.41,1,Thermal Plume
2026-09-25T21:03:19.202838,3.42,7.9,34.95,4.98,0.59,0,None
2026-09-25T21:13:19.202838,2.84,7.85,34.5,4.22,0.2,0,None
2026-09-25T21:23:19.202838,2.07,7.93,34.31,5.3,0.11,0,None
2026-09-25T21:33:19.202838,2.53,8.09,34.27,4.68,0.3,0,None
2026-09-25T21:43:19.202838,2.43,7.91,34.8,5.31,0.38,0,None
2026-09-25T21:53:19.202838,2.52,7.89,34.06,5.32,0.92,0,None
2026-09-25T22:03:19.202838,2.97,7.93,34.72,4.43,0.35,0,None
2026-09-25T22:13:19.202838,3.13,8.0,34.65,5.59,0.8,0,None
2026-09-25T22:23:19.202838,2.42,7.95,34.2,5.5,0.42,0,None
2026-09-25T22:33:19.202838,3.44,8.08,34.89,5.07,0.79,0,None
2026-09-25T22:43:19.202838,3.72,8.04,34.78,5.46,0.14,0,None
2026-09-25T22:53:19.202838,3.1,7.91,34.33,5.07,0.66,0,None
2026-09-25T23:03:19.202838,2.45,8.0,34.11,4.22,0.11,0,None
2026-09-25T23:13:19.202838,3.68,7.85,34.57,4.33,0.56,0,None
2026-09-25T23:23:19.202838,2.37,8.0,34.64,4.41,0.14,0,None
2026-09-25T23:33:19.202838,3.79,7.92,34.62,5.98,0.3,0,None
2026-09-25T23:43:19.202838,2.2,7.9,34.36,5.09,0.96,0,None
2026-09-25T23:53:19.202838,3.36,7.98,34.9,4.95,0.8,0,None
2026-09-26T00:03:19.202838,3.88,8.01,34.38,4.28,0.75,0,None
2026-09-26T00:13:19.202838,3.71,8.06,34.8,5.63,0.27,0,None
2026-09-26T00:23:19.202838,2.54,7.87,34.02,5.18,0.53,0,None
2026-09-26T00:33:19.202838,2.1,7.8,34.03,5.65,0.58,0,None
2026-09-26T00:43:19.202838,2.95,8.01,34.51,4.34,0.6,0,None
2026-09-26T00:53:19.202838,2.77,7.92,34.02,4.61,0.94,0,None
2026-09-26T01:03:19.202838,2.05,8.04,34.3,5.3,0.5,0,None
2026-09-26T01:13:19.202838,2.67,7.87,34.02,5.16,0.69,0,None
2026-09-26T01:23:19.202838,2.04,7.85,34.21,5.24,0.32,0,None
2026-09-26T01:33:19.202838,3.6,7.96,34.32,4.13,0.53,0,None
2026-09-26T01:43:19.202838,2.34,7.88,34.08,4.42,0.54,0,None
2026-09-26T01:53:19.202838,2.49,8.06,34.41,5.91,0.6,0,None
2026-09-26T02:03:19.202838,3.61,8.07,34.93,5.76,0.59,0,None
2026-09-26T02:13:19.202838,2.03,8.08,34.68,4.57,0.79,0,None
2026-09-26T02:23:19.202838,3.55,7.82,34.88,4.35,0.44,0,None
2026-09-26T02:33:19.202838,2.75,8.09,34.26,5.36,0.33,0,None
2026-09-26T02:43:19.202838,2.45,8.1,34.56,5.01,0.29,0,None
2026-09-26T02:53:19.202838,2.54,8.04,34.34,5.92,0.82,0,None
2026-09-26T03:03:19.202838,3.97,8.04,34.95,4.31,0.19,0,None
2026-09-26T03:13:19.202838,2.94,7.86,34.88,4.57,0.36,0,None
2026-09-26T03:23:19.202838,2.88,7.83,34.57,5.79,0.89,0,None
2026-09-26T03:33:19.202838,2.18,7.93,34.52,5.17,0.18,0,None
2026-09-26T03:43:19.202838,3.06,7.94,34.62,4.02,0.64,0,None
2026-09-26T03:53:19.202838,3.13,7.84,34.39,4.73,0.38,0,None
2026-09-26T04:03:19.202838,2.01,8.06,34.12,4.25,0.13,0,None
2026-09-26T04:13:19.202838,3.58,8.0,34.51,4.15,0.35,0,None
2026-09-26T04:23:19.202838,2.11,7.89,34.06,5.15,0.17,0,None
2026-09-26T04:33:19.202838,2.82,7.86,34.58,4.01,0.9,0,None
2026-09-26T04:43:19.202838,2.94,8.0,34.41,5.26,0.64,0,None
2026-09-26T04:53:19.202838,2.67,8.06,34.84,5.68,0.24,0,None
2026-09-26T05:03:19.202838,3.71,7.85,34.58,5.84,0.95,0,None
2026-09-26T05:13:19.202838,2.03,7.87,34.68,5.47,0.38,0,None
2026-09-26T05:23:19.202838,2.75,8.03,34.48,5.29,0.7,0,None
2026-09-26T05:33:19.202838,2.92,7.94,34.35,4.4,0.48,0,None
2026-09-26T05:43:19.202838,2.18,7.88,34.38,5.42,0.79,0,None
2026-09-26T05:53:19.202838,3.04,7.97,34.78,5.81,0.8,0,None
2026-09-26T06:03:19.202838,2.99,7.88,34.15,5.34,0.24,0,None
2026-09-26T06:13:19.202838,2.79,7.88,34.87,4.96,0.81,0,None
2026-09-26T06:23:19.202838,2.95,7.9,34.54,5.42,0.2,0,None
2026-09-26T06:33:19.202838,2.84,8.07,34.49,5.18,0.73,0,None
2026-09-26T06:43:19.202838,3.36,7.82,34.3,5.69,0.23,0,None
2026-09-26T06:53:19.202838,2.04,7.82,34.93,5.75,0.13,0,None
2026-09-26T07:03:19.202838,3.44,7.87,34.82,4.56,0.63,0,None
2026-09-26T07:13:19.202838,3.35,8.02,34.34,4.11,0.23,0,None
2026-09-26T07:23:19.202838,3.55,7.92,34.96,5.54,0.65,0,None
2026-09-26T07:33:19.202838,3.69,8.05,34.42,4.11,0.79,0,None
2026-09-26T07:43:19.202838,3.79,7.97,34.85,4.54,0.73,0,None
2026-09-26T07:53:19.202838,2.4,8.01,34.69,5.77,0.27,0,None
2026-09-26T08:03:19.202838,3.06,7.82,34.46,5.27,0.21,0,None
2026-09-26T08:13:19.202838,3.9,8.05,34.44,4.31,0.44,0,None
2026-09-26T08:23:19.202838,2.99,8.01,34.15,4.12,0.18,0,None
2026-09-26T08:33:19.202838,3.29,8.06,34.96,4.02,0.66,0,None
2026-09-26T08:43:19.202838,2.35,8.0,34.73,4.15,0.28,0,None
2026-09-26T08:53:19.202838,2.58,7.81,34.22,4.06,0.57,0,None
2026-09-26T09:03:19.202838,3.21,8.03,34.7,5.65,0.68,0,None
2026-09-26T09:13:19.202838,3.58,8.02,34.59,4.26,0.97,0,None
2026-09-26T09:23:19.202838,3.69,7.86,34.07,5.87,0.9,0,None
2026-09-26T09:33:19.202838,2.59,7.87,34.03,5.73,0.39,0,None
2026-09-26T09:43:19.202838,2.27,7.82,34.3,4.56,0.31,0,None
2026-09-26T09:53:19.202838,2.95,6.05,34.04,1.89,11.53,1,Chemical Leak
2026-09-26T10:03:19.202838,2.97,7.9,34.06,5.57,0.13,0,None
2026-09-26T10:13:19.202838,3.28,8.09,34.67,4.57,0.51,0,None
2026-09-26T10:23:19.202838,2.36,7.98,34.05,4.04,0.3,0,None
2026-09-26T10:33:19.202838,2.2,7.83,34.96,4.85,0.25,0,None
2026-09-26T10:43:19.202838,2.97,7.95,34.59,5.37,0.65,0,None
2026-09-26T10:53:19.202838,2.47,8.01,34.29,5.26,0.17,0,None
2026-09-26T11:03:19.202838,3.17,7.86,34.11,4.65,0.56,0,None
2026-09-26T11:13:19.202838,2.63,6.89,34.4,1.49,9.25,1,Chemical Leak
2026-09-26T11:23:19.202838,3.39,7.85,34.52,5.11,0.1,0,None
2026-09-26T11:33:19.202838,2.29,7.96,34.04,4.69,0.66,0,None
2026-09-26T11:43:19.202838,2.95,8.06,34.53,4.18,0.47,0,None
2026-09-26T11:53:19.202838,2.04,8.08,34.97,4.45,0.29,0,None
2026-09-26T12:03:19.202838,2.82,8.05,34.26,5.89,0.16,0,None
2026-09-26T12:13:19.202838,2.6,7.9,34.27,4.99,0.83,0,None
2026-09-26T12:23:19.202838,2.66,7.91,34.93,4.36,0.6,0,None
2026-09-26T12:33:19.202838,3.71,7.91,34.88,5.39,0.11,0,None
2026-09-26T12:43:19.202838,3.35,8.05,34.92,5.43,0.65,0,None
2026-09-26T12:53:19.202838,3.65,8.02,34.52,5.67,0.57,0,None
2026-09-26T13:03:19.202838,3.97,7.86,34.91,5.52,0.83,0,None
2026-09-26T13:13:19.202838,2.65,8.02,34.66,5.17,0.85,0,None
2026-09-26T13:23:19.202838,2.3,7.99,34.06,4.77,0.34,0,None
2026-09-26T13:33:19.202838,3.37,7.9,34.58,4.54,0.41,0,None
2026-09-26T13:43:19.202838,3.24,8.01,34.78,4.41,0.95,0,None
2026-09-26T13:53:19.202838,2.26,8.05,34.53,5.83,0.53,0,None
2026-09-26T14:03:19.202838,3.7,7.82,34.82,4.67,0.96,0,None
2026-09-26T14:13:19.202838,2.67,7.98,34.78,4.05,0.57,0,None
2026-09-26T14:23:19.202838,3.25,7.81,34.46,4.08,0.55,0,None
2026-09-26T14:33:19.202838,3.17,7.98,34.94,4.83,0.66,0,None
2026-09-26T14:43:19.202838,2.72,7.89,34.12,5.06,0.44,0,None
2026-09-26T14:53:19.202838,3.37,7.98,34.77,4.88,0.88,0,None
2026-09-26T15:03:19.202838,3.2,7.9,34.48,5.77,0.49,0,None
2026-09-26T15:13:19.202838,2.56,7.89,34.3,5.58,0.76,0,None
2026-09-26T15:23:19.202838,3.73,8.01,34.47,5.36,0.27,0,None
2026-09-26T15:33:19.202838,3.38,7.99,34.54,5.53,0.36,0,None
2026-09-26T15:43:19.202838,3.02,7.9,34.45,4.89,0.23,0,None
2026-09-26T15:53:19.202838,3.07,8.05,34.41,5.57,0.8,0,None
2026-09-26T16:03:19.202838,3.03,7.99,34.91,5.95,0.58,0,None
2026-09-26T16:13:19.202838,3.63,8.04,34.64,4.21,0.83,0,None
2026-09-26T16:23:19.202838,3.5,7.96,34.29,4.18,0.36,0,None
2026-09-26T16:33:19.202838,2.93,8.04,34.26,5.36,0.28,0,None
2026-09-26T16:43:19.202838,3.43,8.01,34.51,5.46,0.66,0,None
2026-09-26T16:53:19.202838,3.24,8.07,34.82,4.97,0.96,0,None
2026-09-26T17:03:19.202838,2.07,7.83,34.09,4.12,0.19,0,None
2026-09-26T17:13:19.202838,3.28,7.83,34.99,4.3,0.81,0,None
2026-09-26T17:23:19.202838,3.85,8.03,34.15,4.87,0.14,0,None
2026-09-26T17:33:19.202838,3.63,7.87,34.74,5.3,0.96,0,None
2026-09-26T17:43:19.202838,3.52,8.07,34.01,4.25,0.4,0,None
2026-09-26T17:53:19.202838,14.33,7.83,34.94,5.3,0.37,1,Thermal Plume
2026-09-26T18:03:19.202838,2.85,8.06,34.64,4.49,0.93,0,None
2026-09-26T18:13:19.202838,2.79,7.89,34.63,5.17,0.53,0,None
2026-09-26T18:23:19.202838,12.77,7.9,34.77,4.78,0.8,1,Thermal Plume
2026-09-26T18:33:19.202838,2.81,7.94,34.3,6.0,0.75,0,None
2026-09-26T18:43:19.202838,2.7,7.95,34.27,4.99,0.8,0,None
2026-09-26T18:53:19.202838,3.98,8.08,34.94,4.05,0.47,0,None
2026-09-26T19:03:19.202838,3.8,7.92,34.59,5.47,0.42,0,None
2026-09-26T19:13:19.202838,3.79,8.0,34.48,5.58,0.89,0,None
2026-09-26T19:23:19.202838,3.11,7.95,34.71,4.56,0.84,0,None
2026-09-26T19:33:19.202838,3.42,7.89,34.88,5.59,0.11,0,None
2026-09-26T19:43:19.202838,2.69,7.83,34.17,4.04,0.75,0,None
2026-09-26T19:53:19.202838,2.93,8.02,34.76,4.32,0.82,0,None
2026-09-26T20:03:19.202838,3.85,7.86,34.22,5.52,0.59,0,None
2026-09-26T20:13:19.202838,2.88,7.99,34.35,4.27,0.86,0,None
2026-09-26T20:23:19.202838,3.62,7.99,34.23,4.23,0.92,0,None
2026-09-26T20:33:19.202838,2.66,7.98,34.56,5.8,0.43,0,None
2026-09-26T20:43:19.202838,3.21,7.86,34.97,4.11,0.71,0,None
2026-09-26T20:53:19.202838,2.67,8.0,34.29,4.69,0.16,0,None
2026-09-26T21:03:19.202838,2.66,7.84,34.47,4.15,0.63,0,None
2026-09-26T21:13:19.202838,2.14,8.09,34.45,4.31,0.73,0,None
2026-09-26T21:23:19.202838,3.78,7.89,34.72,5.29,0.87,0,None
2026-09-26T21:33:19.202838,3.66,7.82,34.91,5.83,0.2,0,None
2026-09-26T21:43:19.202838,2.64,7.97,34.84,4.46,0.96,0,None
2026-09-26T21:53:19.202838,3.02,8.0,34.0,4.77,0.28,0,None
2026-09-26T22:03:19.202838,3.52,8.02,34.79,5.1,0.45,0,None
2026-09-26T22:13:19.202838,2.52,7.97,34.54,5.69,0.22,0,None
2026-09-26T22:23:19.202838,2.94,7.93,34.65,4.34,0.74,0,None
2026-09-26T22:33:19.202838,3.2,7.83,34.1,4.64,0.16,0,None
2026-09-26T22:43:19.202838,3.29,7.8,34.95,4.35,0.67,0,None
2026-09-26T22:53:19.202838,3.69,8.08,34.7,4.4,0.51,0,None
2026-09-26T23:03:19.202838,3.34,7.81,34.04,4.8,0.71,0,None
2026-09-26T23:13:19.202838,3.12,8.07,34.76,5.49,0.4,0,None
2026-09-26T23:23:19.202838,3.13,8.05,34.76,4.81,0.45,0,None
2026-09-26T23:33:19.202838,2.81,7.86,34.79,4.38,0.78,0,None
2026-09-26T23:43:19.202838,2.16,7.86,34.23,5.98,0.64,0,None
2026-09-26T23:53:19.202838,2.84,7.84,34.16,5.57,0.78,0,None
2026-09-27T00:03:19.202838,3.0,7.93,34.17,4.84,0.45,0,None
2026-09-27T00:13:19.202838,2.41,7.99,34.25,4.55,0.43,0,None
2026-09-27T00:23:19.202838,2.08,8.08,34.34,5.74,0.14,0,None
2026-09-27T00:33:19.202838,3.25,7.9,34.4,4.48,0.44,0,None
2026-09-27T00:43:19.202838,2.76,8.03,34.09,5.37,0.12,0,None
2026-09-27T00:53:19.202838,2.73,7.82,34.42,5.49,0.91,0,None
2026-09-27T01:03:19.202838,2.44,7.97,34.03,4.38,0.73,0,None
2026-09-27T01:13:19.202838,2.64,7.91,34.81,5.98,0.62,0,None
2026-09-27T01:23:19.202838,2.47,6.39,34.17,1.43,5.96,1,Chemical Leak
2026-09-27T01:33:19.202838,3.9,7.92,34.37,4.72,0.87,0,None
2026-09-27T01:43:19.202838,3.63,7.8,34.53,4.35,0.77,0,None
2026-09-27T01:53:19.202838,3.63,8.01,34.26,4.33,0.12,0,None
2026-09-27T02:03:19.202838,2.59,7.88,34.78,5.49,0.39,0,None
2026-09-27T02:13:19.202838,3.24,8.01,34.46,5.05,0.55,0,None
2026-09-27T02:23:19.202838,3.15,7.81,34.34,5.24,0.51,0,None
2026-09-27T02:33:19.202838,3.65,7.84,34.21,5.9,0.49,0,None
2026-09-27T02:43:19.202838,3.44,7.83,34.96,5.62,0.87,0,None
2026-09-27T02:53:19.202838,3.66,7.98,34.94,5.67,0.75,0,None
2026-09-27T03:03:19.202838,3.81,8.05,34.23,4.75,0.94,0,None
2026-09-27T03:13:19.202838,3.39,7.85,34.29,5.32,0.74,0,None
2026-09-27T03:23:19.202838,2.62,8.03,34.3,5.41,0.8,0,None
2026-09-27T03:33:19.202838,3.62,7.91,34.37,4.33,0.69,0,None
2026-09-27T03:43:19.202838,2.9,7.8,34.05,4.67,0.55,0,None
2026-09-27T03:53:19.202838,3.73,7.81,34.18,4.64,0.39,0,None
2026-09-27T04:03:19.202838,2.71,7.98,34.34,5.07,0.22,0,None
2026-09-27T04:13:19.202838,3.18,7.83,34.25,5.32,0.24,0,None
2026-09-27T04:23:19.202838,3.0,7.85,34.56,5.11,0.16,0,None
2026-09-27T04:33:19.202838,2.13,8.09,34.2,4.85,0.49,0,None
2026-09-27T04:43:19.202838,3.57,7.93,34.34,4.75,0.3,0,None
2026-09-27T04:53:19.202838,3.2,7.87,34.89,4.5,0.51,0,None
2026-09-27T05:03:19.202838,3.11,7.91,34.63,4.8,0.78,0,None
2026-09-27T05:13:19.202838,2.02,7.9,34.56,5.34,0.84,0,None
2026-09-27T05:23:19.202838,2.29,7.95,34.02,4.02,0.71,0,None
2026-09-27T05:33:19.202838,3.6,7.88,34.39,5.1,0.78,0,None
2026-09-27T05:43:19.202838,2.09,7.81,34.44,4.72,0.68,0,None
2026-09-27T05:53:19.202838,3.96,7.93,34.88,4.94,0.61,0,None
2026-09-27T06:03:19.202838,3.65,7.96,34.71,4.17,0.22,0,None
2026-09-27T06:13:19.202838,3.12,8.08,34.78,5.32,0.14,0,None
2026-09-27T06:23:19.202838,2.08,7.8,34.1,5.31,0.35,0,None
2026-09-27T06:33:19.202838,3.94,8.09,34.94,5.24,0.3,0,None
2026-09-27T06:43:19.202838,2.5,7.88,34.41,4.12,0.89,0,None
2026-09-27T06:53:19.202838,2.32,8.02,34.46,5.86,0.29,0,None
2026-09-27T07:03:19.202838,3.34,7.91,34.13,4.76,0.57,0,None
2026-09-27T07:13:19.202838,3.83,8.02,34.17,4.1,0.32,0,None
2026-09-27T07:23:19.202838,3.67,8.01,34.38,6.0,0.55,0,None
2026-09-27T07:33:19.202838,3.4,6.22,34.62,1.74,12.49,1,Chemical Leak
2026-09-27T07:43:19.202838,3.77,7.95,34.49,4.33,0.1,0,None
2026-09-27T07:53:19.202838,3.48,7.89,34.2,4.5,0.78,0,None
2026-09-27T08:03:19.202838,3.43,8.05,34.9,4.02,0.64,0,None
2026-09-27T08:13:19.202838,2.7,7.99,34.01,5.8,0.76,0,None
2026-09-27T08:23:19.202838,3.9,7.96,34.84,5.03,0.42,0,None
2026-09-27T08:33:19.202838,3.51,7.9,34.44,5.09,0.74,0,None
2026-09-27T08:43:19.202838,2.41,7.97,34.79,5.3,0.34,0,None
2026-09-27T08:53:19.202838,3.41,7.82,34.49,4.41,0.8,0,None
2026-09-27T09:03:19.202838,3.17,7.96,34.6,4.11,0.35,0,None
2026-09-27T09:13:19.202838,2.93,7.93,34.15,4.99,0.31,0,None
2026-09-27T09:23:19.202838,2.86,8.04,34.4,4.83,0.32,0,None
2026-09-27T09:33:19.202838,12.43,8.07,34.53,4.22,0.68,1,Thermal Plume
2026-09-27T09:43:19.202838,2.6,7.95,34.35,5.2,0.68,0,None
2026-09-27T09:53:19.202838,2.09,8.05,34.07,5.58,0.3,0,None
2026-09-27T10:03:19.202838,3.48,7.99,34.32,5.95,0.75,0,None
2026-09-27T10:13:19.202838,3.84,7.87,34.27,5.35,0.17,0,None
2026-09-27T10:23:19.202838,3.57,7.93,34.18,5.36,0.35,0,None
2026-09-27T10:33:19.202838,2.43,7.88,34.85,5.49,0.13,0,None
2026-09-27T10:43:19.202838,2.18,7.98,34.25,5.06,0.62,0,None
2026-09-27T10:53:19.202838,3.56,7.89,34.99,5.41,0.58,0,None
2026-09-27T11:03:19.202838,2.36,7.89,34.6,4.25,0.2,0,None
2026-09-27T11:13:19.202838,2.08,8.08,34.52,4.91,0.95,0,None
2026-09-27T11:23:19.202838,3.89,7.84,34.17,5.0,0.27,0,None
2026-09-27T11:33:19.202838,2.4,7.99,34.87,4.09,0.67,0,None
2026-09-27T11:43:19.202838,3.37,7.85,34.74,5.35,0.69,0,None
2026-09-27T11:53:19.202838,2.73,7.82,34.3,4.55,0.53,0,None
2026-09-27T12:03:19.202838,2.43,6.89,34.74,2.7,12.41,1,Chemical Leak
2026-09-27T12:13:19.202838,3.9,7.99,34.38,4.89,0.2,0,None
2026-09-27T12:23:19.202838,3.91,7.81,34.2,4.14,0.24,0,None
2026-09-27T12:33:19.202838,2.95,7.83,34.51,5.72,0.88,0,None
2026-09-27T12:43:19.202838,3.14,7.98,34.29,4.59,0.9,0,None
2026-09-27T12:53:19.202838,2.1,8.05,34.88,4.46,0.36,0,None
2026-09-27T13:03:19.202838,3.42,8.07,34.3,5.21,0.21,0,None
2026-09-27T13:13:19.202838,3.37,7.91,34.62,4.34,0.55,0,None
2026-09-27T13:23:19.202838,2.19,8.05,34.64,4.57,0.69,0,None
2026-09-27T13:33:19.202838,3.39,7.9,34.16,4.67,0.46,0,None
2026-09-27T13:43:19.202838,2.21,7.86,34.7,4.87,0.73,0,None
2026-09-27T13:53:19.202838,2.91,7.9,34.07,5.39,0.11,0,None
2026-09-27T14:03:19.202838,3.15,7.99,34.13,4.9,0.69,0,None
2026-09-27T14:13:19.202838,2.76,8.0,34.25,4.69,0.96,0,None
2026-09-27T14:23:19.202838,2.52,8.02,34.63,5.59,0.46,0,None
2026-09-27T14:33:19.202838,3.0,7.84,34.63,4.33,0.4,0,None
2026-09-27T14:43:19.202838,3.47,8.08,34.12,4.14,0.94,0,None
2026-09-27T14:53:19.202838,2.44,7.9,34.69,5.07,0.59,0,None
2026-09-27T15:03:19.202838,2.89,8.09,34.73,5.33,0.81,0,None
2026-09-27T15:13:19.202838,2.77,7.89,34.89,5.88,0.5,0,None
2026-09-27T15:23:19.202838,3.01,7.93,34.64,5.91,0.93,0,None
2026-09-27T15:33:19.202838,3.17,7.87,34.34,5.03,0.9,0,None
2026-09-27T15:43:19.202838,3.54,7.81,34.22,4.65,0.29,0,None
2026-09-27T15:53:19.202838,2.66,7.88,34.49,4.49,0.39,0,None
2026-09-27T16:03:19.202838,2.77,7.89,34.36,4.53,0.6,0,None
2026-09-27T16:13:19.202838,9.95,8.09,34.5,5.26,0.31,1,Thermal Plume
2026-09-27T16:23:19.202838,3.28,8.03,34.6,5.74,0.35,0,None
2026-09-27T16:33:19.202838,3.28,7.83,34.55,4.11,0.69,0,None
2026-09-27T16:43:19.202838,2.57,7.87,34.62,5.9,0.9,0,None
2026-09-27T16:53:19.202838,2.51,8.05,34.97,5.65,0.22,0,None
2026-09-27T17:03:19.202838,3.56,6.64,34.27,1.59,8.47,1,Chemical Leak
2026-09-27T17:13:19.202838,3.03,7.88,34.53,4.88,0.34,0,None
2026-09-27T17:23:19.202838,2.27,8.07,34.08,5.56,0.5,0,None
2026-09-27T17:33:19.202838,3.39,7.89,34.06,4.17,0.57,0,None
2026-09-27T17:43:19.202838,2.76,8.06,34.24,4.24,0.55,0,None
2026-09-27T17:53:19.202838,3.32,7.84,34.18,4.01,0.3,0,None
2026-09-27T18:03:19.202838,3.97,8.05,34.33,5.57,0.31,0,None
2026-09-27T18:13:19.202838,2.27,7.96,34.39,5.96,0.19,0,None
2026-09-27T18:23:19.202838,3.86,7.99,34.14,4.93,0.94,0,None
2026-09-27T18:33:19.202838,2.11,8.06,34.26,4.87,0.61,0,None
2026-09-27T18:43:19.202838,3.37,7.92,34.61,4.93,0.92,0,None
2026-09-27T18:53:19.202838,3.76,8.09,34.74,5.25,0.66,0,None
2026-09-27T19:03:19.202838,3.01,8.01,34.61,4.57,0.85,0,None
2026-09-27T19:13:19.202838,4.0,8.04,34.68,4.11,0.32,0,None
2026-09-27T19:23:19.202838,2.33,7.89,34.87,5.99,0.92,0,None
2026-09-27T19:33:19.202838,2.82,6.03,34.0,2.68,10.41,1,Chemical Leak
2026-09-27T19:43:19.202838,2.61,8.06,34.21,5.08,0.27,0,None
2026-09-27T19:53:19.202838,2.32,7.9,34.18,5.22,0.19,0,None
2026-09-27T20:03:19.202838,2.95,8.03,34.42,5.97,0.6,0,None
2026-09-27T20:13:19.202838,2.07,7.82,34.89,4.22,0.59,0,None
2026-09-27T20:23:19.202838,2.52,6.9,34.66,1.31,8.25,1,Chemical Leak
2026-09-27T20:33:19.202838,3.47,7.98,34.74,4.16,0.69,0,None
2026-09-27T20:43:19.202838,3.29,8.08,34.58,5.8,0.24,0,None
2026-09-27T20:53:19.202838,2.05,7.91,34.94,4.03,0.25,0,None
2026-09-27T21:03:19.202838,2.16,7.83,34.46,5.33,0.37,0,None
2026-09-27T21:13:19.202838,3.26,8.07,34.61,4.69,0.63,0,None
2026-09-27T21:23:19.202838,3.95,7.84,34.62,4.36,0.99,0,None
2026-09-27T21:33:19.202838,2.24,8.05,34.7,4.96,0.29,0,None
2026-09-27T21:43:19.202838,3.8,7.92,34.88,5.24,0.22,0,None
2026-09-27T21:53:19.202838,2.05,8.02,34.33,4.47,0.85,0,None
2026-09-27T22:03:19.202838,3.4,8.05,34.08,5.38,0.18,0,None
2026-09-27T22:13:19.202838,3.78,7.82,34.41,5.95,0.9,0,None
2026-09-27T22:23:19.202838,3.59,7.86,34.9,5.46,0.16,0,None
2026-09-27T22:33:19.202838,2.72,7.86,34.36,4.45,0.31,0,None
2026-09-27T22:43:19.202838,3.11,7.84,34.45,5.82,0.57,0,None
2026-09-27T22:53:19.202838,2.61,6.01,34.54,1.24,5.26,1,Chemical Leak
2026-09-27T23:03:19.202838,3.75,7.95,34.22,5.85,0.32,0,None
2026-09-27T23:13:19.202838,2.85,7.97,34.1,5.35,0.26,0,None
2026-09-27T23:23:19.202838,3.13,7.93,34.77,5.82,0.24,0,None
2026-09-27T23:33:19.202838,3.4,7.81,34.74,4.7,0.67,0,None
2026-09-27T23:43:19.202838,3.56,8.0,34.19,5.11,0.77,0,None
2026-09-27T23:53:19.202838,2.76,8.02,34.98,5.62,0.71,0,None
2026-09-28T00:03:19.202838,3.72,7.98,34.75,5.16,0.2,0,None
2026-09-28T00:13:19.202838,2.11,7.97,34.87,5.52,0.44,0,None
2026-09-28T00:23:19.202838,3.48,7.92,34.53,5.18,0.47,0,None
2026-09-28T00:33:19.202838,3.53,8.1,34.85,4.37,0.77,0,None
2026-09-28T00:43:19.202838,2.33,8.04,34.89,5.54,0.31,0,None
2026-09-28T00:53:19.202838,3.86,7.95,34.54,4.78,0.35,0,None
2026-09-28T01:03:19.202838,2.94,7.98,34.84,5.0,0.62,0,None
2026-09-28T01:13:19.202838,2.68,7.94,34.17,5.53,0.94,0,None
2026-09-28T01:23:19.202838,3.56,7.97,34.63,4.93,0.48,0,None
2026-09-28T01:33:19.202838,3.02,7.92,34.23,5.04,0.5,0,None
2026-09-28T01:43:19.202838,3.09,7.96,34.34,5.14,0.6,0,None
2026-09-28T01:53:19.202838,3.09,7.89,34.95,5.43,0.67,0,None
2026-09-28T02:03:19.202838,2.47,8.08,34.23,4.23,0.79,0,None
2026-09-28T02:13:19.202838,3.17,8.01,34.05,5.03,0.45,0,None
2026-09-28T02:23:19.202838,3.1,7.91,34.8,5.07,0.49,0,None
2026-09-28T02:33:19.202838,2.99,7.93,34.96,4.27,0.62,0,None
2026-09-28T02:43:19.202838,2.2,8.1,34.28,5.53,0.23,0,None
2026-09-28T02:53:19.202838,3.56,6.17,34.52,1.64,5.45,1,Chemical Leak
2026-09-28T03:03:19.202838,2.03,7.93,34.18,4.66,0.6,0,None
2026-09-28T03:13:19.202838,2.75,8.02,34.3,5.85,0.32,0,None
2026-09-28T03:23:19.202838,3.49,6.54,34.67,1.02,5.06,1,Chemical Leak
2026-09-28T03:33:19.202838,3.65,7.96,34.99,4.48,0.92,0,None
2026-09-28T03:43:19.202838,3.38,7.91,34.2,4.59,0.77,0,None
2026-09-28T03:53:19.202838,3.89,8.1,34.99,5.67,0.37,0,None
2026-09-28T04:03:19.202838,3.42,7.97,34.08,5.38,0.67,0,None
2026-09-28T04:13:19.202838,2.51,7.82,34.29,5.47,0.87,0,None
2026-09-28T04:23:19.202838,3.73,7.85,34.77,5.06,0.78,0,None
2026-09-28T04:33:19.202838,3.17,8.08,34.71,5.7,0.16,0,None
2026-09-28T04:43:19.202838,3.13,8.05,34.91,5.75,0.55,0,None
2026-09-28T04:53:19.202838,3.75,8.05,34.8,4.96,0.78,0,None
2026-09-28T05:03:19.202838,2.58,7.84,34.62,5.99,0.91,0,None
2026-09-28T05:13:19.202838,3.5,7.94,34.11,5.33,0.39,0,None
2026-09-28T05:23:19.202838,2.47,7.9,34.41,5.12,0.97,0,None
2026-09-28T05:33:19.202838,3.1,7.81,34.82,4.69,0.84,0,None
2026-09-28T05:43:19.202838,2.72,7.97,34.03,5.36,0.42,0,None
2026-09-28T05:53:19.202838,2.82,7.99,34.08,4.08,0.96,0,None
2026-09-28T06:03:19.202838,2.37,8.04,34.47,4.65,0.17,0,None
2026-09-28T06:13:19.202838,3.41,7.91,34.53,5.4,0.67,0,None
2026-09-28T06:23:19.202838,2.46,7.96,34.64,5.97,0.17,0,None
2026-09-28T06:33:19.202838,2.82,7.99,34.7,4.32,0.73,0,None
2026-09-28T06:43:19.202838,3.3,7.95,34.61,5.49,0.9,0,None
2026-09-28T06:53:19.202838,3.4,7.91,34.24,5.17,0.12,0,None
2026-09-28T07:03:19.202838,2.09,8.09,34.66,4.75,0.52,0,None
2026-09-28T07:13:19.202838,2.88,7.96,34.72,4.84,0.51,0,None
2026-09-28T07:23:19.202838,2.74,8.1,34.14,4.14,0.29,0,None
2026-09-28T07:33:19.202838,2.48,8.03,34.06,4.28,0.76,0,None
2026-09-28T07:43:19.202838,3.88,8.07,34.17,4.14,0.51,0,None
2026-09-28T07:53:19.202838,2.17,8.07,34.44,4.29,0.84,0,None
2026-09-28T08:03:19.202838,3.29,7.85,34.81,4.32,0.32,0,None
2026-09-28T08:13:19.202838,2.02,7.89,34.56,4.52,0.94,0,None
2026-09-28T08:23:19.202838,3.92,8.05,34.49,5.48,0.41,0,None
2026-09-28T08:33:19.202838,3.86,7.98,34.04,5.37,0.69,0,None
2026-09-28T08:43:19.202838,3.39,8.07,34.56,4.21,0.42,0,None
2026-09-28T08:53:19.202838,3.63,7.99,34.77,4.54,0.99,0,None
2026-09-28T09:03:19.202838,2.63,7.95,34.99,4.4,0.19,0,None
2026-09-28T09:13:19.202838,3.04,7.87,34.7,5.47,0.61,0,None
2026-09-28T09:23:19.202838,3.6,7.83,34.46,4.38,0.23,0,None
2026-09-28T09:33:19.202838,2.66,7.85,34.86,5.95,0.84,0,None
2026-09-28T09:43:19.202838,2.39,7.98,34.13,4.76,0.86,0,None
2026-09-28T09:53:19.202838,2.74,7.99,34.69,4.48,0.53,0,None
2026-09-28T10:03:19.202838,2.17,7.9,34.46,4.02,0.83,0,None
2026-09-28T10:13:19.202838,2.48,7.83,34.23,4.95,0.52,0,None
2026-09-28T10:23:19.202838,2.17,7.98,34.08,4.18,0.27,0,None
2026-09-28T10:33:19.202838,2.56,7.98,34.87,4.66,0.85,0,None
2026-09-28T10:43:19.202838,3.5,8.08,34.16,4.98,0.94,0,None
2026-09-28T10:53:19.202838,3.05,8.02,34.03,4.82,0.91,0,None
2026-09-28T11:03:19.202838,2.53,8.06,34.16,5.48,0.96,0,None
2026-09-28T11:13:19.202838,2.71,8.03,34.19,5.07,0.59,0,None
2026-09-28T11:23:19.202838,2.2,7.83,34.81,4.19,0.76,0,None
2026-09-28T11:33:19.202838,3.63,8.06,34.44,5.26,0.63,0,None
2026-09-28T11:43:19.202838,3.58,7.98,34.17,5.44,0.71,0,None
2026-09-28T11:53:19.202838,2.96,8.09,34.13,5.51,0.68,0,None
2026-09-28T12:03:19.202838,3.07,8.08,34.81,5.62,0.94,0,None
2026-09-28T12:13:19.202838,3.37,7.85,34.68,4.18,0.31,0,None
2026-09-28T12:23:19.202838,2.53,7.98,34.68,5.64,0.5,0,None
2026-09-28T12:33:19.202838,2.76,8.04,34.27,4.71,0.6,0,None
2026-09-28T12:43:19.202838,2.38,7.95,34.9,4.58,1.0,0,None
2026-09-28T12:53:19.202838,3.41,7.88,34.46,5.42,0.63,0,None
2026-09-28T13:03:19.202838,2.46,7.94,34.23,4.89,0.19,0,None
2026-09-28T13:13:19.202838,2.57,7.99,34.25,5.67,0.47,0,None
2026-09-28T13:23:19.202838,3.18,7.98,34.98,5.83,0.63,0,None
2026-09-28T13:33:19.202838,2.85,7.19,34.98,2.46,8.07,1,Chemical Leak
2026-09-28T13:43:19.202838,3.1,7.84,34.45,5.4,0.28,0,None
2026-09-28T13:53:19.202838,2.18,7.97,34.94,5.48,0.32,0,None
2026-09-28T14:03:19.202838,2.02,8.02,34.7,4.32,0.73,0,None
2026-09-28T14:13:19.202838,2.4,8.05,34.35,4.4,0.95,0,None
2026-09-28T14:23:19.202838,2.24,8.05,34.44,4.09,0.54,0,None
2026-09-28T14:33:19.202838,2.83,7.86,34.8,5.45,0.24,0,None
2026-09-28T14:43:19.202838,2.37,8.06,34.64,5.44,0.48,0,None
2026-09-28T14:53:19.202838,2.71,7.93,34.89,4.12,0.6,0,None
2026-09-28T15:03:19.202838,3.27,7.8,34.11,4.8,0.3,0,None
2026-09-28T15:13:19.202838,2.21,8.06,34.25,5.53,0.41,0,None
2026-09-28T15:23:19.202838,3.85,8.02,34.02,5.14,0.86,0,None
2026-09-28T15:33:19.202838,3.24,7.95,34.16,5.29,0.27,0,None
2026-09-28T15:43:19.202838,3.26,7.96,34.76,5.82,0.7,0,None
2026-09-28T15:53:19.202838,3.12,7.98,34.65,4.39,0.81,0,None
2026-09-28T16:03:19.202838,3.47,7.87,34.86,5.11,0.59,0,None
2026-09-28T16:13:19.202838,3.53,7.97,34.05,4.73,0.93,0,None
2026-09-28T16:23:19.202838,2.53,7.82,34.32,4.17,0.41,0,None
2026-09-28T16:33:19.202838,9.76,8.1,35.0,5.78,0.72,1,Thermal Plume
2026-09-28T16:43:19.202838,3.16,7.84,34.62,5.05,0.62,0,None
2026-09-28T16:53:19.202838,3.2,7.91,34.27,4.12,0.68,0,None
2026-09-28T17:03:19.202838,2.04,7.95,34.48,4.93,0.29,0,None
2026-09-28T17:13:19.202838,2.7,7.87,34.6,4.03,0.52,0,None
2026-09-28T17:23:19.202838,3.96,7.93,34.79,5.59,0.74,0,None
2026-09-28T17:33:19.202838,3.85,7.89,34.74,5.68,0.56,0,None
2026-09-28T17:43:19.202838,3.09,8.05,34.23,4.18,0.23,0,None
2026-09-28T17:53:19.202838,3.61,8.09,34.05,4.92,0.29,0,None
2026-09-28T18:03:19.202838,3.23,7.9,34.33,4.17,0.53,0,None
2026-09-28T18:13:19.202838,3.61,7.85,34.83,4.22,0.2,0,None
2026-09-28T18:23:19.202838,10.59,7.84,34.82,4.77,0.23,1,Thermal Plume
2026-09-28T18:33:19.202838,2.78,8.08,34.34,4.25,0.54,0,None
2026-09-28T18:43:19.202838,3.98,7.96,34.01,4.37,0.53,0,None
2026-09-28T18:53:19.202838,3.88,7.87,34.22,5.31,0.58,0,None
2026-09-28T19:03:19.202838,3.63,7.91,34.56,5.98,0.23,0,None
2026-09-28T19:13:19.202838,2.28,8.07,34.38,5.76,0.78,0,None
2026-09-28T19:23:19.202838,3.55,7.89,34.36,4.92,0.56,0,None
2026-09-28T19:33:19.202838,3.68,7.99,34.57,4.25,0.11,0,None
2026-09-28T19:43:19.202838,2.55,7.96,34.66,4.13,0.83,0,None
2026-09-28T19:53:19.202838,2.87,8.01,34.68,5.04,0.46,0,None
2026-09-28T20:03:19.202838,3.76,7.95,34.06,5.5,0.51,0,None
2026-09-28T20:13:19.202838,2.44,8.07,34.83,4.15,0.45,0,None
2026-09-28T20:23:19.202838,3.08,7.94,34.02,5.84,0.62,0,None
2026-09-28T20:33:19.202838,2.78,7.95,34.26,4.35,0.95,0,None
2026-09-28T20:43:19.202838,3.55,7.9,34.22,5.97,0.97,0,None
2026-09-28T20:53:19.202838,2.47,7.93,34.86,5.85,0.64,0,None
2026-09-28T21:03:19.202838,3.55,6.45,34.68,1.28,12.15,1,Chemical Leak
2026-09-28T21:13:19.202838,2.73,7.96,34.03,4.13,0.28,0,None
2026-09-28T21:23:19.202838,2.73,7.86,34.1,5.26,0.88,0,None
2026-09-28T21:33:19.202838,2.17,7.82,34.65,4.21,0.78,0,None
2026-09-28T21:43:19.202838,3.08,7.89,34.89,4.75,0.67,0,None
2026-09-28T21:53:19.202838,2.49,7.87,34.72,4.23,0.66,0,None
2026-09-28T22:03:19.202838,2.43,8.02,34.79,5.72,0.39,0,None
2026-09-28T22:13:19.202838,3.94,7.82,34.06,5.39,0.9,0,None
2026-09-28T22:23:19.202838,2.46,8.09,34.68,4.63,0.39,0,None
2026-09-28T22:33:19.202838,2.11,7.82,34.44,4.99,0.43,0,None
2026-09-28T22:43:19.202838,3.32,7.8,34.9,4.72,0.85,0,None
2026-09-28T22:53:19.202838,2.09,7.84,34.96,5.05,0.15,0,None
2026-09-28T23:03:19.202838,3.13,7.88,34.46,5.72,0.91,0,None
2026-09-28T23:13:19.202838,3.94,7.83,34.22,4.8,0.14,0,None
2026-09-28T23:23:19.202838,3.14,7.95,34.09,5.63,0.39,0,None
2026-09-28T23:33:19.202838,3.71,8.01,34.49,5.95,0.75,0,None
2026-09-28T23:43:19.202838,3.01,7.95,34.55,4.47,0.28,0,None
2026-09-28T23:53:19.202838,3.02,7.89,34.51,4.18,0.11,0,None
2026-09-29T00:03:19.202838,3.0,7.99,34.43,4.63,0.4,0,None
2026-09-29T00:13:19.202838,2.66,7.84,34.46,5.02,0.13,0,None
2026-09-29T00:23:19.202838,3.25,8.09,34.15,4.8,0.24,0,None
2026-09-29T00:33:19.202838,2.99,8.01,34.56,5.4,0.42,0,None
2026-09-29T00:43:19.202838,2.94,8.06,34.18,6.0,0.7,0,None
2026-09-29T00:53:19.202838,2.41,7.82,34.86,4.58,0.93,0,None
2026-09-29T01:03:19.202838,3.14,8.05,34.12,5.78,0.71,0,None
2026-09-29T01:13:19.202838,3.25,8.06,34.6,4.77,0.64,0,None
2026-09-29T01:23:19.202838,2.15,8.1,34.45,5.31,0.73,0,None
2026-09-29T01:33:19.202838,2.61,7.99,34.27,4.73,0.81,0,None
2026-09-29T01:43:19.202838,2.34,7.96,34.71,5.91,0.29,0,None
2026-09-29T01:53:19.202838,3.1,7.99,34.84,5.41,0.11,0,None
2026-09-29T02:03:19.202838,3.34,7.81,34.3,5.54,0.11,0,None
2026-09-29T02:13:19.202838,2.19,8.04,34.56,4.61,0.51,0,None
2026-09-29T02:23:19.202838,3.27,8.08,34.98,5.43,0.41,0,None
2026-09-29T02:33:19.202838,3.69,7.97,34.19,4.77,0.11,0,None
2026-09-29T02:43:19.202838,3.54,8.02,34.01,4.9,0.2,0,None
2026-09-29T02:53:19.202838,3.82,7.82,34.46,4.71,0.56,0,None
2026-09-29T03:03:19.202838,3.22,6.54,34.31,2.2,5.01,1,Chemical Leak
2026-09-29T03:13:19.202838,3.5,7.98,34.84,5.69,0.61,0,None
2026-09-29T03:23:19.202838,3.03,8.06,34.53,5.1,0.76,0,None
2026-09-29T03:33:19.202838,2.7,8.01,34.69,4.85,0.17,0,None
2026-09-29T03:43:19.202838,3.39,8.08,34.65,5.37,0.83,0,None
2026-09-29T03:53:19.202838,2.05,7.82,34.95,4.42,0.11,0,None
2026-09-29T04:03:19.202838,2.33,7.84,34.0,5.98,0.92,0,None
2026-09-29T04:13:19.202838,3.4,7.83,34.22,4.87,0.29,0,None
2026-09-29T04:23:19.202838,3.36,7.8,34.09,5.95,0.78,0,None
2026-09-29T04:33:19.202838,3.25,7.99,34.28,5.1,0.18,0,None
2026-09-29T04:43:19.202838,3.95,7.81,34.33,5.85,0.86,0,None
2026-09-29T04:53:19.202838,2.97,7.81,34.32,5.55,0.25,0,None
2026-09-29T05:03:19.202838,3.82,7.82,34.13,4.69,0.53,0,None
2026-09-29T05:13:19.202838,3.66,7.94,34.17,4.39,0.34,0,None
2026-09-29T05:23:19.202838,2.2,8.02,34.33,4.89,0.8,0,None
2026-09-29T05:33:19.202838,2.08,8.04,34.05,5.4,0.5,0,None
2026-09-29T05:43:19.202838,3.91,7.87,34.93,5.96,0.56,0,None
2026-09-29T05:53:19.202838,2.09,8.03,34.73,5.61,1.0,0,None
2026-09-29T06:03:19.202838,2.79,7.01,34.92,1.09,9.25,1,Chemical Leak
2026-09-29T06:13:19.202838,3.69,7.9,34.76,4.08,0.83,0,None
2026-09-29T06:23:19.202838,2.27,7.95,34.11,5.99,0.36,0,None
2026-09-29T06:33:19.202838,3.25,8.02,34.17,5.77,0.16,0,None
2026-09-29T06:43:19.202838,3.66,7.91,34.79,4.34,0.78,0,None
2026-09-29T06:53:19.202838,2.36,8.07,34.17,4.62,0.65,0,None
2026-09-29T07:03:19.202838,2.34,7.86,34.88,5.54,0.78,0,None
2026-09-29T07:13:19.202838,2.61,8.06,34.13,4.93,0.99,0,None
2026-09-29T07:23:19.202838,3.65,7.95,34.85,5.55,0.27,0,None
2026-09-29T07:33:19.202838,3.53,8.06,34.76,5.34,0.53,0,None
2026-09-29T07:43:19.202838,3.55,7.9,34.94,4.82,0.92,0,None
2026-09-29T07:53:19.202838,2.03,7.88,34.07,4.86,0.64,0,None
2026-09-29T08:03:19.202838,2.34,8.01,34.91,4.52,0.18,0,None
2026-09-29T08:13:19.202838,3.23,7.82,34.19,5.83,0.69,0,None
2026-09-29T08:23:19.202838,2.53,7.81,34.37,4.46,0.12,0,None
2026-09-29T08:33:19.202838,2.9,7.86,34.84,5.53,0.96,0,None
2026-09-29T08:43:19.202838,2.84,7.9,34.38,4.14,0.3,0,None
2026-09-29T08:53:19.202838,2.66,8.1,34.26,4.58,0.46,0,None
2026-09-29T09:03:19.202838,2.95,7.83,34.27,4.82,0.39,0,None
2026-09-29T09:13:19.202838,3.99,7.87,34.65,4.67,0.93,0,None
2026-09-29T09:23:19.202838,2.35,7.81,34.44,4.21,0.18,0,None
2026-09-29T09:33:19.202838,2.62,6.36,34.75,2.77,8.56,1,Chemical Leak
2026-09-29T09:43:19.202838,3.37,7.96,34.21,4.21,0.65,0,None
2026-09-29T09:53:19.202838,2.4,8.0,34.22,5.41,0.87,0,None
2026-09-29T10:03:19.202838,2.42,7.88,34.37,5.26,0.75,0,None
2026-09-29T10:13:19.202838,2.52,8.02,34.88,5.9,0.31,0,None
2026-09-29T10:23:19.202838,2.97,7.84,34.57,4.61,0.93,0,None
2026-09-29T10:33:19.202838,3.42,8.1,34.75,5.62,0.65,0,None
2026-09-29T10:43:19.202838,2.84,8.04,34.78,5.24,0.36,0,None
2026-09-29T10:53:19.202838,2.32,7.98,34.82,4.31,0.76,0,None
2026-09-29T11:03:19.202838,2.08,7.87,34.47,4.46,0.89,0,None
2026-09-29T11:13:19.202838,3.58,7.97,34.16,4.03,0.96,0,None
2026-09-29T11:23:19.202838,2.92,7.93,34.43,5.59,0.25,0,None
2026-09-29T11:33:19.202838,3.54,8.02,34.84,5.23,0.5,0,None
2026-09-29T11:43:19.202838,2.97,8.02,34.07,5.86,0.76,0,None
2026-09-29T11:53:19.202838,3.42,7.82,34.78,5.58,0.81,0,None
2026-09-29T12:03:19.202838,3.18,8.09,34.23,4.04,0.87,0,None
2026-09-29T12:13:19.202838,3.25,7.86,34.61,4.42,0.96,0,None
2026-09-29T12:23:19.202838,2.33,7.85,34.46,5.89,0.34,0,None
2026-09-29T12:33:19.202838,2.01,8.04,34.2,4.97,0.64,0,None
2026-09-29T12:43:19.202838,3.78,8.09,34.3,4.43,0.48,0,None
2026-09-29T12:53:19.202838,3.89,7.85,34.77,4.28,0.67,0,None
2026-09-29T13:03:19.202838,2.8,7.82,34.83,5.22,0.93,0,None
2026-09-29T13:13:19.202838,2.61,7.97,34.64,5.63,0.93,0,None
2026-09-29T13:23:19.202838,2.99,7.93,34.41,5.35,0.3,0,None
2026-09-29T13:33:19.202838,2.23,8.0,34.18,4.01,0.34,0,None
2026-09-29T13:43:19.202838,14.79,7.89,34.52,5.72,0.28,1,Thermal Plume
2026-09-29T13:53:19.202838,3.06,6.7,34.15,1.04,5.43,1,Chemical Leak
2026-09-29T14:03:19.202838,2.1,8.03,34.76,4.85,0.11,0,None
2026-09-29T14:13:19.202838,2.45,7.84,34.77,5.76,0.82,0,None
2026-09-29T14:23:19.202838,2.68,8.09,34.82,5.96,0.7,0,None
2026-09-29T14:33:19.202838,11.77,8.03,34.62,5.02,0.73,1,Thermal Plume
2026-09-29T14:43:19.202838,2.73,7.89,34.25,4.42,0.61,0,None
2026-09-29T14:53:19.202838,2.8,7.83,34.36,4.87,0.3,0,None
2026-09-29T15:03:19.202838,2.95,8.0,34.37,4.11,0.34,0,None
2026-09-29T15:13:19.202838,2.29,8.09,34.79,4.41,0.92,0,None
2026-09-29T15:23:19.202838,2.63,7.94,34.52,5.9,0.58,0,None
2026-09-29T15:33:19.202838,2.61,7.88,34.71,4.11,0.53,0,None
2026-09-29T15:43:19.202838,2.15,7.93,34.29,4.16,0.71,0,None
2026-09-29T15:53:19.202838,2.93,7.83,34.69,4.02,0.28,0,None
2026-09-29T16:03:19.202838,3.26,7.95,34.34,4.69,0.29,0,None
2026-09-29T16:13:19.202838,2.03,7.94,34.68,4.81,0.52,0,None
2026-09-29T16:23:19.202838,2.6,7.87,34.99,5.94,0.17,0,None
2026-09-29T16:33:19.202838,2.76,8.01,34.14,5.22,0.6,0,None
2026-09-29T16:43:19.202838,3.59,8.07,34.44,5.32,0.24,0,None
2026-09-29T16:53:19.202838,3.62,8.05,34.33,5.81,0.66,0,None
2026-09-29T17:03:19.202838,3.82,7.87,34.84,5.91,0.62,0,None
2026-09-29T17:13:19.202838,3.97,7.93,34.59,4.82,0.26,0,None
2026-09-29T17:23:19.202838,2.84,8.05,34.99,5.35,0.52,0,None
2026-09-29T17:33:19.202838,12.54,7.8,34.58,4.94,0.83,1,Thermal Plume
2026-09-29T17:43:19.202838,3.06,7.83,34.42,5.17,0.69,0,None
2026-09-29T17:53:19.202838,2.85,7.89,34.9,4.65,0.45,0,None
2026-09-29T18:03:19.202838,2.03,7.86,34.34,5.11,0.13,0,None
2026-09-29T18:13:19.202838,3.06,8.03,34.23,5.53,0.65,0,None
2026-09-29T18:23:19.202838,3.99,8.01,34.41,4.93,0.72,0,None
2026-09-29T18:33:19.202838,3.42,8.03,34.71,4.31,0.54,0,None
2026-09-29T18:43:19.202838,2.29,7.98,34.49,4.41,0.26,0,None
2026-09-29T18:53:19.202838,3.97,7.88,34.91,5.11,0.44,0,None
2026-09-29T19:03:19.202838,2.53,8.07,34.95,5.15,0.98,0,None
2026-09-29T19:13:19.202838,3.34,7.94,34.53,5.74,0.28,0,None
2026-09-29T19:23:19.202838,2.27,7.93,34.75,4.37,0.89,0,None
2026-09-29T19:33:19.202838,3.34,8.03,34.29,4.16,0.98,0,None
2026-09-29T19:43:19.202838,2.2,7.87,34.8,4.85,0.11,0,None
2026-09-29T19:53:19.202838,2.18,7.98,35.0,5.19,0.68,0,None
2026-09-29T20:03:19.202838,3.44,8.02,34.75,4.23,0.56,0,None
2026-09-29T20:13:19.202838,2.19,7.88,34.98,5.82,0.76,0,None
2026-09-29T20:23:19.202838,2.72,7.95,34.03,4.4,0.46,0,None
2026-09-29T20:33:19.202838,2.51,8.01,34.26,5.66,0.19,0,None
2026-09-29T20:43:19.202838,2.54,7.84,34.32,5.21,0.27,0,None
2026-09-29T20:53:19.202838,8.44,7.95,34.08,4.66,0.95,1,Thermal Plume
2026-09-29T21:03:19.202838,2.26,8.09,34.95,5.93,0.32,0,None
2026-09-29T21:13:19.202838,2.46,7.87,34.7,5.92,0.12,0,None
2026-09-29T21:23:19.202838,3.91,8.01,34.04,4.99,0.67,0,None
2026-09-29T21:33:19.202838,3.84,7.91,34.79,4.07,0.97,0,None
2026-09-29T21:43:19.202838,3.17,8.09,34.92,4.21,0.1,0,None
2026-09-29T21:53:19.202838,3.36,8.06,34.18,5.43,0.71,0,None
2026-09-29T22:03:19.202838,3.02,7.83,34.85,5.57,0.71,0,None
2026-09-29T22:13:19.202838,2.73,7.83,34.18,5.41,0.71,0,None
2026-09-29T22:23:19.202838,9.76,7.87,34.04,5.25,0.56,1,Thermal Plume
2026-09-29T22:33:19.202838,2.86,7.87,34.03,5.7,0.68,0,None
2026-09-29T22:43:19.202838,2.28,7.88,34.14,4.69,0.38,0,None
2026-09-29T22:53:19.202838,2.97,7.9,34.88,5.5,0.56,0,None
2026-09-29T23:03:19.202838,3.47,8.03,34.7,4.03,0.66,0,None
2026-09-29T23:13:19.202838,3.25,7.85,34.87,4.58,0.43,0,None
2026-09-29T23:23:19.202838,3.09,7.89,34.64,5.66,0.1,0,None
2026-09-29T23:33:19.202838,2.93,7.97,34.14,5.85,0.83,0,None
2026-09-29T23:43:19.202838,2.59,7.88,34.98,4.72,0.89,0,None
2026-09-29T23:53:19.202838,3.62,8.01,34.9,4.71,0.69,0,None
2026-09-30T00:03:19.202838,3.85,7.95,34.81,5.85,0.49,0,None
2026-09-30T00:13:19.202838,3.02,8.0,34.86,5.43,0.29,0,None
2026-09-30T00:23:19.202838,2.61,7.89,34.66,4.31,0.66,0,None
2026-09-30T00:33:19.202838,2.42,8.01,34.6,4.18,0.43,0,None
2026-09-30T00:43:19.202838,3.77,8.03,34.52,5.58,0.66,0,None
2026-09-30T00:53:19.202838,3.51,8.03,34.44,5.71,0.13,0,None
2026-09-30T01:03:19.202838,2.49,8.05,34.07,5.21,0.39,0,None
2026-09-30T01:13:19.202838,3.53,7.93,34.42,4.78,0.2,0,None
2026-09-30T01:23:19.202838,3.64,8.0,34.21,4.8,0.4,0,None
2026-09-30T01:33:19.202838,2.32,8.02,34.67,5.88,0.98,0,None
2026-09-30T01:43:19.202838,3.68,7.95,34.23,4.34,0.28,0,None
2026-09-30T01:53:19.202838,3.44,7.93,34.03,4.5,0.8,0,None
2026-09-30T02:03:19.202838,2.51,7.95,34.57,5.3,0.35,0,None
2026-09-30T02:13:19.202838,3.04,7.84,34.82,4.67,0.78,0,None
2026-09-30T02:23:19.202838,3.91,8.01,34.72,5.17,0.27,0,None
2026-09-30T02:33:19.202838,2.28,8.05,34.75,5.6,0.34,0,None
2026-09-30T02:43:19.202838,3.51,8.09,34.19,4.23,0.82,0,None
2026-09-30T02:53:19.202838,3.75,7.91,34.96,4.54,0.91,0,None
2026-09-30T03:03:19.202838,3.14,7.85,34.05,5.09,0.48,0,None
2026-09-30T03:13:19.202838,2.83,8.06,34.49,4.9,0.69,0,None
2026-09-30T03:23:19.202838,2.6,7.9,34.67,5.13,0.83,0,None
2026-09-30T03:33:19.202838,2.98,7.84,34.77,4.17,0.75,0,None
2026-09-30T03:43:19.202838,2.04,8.08,34.76,5.16,0.25,0,None
2026-09-30T03:53:19.202838,2.07,8.05,34.43,4.6,0.64,0,None
2026-09-30T04:03:19.202838,3.28,7.84,34.75,5.49,0.35,0,None
2026-09-30T04:13:19.202838,3.68,8.04,34.85,4.95,0.21,0,None
2026-09-30T04:23:19.202838,2.83,8.02,34.91,4.83,0.27,0,None
2026-09-30T04:33:19.202838,12.04,7.86,34.43,5.08,0.8,1,Thermal Plume
2026-09-30T04:43:19.202838,3.69,7.95,34.9,5.0,0.57,0,None
2026-09-30T04:53:19.202838,3.09,8.03,34.44,4.71,0.9,0,None
2026-09-30T05:03:19.202838,3.49,8.08,34.87,5.27,0.41,0,None
2026-09-30T05:13:19.202838,3.59,7.9,34.92,5.46,0.56,0,None
2026-09-30T05:23:19.202838,2.0,8.05,34.38,5.44,0.76,0,None
2026-09-30T05:33:19.202838,2.05,7.94,34.45,5.73,0.31,0,None
2026-09-30T05:43:19.202838,3.23,8.09,34.88,4.27,0.4,0,None
2026-09-30T05:53:19.202838,3.41,8.09,34.46,4.68,0.1,0,None
2026-09-30T06:03:19.202838,2.41,8.04,34.1,4.15,0.52,0,None
2026-09-30T06:13:19.202838,3.92,8.02,34.29,4.98,0.45,0,None
2026-09-30T06:23:19.202838,2.51,7.89,34.05,4.36,0.11,0,None
2026-09-30T06:33:19.202838,3.5,7.99,34.16,5.41,0.22,0,None
2026-09-30T06:43:19.202838,3.1,7.95,34.33,5.41,0.28,0,None
2026-09-30T06:53:19.202838,2.68,7.96,34.25,5.42,0.17,0,None
2026-09-30T07:03:19.202838,2.75,7.97,34.26,5.96,0.88,0,None
2026-09-30T07:13:19.202838,3.06,8.05,34.84,4.83,0.16,0,None
2026-09-30T07:23:19.202838,2.49,8.05,34.37,4.58,0.47,0,None
2026-09-30T07:33:19.202838,2.96,7.96,34.99,5.96,0.66,0,None
2026-09-30T07:43:19.202838,2.24,8.04,34.79,5.33,0.47,0,None
2026-09-30T07:53:19.202838,3.26,7.88,34.29,5.34,0.48,0,None
2026-09-30T08:03:19.202838,3.1,7.98,34.54,4.29,0.44,0,None
2026-09-30T08:13:19.202838,3.5,8.06,34.43,5.91,0.94,0,None
2026-09-30T08:23:19.202838,2.36,7.87,34.73,4.72,0.12,0,None
2026-09-30T08:33:19.202838,3.52,8.09,34.93,5.8,0.38,0,None
2026-09-30T08:43:19.202838,3.14,7.91,34.86,4.78,0.88,0,None
2026-09-30T08:53:19.202838,2.6,7.98,34.61,5.28,0.8,0,None
2026-09-30T09:03:19.202838,2.92,8.05,34.31,4.51,0.67,0,None
2026-09-30T09:13:19.202838,2.73,7.84,34.86,5.62,0.92,0,None
2026-09-30T09:23:19.202838,3.86,8.1,34.27,4.61,0.54,0,None
2026-09-30T09:33:19.202838,3.35,7.99,34.01,5.97,0.55,0,None
2026-09-30T09:43:19.202838,3.77,7.91,34.55,4.33,0.25,0,None
2026-09-30T09:53:19.202838,3.1,7.84,34.1,5.87,0.51,0,None
2026-09-30T10:03:19.202838,3.59,7.88,34.51,4.37,0.66,0,None
2026-09-30T10:13:19.202838,3.95,7.94,34.53,4.99,0.17,0,None
2026-09-30T10:23:19.202838,3.89,8.04,34.94,5.04,0.25,0,None
2026-09-30T10:33:19.202838,3.47,7.8,34.31,4.99,0.75,0,None
2026-09-30T10:43:19.202838,3.46,7.87,34.49,5.19,0.88,0,None
2026-09-30T10:53:19.202838,2.72,7.92,34.62,4.27,0.39,0,None
2026-09-30T11:03:19.202838,2.85,8.03,34.86,4.03,0.51,0,None
2026-09-30T11:13:19.202838,2.68,7.84,34.14,4.75,0.32,0,None
2026-09-30T11:23:19.202838,2.88,7.94,34.13,4.95,0.68,0,None
2026-09-30T11:33:19.202838,3.39,8.01,34.22,4.3,0.95,0,None
2026-09-30T11:43:19.202838,3.75,6.55,34.14,1.15,12.12,1,Chemical Leak
2026-09-30T11:53:19.202838,10.33,7.88,34.83,5.36,0.82,1,Thermal Plume
2026-09-30T12:03:19.202838,3.94,7.9,34.07,4.1,0.9,0,None
2026-09-30T12:13:19.202838,2.06,7.99,34.32,5.16,0.76,0,None
2026-09-30T12:23:19.202838,2.08,8.06,34.25,5.31,0.18,0,None
2026-09-30T12:33:19.202838,3.29,8.04,34.16,4.08,0.43,0,None
2026-09-30T12:43:19.202838,3.2,7.84,34.42,4.39,0.15,0,None
2026-09-30T12:53:19.202838,3.12,7.89,34.37,4.58,0.4,0,None
2026-09-30T13:03:19.202838,2.07,7.87,34.75,5.91,0.31,0,None
2026-09-30T13:13:19.202838,3.86,8.09,34.12,5.7,0.96,0,None
2026-09-30T13:23:19.202838,3.03,7.96,34.13,4.16,0.85,0,None
2026-09-30T13:33:19.202838,3.95,8.07,34.89,5.57,0.42,0,None
2026-09-30T13:43:19.202838,2.57,8.07,34.55,5.76,0.84,0,None
2026-09-30T13:53:19.202838,3.13,8.04,34.61,4.79,0.11,0,None
2026-09-30T14:03:19.202838,2.31,8.06,34.21,5.34,0.54,0,None
2026-09-30T14:13:19.202838,2.82,7.89,34.26,4.88,0.57,0,None
2026-09-30T14:23:19.202838,3.78,8.01,34.82,5.75,0.53,0,None
2026-09-30T14:33:19.202838,3.78,7.81,34.21,5.76,0.39,0,None
2026-09-30T14:43:19.202838,2.36,7.8,34.19,4.75,0.73,0,None
2026-09-30T14:53:19.202838,3.15,7.96,34.34,4.15,0.16,0,None
2026-09-30T15:03:19.202838,3.63,7.95,34.57,5.51,0.75,0,None
2026-09-30T15:13:19.202838,2.06,7.97,34.66,4.47,0.93,0,None
2026-09-30T15:23:19.202838,3.92,8.08,34.73,5.31,0.86,0,None
2026-09-30T15:33:19.202838,3.35,8.09,34.08,5.47,0.74,0,None
2026-09-30T15:43:19.202838,3.25,7.84,34.82,5.17,0.29,0,None
2026-09-30T15:53:19.202838,3.54,8.05,34.88,4.74,0.78,0,None
2026-09-30T16:03:19.202838,3.95,7.85,34.5,5.45,0.79,0,None
2026-09-30T16:13:19.202838,2.13,7.89,34.78,5.3,0.34,0,None
2026-09-30T16:23:19.202838,2.89,7.91,34.32,5.29,0.67,0,None
2026-09-30T16:33:19.202838,3.39,8.04,34.93,4.36,0.28,0,None
2026-09-30T16:43:19.202838,2.67,8.09,34.65,5.77,0.44,0,None
2026-09-30T16:53:19.202838,3.16,6.31,34.68,1.61,9.16,1,Chemical Leak
2026-09-30T17:03:19.202838,3.8,7.83,34.5,4.89,0.25,0,None
2026-09-30T17:13:19.202838,3.55,8.01,34.72,5.67,0.45,0,None
2026-09-30T17:23:19.202838,3.08,7.97,34.56,4.65,0.56,0,None
2026-09-30T17:33:19.202838,2.36,7.85,34.01,5.27,0.41,0,None
2026-09-30T17:43:19.202838,2.26,8.0,34.66,4.72,0.74,0,None
2026-09-30T17:53:19.202838,2.37,7.92,34.22,4.11,0.45,0,None
2026-09-30T18:03:19.202838,2.9,8.07,34.22,5.33,0.2,0,None
2026-09-30T18:13:19.202838,2.96,7.86,34.19,4.28,0.13,0,None
2026-09-30T18:23:19.202838,3.01,8.05,34.99,4.15,0.37,0,None
2026-09-30T18:33:19.202838,3.88,6.5,34.66,2.55,11.62,1,Chemical Leak
2026-09-30T18:43:19.202838,2.21,8.06,34.07,4.69,0.31,0,None
2026-09-30T18:53:19.202838,2.95,8.06,34.2,5.15,0.86,0,None
2026-09-30T19:03:19.202838,3.36,7.84,34.95,5.25,0.34,0,None
2026-09-30T19:13:19.202838,2.26,7.99,34.98,4.87,0.2,0,None
2026-09-30T19:23:19.202838,4.0,7.9,34.93,4.16,0.62,0,None
2026-09-30T19:33:19.202838,3.63,7.81,34.96,4.99,0.52,0,None
2026-09-30T19:43:19.202838,2.38,7.81,34.68,5.73,0.37,0,None
2026-09-30T19:53:19.202838,2.6,7.98,34.83,5.05,0.94,0,None
2026-09-30T20:03:19.202838,3.47,7.8,34.93,4.78,0.22,0,None
2026-09-30T20:13:19.202838,2.32,7.9,34.43,5.33,0.93,0,None
2026-09-30T20:23:19.202838,3.51,8.08,34.37,4.38,0.96,0,None
2026-09-30T20:33:19.202838,2.28,8.07,34.04,5.46,0.29,0,None
2026-09-30T20:43:19.202838,3.82,7.89,34.27,5.19,0.89,0,None
2026-09-30T20:53:19.202838,2.95,7.81,34.79,5.5,0.34,0,None
2026-09-30T21:03:19.202838,3.33,8.03,34.75,5.28,0.77,0,None
2026-09-30T21:13:19.202838,2.34,8.0,34.49,4.34,0.56,0,None
2026-09-30T21:23:19.202838,2.13,8.07,34.1,5.96,0.66,0,None
2026-09-30T21:33:19.202838,3.96,8.03,34.82,5.99,0.65,0,None
2026-09-30T21:43:19.202838,3.87,7.91,34.28,4.81,0.64,0,None
2026-09-30T21:53:19.202838,2.93,7.88,34.52,5.79,0.9,0,None
2026-09-30T22:03:19.202838,2.38,8.03,34.22,5.7,0.41,0,None
2026-09-30T22:13:19.202838,2.66,8.02,34.43,4.16,0.35,0,None
2026-09-30T22:23:19.202838,2.64,7.95,34.17,4.72,0.39,0,None
2026-09-30T22:33:19.202838,2.54,7.83,34.32,4.87,0.98,0,None
2026-09-30T22:43:19.202838,3.09,7.97,34.19,5.05,0.1,0,None
2026-09-30T22:53:19.202838,2.9,7.86,34.56,5.19,0.34,0,None
2026-09-30T23:03:19.202838,2.98,7.96,34.61,4.39,0.48,0,None
2026-09-30T23:13:19.202838,2.47,7.88,34.48,4.54,0.8,0,None
2026-09-30T23:23:19.202838,3.1,8.05,34.99,4.1,0.57,0,None
2026-09-30T23:33:19.202838,2.36,7.92,34.77,4.16,0.12,0,None
2026-09-30T23:43:19.202838,3.55,7.8,34.01,4.81,0.92,0,None
2026-09-30T23:53:19.202838,3.22,8.05,34.04,4.11,0.52,0,None
2026-10-01T00:03:19.202838,3.0,8.04,34.95,4.23,0.17,0,None
2026-10-01T00:13:19.202838,13.51,7.94,34.66,5.08,0.3,1,Thermal Plume
2026-10-01T00:23:19.202838,3.44,7.91,34.27,5.82,0.19,0,None
2026-10-01T00:33:19.202838,2.64,7.94,34.11,4.49,0.12,0,None
2026-10-01T00:43:19.202838,2.97,7.85,34.96,5.78,0.81,0,None
2026-10-01T00:53:19.202838,2.43,7.96,34.26,4.23,0.64,0,None
2026-10-01T01:03:19.202838,2.0,7.94,34.22,4.95,0.7,0,None
2026-10-01T01:13:19.202838,3.31,8.04,34.21,4.24,0.22,0,None
2026-10-01T01:23:19.202838,14.44,8.03,34.78,4.5,0.96,1,Thermal Plume
2026-10-01T01:33:19.202838,3.62,8.03,34.97,4.45,0.51,0,None
2026-10-01T01:43:19.202838,2.84,7.95,34.72,5.34,0.45,0,None
2026-10-01T01:53:19.202838,3.12,7.88,34.41,5.9,0.85,0,None
2026-10-01T02:03:19.202838,3.32,7.93,34.63,4.24,0.21,0,None
2026-10-01T02:13:19.202838,3.72,7.99,34.65,5.93,0.32,0,None
2026-10-01T02:23:19.202838,3.59,7.86,34.93,4.56,0.35,0,None
2026-10-01T02:33:19.202838,3.23,7.98,34.07,5.78,0.19,0,None
2026-10-01T02:43:19.202838,3.28,7.82,34.6,5.85,0.51,0,None
2026-10-01T02:53:19.202838,3.89,8.0,34.29,5.33,0.52,0,None
2026-10-01T03:03:19.202838,3.9,7.91,34.1,4.05,0.42,0,None
2026-10-01T03:13:19.202838,3.31,7.93,34.77,4.36,0.14,0,None
2026-10-01T03:23:19.202838,2.71,7.93,34.76,5.97,0.53,0,None
2026-10-01T03:33:19.202838,3.49,7.93,34.59,4.18,0.69,0,None
2026-10-01T03:43:19.202838,3.85,8.1,34.7,4.67,0.88,0,None
2026-10-01T03:53:19.202838,3.56,8.04,34.23,5.15,0.96,0,None
2026-10-01T04:03:19.202838,2.74,7.93,34.54,4.13,0.53,0,None
2026-10-01T04:13:19.202838,3.52,8.03,34.98,4.21,0.52,0,None
2026-10-01T04:23:19.202838,11.4,7.96,34.35,5.09,0.37,1,Thermal Plume
2026-10-01T04:33:19.202838,2.42,8.01,34.73,4.44,0.62,0,None
2026-10-01T04:43:19.202838,2.28,7.9,34.16,5.76,0.94,0,None
2026-10-01T04:53:19.202838,3.69,8.07,34.59,5.58,0.2,0,None
2026-10-01T05:03:19.202838,3.08,8.01,34.42,5.08,0.64,0,None
2026-10-01T05:13:19.202838,2.65,8.01,34.01,4.57,0.46,0,None
2026-10-01T05:23:19.202838,3.12,7.87,34.56,4.32,0.96,0,None
2026-10-01T05:33:19.202838,3.5,8.01,34.31,4.96,0.14,0,None
2026-10-01T05:43:19.202838,2.19,7.96,34.13,5.64,0.99,0,None
2026-10-01T05:53:19.202838,3.53,7.92,34.57,5.26,0.72,0,None
2026-10-01T06:03:19.202838,3.05,6.84,34.15,2.72,11.82,1,Chemical Leak
2026-10-01T06:13:19.202838,3.23,7.9,34.81,5.01,0.83,0,None
2026-10-01T06:23:19.202838,3.78,8.01,34.91,4.6,0.2,0,None
2026-10-01T06:33:19.202838,3.64,7.86,34.97,4.74,0.51,0,None
2026-10-01T06:43:19.202838,3.16,7.8,34.93,5.37,0.11,0,None
2026-10-01T06:53:19.202838,2.56,7.97,34.03,4.92,0.84,0,None
2026-10-01T07:03:19.202838,3.74,7.94,34.71,5.94,0.36,0,None
2026-10-01T07:13:19.202838,2.84,7.84,34.22,5.65,0.19,0,None
2026-10-01T07:23:19.202838,3.22,8.08,34.42,5.22,0.38,0,None
2026-10-01T07:33:19.202838,2.18,8.04,34.18,5.94,0.11,0,None
2026-10-01T07:43:19.202838,3.48,7.81,34.42,5.13,0.57,0,None
2026-10-01T07:53:19.202838,2.63,7.96,34.96,5.1,0.82,0,None
2026-10-01T08:03:19.202838,2.3,7.92,34.15,5.02,0.15,0,None
2026-10-01T08:13:19.202838,2.75,7.86,34.65,4.13,0.3,0,None
2026-10-01T08:23:19.202838,3.88,7.93,34.29,5.8,0.54,0,None
2026-10-01T08:33:19.202838,2.76,8.02,34.31,4.74,0.65,0,None
2026-10-01T08:43:19.202838,3.9,7.89,34.1,4.63,0.52,0,None
2026-10-01T08:53:19.202838,2.74,7.99,34.28,4.94,0.52,0,None
2026-10-01T09:03:19.202838,2.12,7.96,34.77,4.06,0.47,0,None
2026-10-01T09:13:19.202838,2.17,7.81,34.83,4.66,0.85,0,None
2026-10-01T09:23:19.202838,2.97,7.94,34.45,5.68,0.48,0,None
2026-10-01T09:33:19.202838,2.62,8.06,34.97,4.89,0.37,0,None
2026-10-01T09:43:19.202838,3.72,8.07,34.56,4.73,0.29,0,None
2026-10-01T09:53:19.202838,3.35,8.1,34.58,4.42,0.6,0,None
2026-10-01T10:03:19.202838,3.89,7.86,34.03,5.31,0.71,0,None
2026-10-01T10:13:19.202838,3.24,7.93,34.16,5.14,0.15,0,None
2026-10-01T10:23:19.202838,2.22,7.98,34.29,5.12,0.84,0,None
2026-10-01T10:33:19.202838,2.93,8.0,34.35,5.8,0.2,0,None
2026-10-01T10:43:19.202838,3.69,7.06,34.23,2.03,5.6,1,Chemical Leak
2026-10-01T10:53:19.202838,11.29,7.96,34.85,4.63,0.83,1,Thermal Plume
2026-10-01T11:03:19.202838,3.02,7.95,34.18,5.79,0.96,0,None
2026-10-01T11:13:19.202838,3.07,7.93,34.47,5.41,0.26,0,None
2026-10-01T11:23:19.202838,3.88,7.82,34.85,4.49,0.5,0,None
2026-10-01T11:33:19.202838,2.37,8.02,34.05,4.89,0.55,0,None
2026-10-01T11:43:19.202838,2.31,7.96,34.16,4.04,0.9,0,None
2026-10-01T11:53:19.202838,2.92,7.84,34.14,4.68,0.41,0,None
2026-10-01T12:03:19.202838,3.44,7.87,34.5,4.54,0.37,0,None
2026-10-01T12:13:19.202838,3.92,8.06,34.36,5.12,0.59,0,None
2026-10-01T12:23:19.202838,3.16,8.03,34.5,5.74,0.48,0,None
2026-10-01T12:33:19.202838,2.4,8.03,34.1,4.22,0.45,0,None
2026-10-01T12:43:19.202838,3.98,7.99,34.36,5.19,0.43,0,None
2026-10-01T12:53:19.202838,2.73,7.83,34.29,4.52,0.5,0,None
2026-10-01T13:03:19.202838,3.64,7.92,34.48,4.14,0.8,0,None
2026-10-01T13:13:19.202838,3.29,7.89,34.98,5.78,0.79,0,None
2026-10-01T13:23:19.202838,2.98,7.83,34.28,5.88,0.51,0,None
2026-10-01T13:33:19.202838,3.82,8.07,34.97,4.56,0.41,0,None
2026-10-01T13:43:19.202838,2.81,7.9,34.33,5.36,0.29,0,None
2026-10-01T13:53:19.202838,3.1,8.04,34.43,5.48,0.52,0,None
2026-10-01T14:03:19.202838,2.3,8.07,34.91,4.14,1.0,0,None
2026-10-01T14:13:19.202838,3.54,7.98,34.89,4.03,0.95,0,None
2026-10-01T14:23:19.202838,3.64,8.0,34.67,5.48,0.62,0,None
2026-10-01T14:33:19.202838,2.17,7.87,34.3,4.24,0.73,0,None
2026-10-01T14:43:19.202838,3.35,7.81,34.41,4.71,0.19,0,None
2026-10-01T14:53:19.202838,2.34,7.82,34.09,5.64,0.94,0,None
2026-10-01T15:03:19.202838,3.72,7.86,34.93,5.28,0.81,0,None
2026-10-01T15:13:19.202838,3.38,6.95,34.58,2.19,11.33,1,Chemical Leak
2026-10-01T15:23:19.202838,2.71,8.09,34.29,4.39,0.72,0,None
2026-10-01T15:33:19.202838,2.68,8.01,34.41,4.82,0.58,0,None
